Reference;Token number;Document number;Anno di raccolta;annotation.audio_file;annotation.begin;annotation.end;annotation.participant_code;conversation.code;conversation.duration;conversation.topic;doc.full_conversation;doc.full_jefferson;Età;Genere;Luogo di raccolta;Occupazione;Presenza di moderatore;Rapporto tra i partecipanti;Regione di provenienza;Titolo di studio;Numero di partecipanti;Tipo di interazione;Left;KWIC;Right;Non SD;Test 1;Test 2;Colonna3;SD;Cumulo;Presa di turno;Richiesta di accordo/conferma;Manifestazione di accordo;Conferma dell'attenzione;Interruzione;Cessione del turno;Marcatura della conoscenza condivisa;Richiesta di attenzione;Strategie di cortesia;Gestione del topic: introduzione o ripresa di topic;Chiusura di un topic;Prolettico, marca di formulazione: ecco;Riformulazione;Marcatura di citazione/discorso riportato;Esemplificazione;Filler, riempimento dei tempi di formulazione;General extenders e marche di generalizzazione;Marcatura dell'inferenza;Modulazione del grado di confidenza del parlante;Approssimazione;Specificazione;Attenuazione;Intensificazione;Polifunzionalità;dubbi;Commenti
KPS004;#3550;doc#0;;https://search.corpuskiparla.it/corpus/player/player.cgi?code=KPS004&begin=1112577&end=1116759;1112577;1116759;KPS004;;0,084895833;;https://search.corpuskiparla.it/corpus/conversations/KPS004.html;https://search.corpuskiparla.it/corpus/conversations/KPS004_jefferson.html;81-85;F;;pens;;;puglia;dip_tec_prof;3;pasto;il pastore ne mangiava di meno // perchè era molto pesante a digerire // ah okay // sì sì // perchè era senza lievito //;comunque;tu non hai ha~ hai sentito problemi di digestione quando mangi l''orzo? // no no // ma eh in realtà io forse faccio di più il;;;;1;1;;1;;;;;;;;;1;;;;;;;;;;;;;;;;
KPS004;#3875;doc#0;;https://search.corpuskiparla.it/corpus/player/player.cgi?code=KPS004&begin=1188164&end=1188938;1188164;1188938;KPS004;;0,084895833;;https://search.corpuskiparla.it/corpus/conversations/KPS004.html;https://search.corpuskiparla.it/corpus/conversations/KPS004_jefferson.html;81-85;F;;pens;;;puglia;dip_tec_prof;3;pasto;// per la zuppa mischiato al latte // mh // mh cotto // sì caso mai caso mai // eh scusa cappuc~ // cappuccino d''orzo //;comunque;// beh tipo la caro da piccola lo prendeva delle volte quando eravamo in vacanza // per non bere il caffè // ma a me non mi è;;;;1;1;;1;;;;;;;;;;;;;;;;;;;;;;;1;;
KPS004;#5342;doc#0;;https://search.corpuskiparla.it/corpus/player/player.cgi?code=KPS004&begin=1615363&end=1616761;1615363;1616761;KPS004;;0,084895833;;https://search.corpuskiparla.it/corpus/conversations/KPS004.html;https://search.corpuskiparla.it/corpus/conversations/KPS004_jefferson.html;81-85;F;;pens;;;puglia;dip_tec_prof;3;pasto;piccoli? // e quindi // delle scuole medie eh elementa~ no medie eh medie proprio // mh roba delle // settantacinque? //;comunque;c''ho quelle del kenya // sì ma infatti lo zio // non me lo immaginavo // eh allora eh allora e loro poi son andati hanno fatto;;;;1;1;;1;;;;;;;;;1;;;;;;;;;;;;;;0;;tentativo (fallito) di presa di turno
PBB024;#29372;doc#1;;https://search.corpuskiparla.it/corpus/player/player.cgi?code=PBB024&begin=1576493&end=1582026;1576493;1582026;PBB024;;0,025868056;;https://search.corpuskiparla.it/corpus/conversations/PBB024.html;https://search.corpuskiparla.it/corpus/conversations/PBB024_jefferson.html;46-50;F;;uff;;;emilia-romagna;dip_tec_prof;2;intervista semistrutturata;però // quando poi sono andata in @nomeazienda mi son resa conto che ho ho fatto bene a farlo nonostante avessi paura;comunque;perché poi un anno e mezzo // conoscevi tutti sapevi il lavoro eh // e quindi ogni tanto ci vuole un po'' di // eh // coraggio?;1;;;;;;;;;;;;;;;;;;;;;;;;;;;;;1;;
PBB024;#30060;doc#1;;https://search.corpuskiparla.it/corpus/player/player.cgi?code=PBB024&begin=1824296&end=1826952;1824296;1826952;PBB024;;0,025868056;;https://search.corpuskiparla.it/corpus/conversations/PBB024.html;https://search.corpuskiparla.it/corpus/conversations/PBB024_jefferson.html;21-25;F;;stud;;;emilia-romagna;laurea in corso;2;intervista semistrutturata;se ne hai la possibilità // mh // o comunque // sì sì // mh un paio di volte alla settimana sì // okay bene quindi abbastanza;comunque;// sì sì sì sì sì d''inverno diciamo che // facciamo una media un po'' più // bassa perché // quando si è a casa al calduccio che;;;;1;1;;;;;;;;;;;;;;;;;;;1;;;;1;;0;;"""l'ho fatto lo stesso"" - congiunzione, connettivo testuale con valore di ripresa avversativa"
TOA3011;#33451;doc#2;;https://search.corpuskiparla.it/corpus/player/player.cgi?code=TOA3011&begin=476896&end=478113;476896;478113;TOA3011;;0,016597222;;https://search.corpuskiparla.it/corpus/conversations/TOA3011.html;https://search.corpuskiparla.it/corpus/conversations/TOA3011_jefferson.html;21-25;F;;stud;;;piemonte;laurea in corso;4;conversazione libera;// ma perché? // perché comunque in età cioè nel senso // grazie // aspetta no non è vero hai ragione // no vabbè è ug~ // età;comunque;sta c~ // cioè il problema è che non è // scusami età è comunque // non è un morfema unico? // ma non deve avere qualche;  ;    ;   ;1;1;;;;;;;;;;;1;;;;;;;;;;;;;;1;;
TOA3011;#35147;doc#2;;https://search.corpuskiparla.it/corpus/player/player.cgi?code=TOA3011&begin=848449&end=852736;848449;852736;TOA3011;;0,016597222;;https://search.corpuskiparla.it/corpus/conversations/TOA3011.html;https://search.corpuskiparla.it/corpus/conversations/TOA3011_jefferson.html;21-25;F;;stud;;;piemonte;laurea in corso;4;conversazione libera;fine sì // secondo me costa meno che // fare tutto sto bordello della vita // mi sa quindici al giorno aveva chiesto // ma;comunque;non cambia un cazzo perché anche senza cane non esistono i mezzi di trasporto // ma no senza cane ci arrangiamo ma figura~;1;;;;;;;;;;;;;;;;;;;;;;;;;;;;;0;;
TOA3011;#35367;doc#2;;https://search.corpuskiparla.it/corpus/player/player.cgi?code=TOA3011&begin=889393&end=892174;889393;892174;TOA3011;;0,016597222;;https://search.corpuskiparla.it/corpus/conversations/TOA3011.html;https://search.corpuskiparla.it/corpus/conversations/TOA3011_jefferson.html;21-25;F;;stud;;;piemonte;laurea in corso;4;conversazione libera;se non conosci il posto cosa fai // con lo zaino muori // segui le statali? // no no no // in effetti // beh l'' abbiam fatto eh;comunque;in bici // non è bello // ma no lì eravamo nei castelli della loira ma figurte // le piste ciclabili che non esistevano ma;1;;;;;;;;;;;;;;;;;;;;;;;;;;;;;0;;"""ma comunque"" - congiunzione"
TOA3011;#35926;doc#2;;https://search.corpuskiparla.it/corpus/player/player.cgi?code=TOA3011&begin=1017859&end=1019471;1017859;1019471;TOA3011;;0,016597222;;https://search.corpuskiparla.it/corpus/conversations/TOA3011.html;https://search.corpuskiparla.it/corpus/conversations/TOA3011_jefferson.html;21-25;F;;stud;;;lombardia;laurea in corso;4;conversazione libera;cazzo // // // il nostro gruppo whatsapp si chiama kandinsky''s family // grande // bello // veramente? // sì // beh bello;comunque;// e no e comunque sta avendo le mestruazioni e questa cosa mi sta turbando molto // ma perché io in prima persona non ho mai;1;;;;;;;;;;;;;;;;;;;;;;;;;;;;;0;;
TOA3011;#36519;doc#2;;https://search.corpuskiparla.it/corpus/player/player.cgi?code=TOA3011&begin=1147436&end=1151401;1147436;1151401;TOA3011;;0,016597222;;https://search.corpuskiparla.it/corpus/conversations/TOA3011.html;https://search.corpuskiparla.it/corpus/conversations/TOA3011_jefferson.html;21-25;F;;stud;;;piemonte;laurea in corso;4;conversazione libera;// perché co~ cioè l'' importante è trovare qualcuno che sia affidabile e che magari l'' ha già fatto // che ti piace // però;comunque;a quel prezzo lo trovi tranquillamente secondo me // potrei potrei pagare anche alessia // ma alessia è qua? // xxx tanto;1;;;;;;;;;;;;;;;;;;;;;;;;;;;;;0;;
PBA004;#39394;doc#3;;https://search.corpuskiparla.it/corpus/player/player.cgi?code=PBA004&begin=600728&end=604050;600728;604050;PBA004;;0,039756944;;https://search.corpuskiparla.it/corpus/conversations/PBA004.html;https://search.corpuskiparla.it/corpus/conversations/PBA004_jefferson.html;21-25;M;;oper;;;emilia-romagna;dip_tec_prof;4;intervista semistrutturata;sempre via per lavoro // ehm // sono a casa praticamente il fine settimana // a // attualmente andare in~ in affitto // o;comunque;prendermi un appartamento andare in affitto per conto mio // lo vedo più come una questione diciamo // non ti conviene //;1;;;;;;;;;;;;;;;;;;;;;;;;;;;;;0;;"""però comunque"" - congiunzione"
PBA004;#42307;doc#3;;https://search.corpuskiparla.it/corpus/player/player.cgi?code=PBA004&begin=1512970&end=1515040;1512970;1515040;PBA004;;0,039756944;;https://search.corpuskiparla.it/corpus/conversations/PBA004.html;https://search.corpuskiparla.it/corpus/conversations/PBA004_jefferson.html;21-25;F;;comm;;;emilia-romagna;dip_tec_prof;4;intervista semistrutturata;che in~ durante la settimana è peggio // perchè // ah sì // sì perchè // contrario di lui // e sì perchè cioè mhmh // lavoran~;comunque;noi chiudiamo alle due no? // quindi vedi che // ah // le persone che sono fuori a quell''ora son poche però è gente che //;;;;1;1;;;;;;;;;;;1;;;;;;;;;;;;;;0;;"""o comunque"" - congiunzione"
PBA004;#42570;doc#3;;https://search.corpuskiparla.it/corpus/player/player.cgi?code=PBA004&begin=1587270&end=1591840;1587270;1591840;PBA004;;0,039756944;;https://search.corpuskiparla.it/corpus/conversations/PBA004.html;https://search.corpuskiparla.it/corpus/conversations/PBA004_jefferson.html;21-25;F;;stud;;;calabria;laurea in corso;4;intervista semistrutturata;// eh sì // sta sve~ cioè sta sveglia fino a tardi // non so che fauna ci sia qua però // no e in realtà a me piace perchè di là;comunque;c''è vita invece da questa parte // calmissimo // mh // però mh // e sono carini i locali di là diciamo che a volte ci sono //;;;;1;1;;;;;;;;;;;;;;;;;;;;1;;;1;;0;;
PBA004;#44998;doc#3;;https://search.corpuskiparla.it/corpus/player/player.cgi?code=PBA004&begin=2375100&end=2380390;2375100;2380390;PBA004;;0,039756944;;https://search.corpuskiparla.it/corpus/conversations/PBA004.html;https://search.corpuskiparla.it/corpus/conversations/PBA004_jefferson.html;21-25;M;;oper;;;emilia-romagna;dip_tec_prof;4;intervista semistrutturata;frenare forse perchè mentre io scendevo da questa discesa // mi ha attravers~ cioè mi è passato davanti un bimbo o lei;comunque;qualcuno c''era un ostacolo // // e niente io ho dovuto frenare // però i freni della bici // forse era un motivo per cui;1;;;;;;;;;;;;;;;;;;;;;;;;;;;;;1;;"""in ogni caso"" - avverbio"
PBA004;#45214;doc#3;;https://search.corpuskiparla.it/corpus/player/player.cgi?code=PBA004&begin=2435500&end=2440420;2435500;2440420;PBA004;;0,039756944;;https://search.corpuskiparla.it/corpus/conversations/PBA004.html;https://search.corpuskiparla.it/corpus/conversations/PBA004_jefferson.html;21-25;M;;oper;;;emilia-romagna;dip_tec_prof;4;intervista semistrutturata;non mi ricordo se fo~ forse però era il freno della bici // dici // forse era il freno della bici comunque o o il freno o;comunque;il manubrio della bici o una di queste pietre // della bici io mi ricordo che // // me lo sono conficcato // poi è caduto;1;;;;;;;;;;;;;;;;;;;;;;;;;;;;;0;;
BOD2001;#50772;doc#4;;https://search.corpuskiparla.it/corpus/player/player.cgi?code=BOD2001&begin=770496&end=773413;770496;773413;BOD2001;;0,011099537;;https://search.corpuskiparla.it/corpus/conversations/BOD2001.html;https://search.corpuskiparla.it/corpus/conversations/BOD2001_jefferson.html;21-25;F;;stud;;;emilia-romagna;laurea in corso;2;intervista semistrutturata;che veramente vive in quel posto cioè potrebbero intervenire in qualche modo? // mh // s~mh // forse sì nel senso che;comunque;quando // quando ho cercatomh un a~ un alloggio là // eh diciamo chemh l'' università proprio diceva noi non cimh;;;;1;1;1;;;;;;;;;;1;;1;;;;;;;;;;;;0;;
PBB021;#57957;doc#6;;https://search.corpuskiparla.it/corpus/player/player.cgi?code=PBB021&begin=791460&end=799150;791460;799150;PBB021;;0,021678241;;https://search.corpuskiparla.it/corpus/conversations/PBB021.html;https://search.corpuskiparla.it/corpus/conversations/PBB021.html;https://search.corpuskiparla.it/corpus/conversations/PBB021.html;https://search.corpuskiparla.it/corpus/conversations/PBB021.html;https://search.corpuskiparla.it/corpus/conversations/PBB021.html;https://search.corpuskiparla.it/corpus/conversations/PBB021.html;https://search.corpuskiparla.it/corpus/conversations/PBB021.html;https://search.corpuskiparla.it/corpus/conversations/PBB021.html;https://search.corpuskiparla.it/corpus/conversations/PBB021.html;https://search.corpuskiparla.it/corpus/conversations/PBB021.html;https://search.corpuskiparla.it/corpus/conversations/PBB021.html;https://search.corpuskiparla.it/corpus/conversations/PBB021.html;// frequenti che magari ci sono parecchie amicizie o che comunque conosci bene // allora // fr~ il pratello lo frequento;comunque;con qualche amico principalmente d''estate primavera così che andiamo // ah okay quindi okay va bene // e andiamo ogni;;;;;;;;;;;;;;;;;;;;;;;;;;;;;;1;;
PBB021;#60619;doc#6;;https://search.corpuskiparla.it/corpus/player/player.cgi?code=PBB021&begin=1733630&end=1735740;1733630;1735740;PBB021;;0,021678241;;https://search.corpuskiparla.it/corpus/conversations/PBB021.html;https://search.corpuskiparla.it/corpus/conversations/PBB021_jefferson.html;36-40;M;;uff;;;emilia-romagna;med;3;intervista semistrutturata;così // no non io n~ io credo di non averne mai conosciute di persone che studiano una determinata di~ // studiano boxe o;comunque;praticano boxe // per poi andare a fare i cretinetti fuori ecco per capirci // cioé non non ho memoria di questa roba qua //;1;;;;;;;;;;;;;;;;;;;;;;;;;;;;;0;;ERR
PBC010;#62981;doc#7;;https://search.corpuskiparla.it/corpus/player/player.cgi?code=PBC010&begin=741800&end=748700;741800;748700;PBC010;;0,031319444;;https://search.corpuskiparla.it/corpus/conversations/PBC010.html;https://search.corpuskiparla.it/corpus/conversations/PBC010_jefferson.html;21-25;F;;stud;;;emilia-romagna;laurea in corso;2;intervista semistrutturata;mi sono chiesta appunto eh io non conoscevo questi luoghi e neanche la maggior parte dei ragazzi ma // dato che sono;comunque;un po'' di anni anche se questo progetto è più recente però in generale che vi occupate di // sì // mantenere viva la memoria;;;;1;1;;;;;;;;;;;;;;;;;;;;;1;;;;0;;
PBC010;#67228;doc#7;;https://search.corpuskiparla.it/corpus/player/player.cgi?code=PBC010&begin=2311320&end=2314920;2311320;2314920;PBC010;;0,031319444;;https://search.corpuskiparla.it/corpus/conversations/PBC010.html;https://search.corpuskiparla.it/corpus/conversations/PBC010_jefferson.html;21-25;F;;stud;;;emilia-romagna;laurea in corso;2;intervista semistrutturata;// // è~ è anche bene che ciascuno segua qualcosa e faccia girare gli altri // xxxx // sì sì sì no certo certo // e quindi son;comunque;sono tutti finanziati dal comune questi progettti // eh // xx // allora in parte s~ dal quartiere porto saragozza // mh //;;;;1;1;;;;;;;;;;;1;;;;;;;;;1;;;;;0;;
PBC010;#67931;doc#7;;https://search.corpuskiparla.it/corpus/player/player.cgi?code=PBC010&begin=2554070&end=2556894;2554070;2556894;PBC010;;0,031319444;;https://search.corpuskiparla.it/corpus/conversations/PBC010.html;https://search.corpuskiparla.it/corpus/conversations/PBC010_jefferson.html;21-25;F;;stud;;;emilia-romagna;laurea in corso;2;intervista semistrutturata;pezzo manualmente // sì // eh abbiam visto insomma che i ragazzi son stati molto affascinati da questa cosa // quindi sì;comunque;appunto da quello che ho capito in generale // che sia il pro~ questo proge~ cioè questi progetti sulla memoria che altri;;;;1;1;1;;;;;;;;;;1;;;;;;;;;;;;;;1;;
KPC002;#82530;doc#11;;https://search.corpuskiparla.it/corpus/player/player.cgi?code=KPC002&begin=1044457&end=1049295;1044457;1049295;KPC002;;0,034479167;;https://search.corpuskiparla.it/corpus/conversations/KPC002.html;https://search.corpuskiparla.it/corpus/conversations/KPC002_jefferson.html;51-55;M;;intell;;;toscana;phd;3;pasto;nuo~ // io ero quel giorno ero a scuola io quel giorno ero a scuola tutta la mattina ero // // esatto no ma a maggior ragione;comunque;sì si manda la foto delle due nuore // si manda le due // se poi son state loro io no io son maschio e lì c''è la foto d''una donna;;;;1;1;;;;;;;;;;;1;;;;;;;;;;;;;;0;;
KPC002;#83059;doc#11;;https://search.corpuskiparla.it/corpus/player/player.cgi?code=KPC002&begin=1173552&end=1175153;1173552;1175153;KPC002;;0,034479167;;https://search.corpuskiparla.it/corpus/conversations/KPC002.html;https://search.corpuskiparla.it/corpus/conversations/KPC002_jefferson.html;21-25;M;;stud;;;toscana;laurea in corso;3;pasto;no // ma scusa una cesta per buttare la b~ la biancheria la metterai nel bagnetto // dai fra la cesta in camera eh // va bene;comunque;i~ // bagnetto // ma scusate ma c''è dieci metri eh // c''ha bisogno d''avere lì la cesta per i panni sporchi in camera? io non;;;;1;1;1;1;;;;;;;;;1;;;;;;;;;;;;;;0;;
BOD2005;#107504;doc#13;;https://search.corpuskiparla.it/corpus/player/player.cgi?code=BOD2005&begin=835602&end=838000;835602;838000;BOD2005;;0,023009259;;https://search.corpuskiparla.it/corpus/conversations/BOD2005.html;https://search.corpuskiparla.it/corpus/conversations/BOD2005_jefferson.html;21-25;F;;stud;;;basilicata;laurea in corso;3;intervista semistrutturata;però boh un po'' // insipidi non so come cioè // ma da dove venivano erano di palermo? // tutti // sì pa~ erano siciliani;comunque;// palermo e dintorni // eh se non palermo dintorni che poi ti sposti // esatto // quindi capito cioè noi xxx da dove vieni;1;;;;;;;;;;;;;;;;;;;;;;;;;;;;;1;;
KPN009;#130643;doc#17;;https://search.corpuskiparla.it/corpus/player/player.cgi?code=KPN009&begin=941012&end=943653;941012;943653;KPN009;;0,026527778;;https://search.corpuskiparla.it/corpus/conversations/KPN009.html;https://search.corpuskiparla.it/corpus/conversations/KPN009_jefferson.html;16-20;M;;stud;;;sicilia;laurea in corso;4;pasto;i baccelli dici // xx // non proprio mh s ni ni s sì le assomigliano però mh quelle fave sono più acide // cioè più // fava // //;comunque;il pokè con il riso venere è il più buono vero? // sì // ma in realtà io sono per il riso sushi // perchè è come mangiare un;;;;1;1;;1;;;;;;;;;1;;;;;;;;;;;;;;0;;
PBA021;#137720;doc#18;;https://search.corpuskiparla.it/corpus/player/player.cgi?code=PBA021&begin=1175915&end=1178075;1175915;1178075;PBA021;;0,031608796;;https://search.corpuskiparla.it/corpus/conversations/PBA021.html;https://search.corpuskiparla.it/corpus/conversations/PBA021_jefferson.html;21-25;F;;stud;;;emilia-romagna;laurea in corso;2;intervista semistrutturata;// non dico tanto bologna centro perchè magari // ci son tanti fuorisede è diverso no? parlare del centro // è vuoto;comunque;d''estate il centro di bologna // però tutti i provinciali come me // vanno al mare // o per lo meno la maggior parte // e;1;;;;;;;;;;;;;;;;;;;;;;;;;;;;;1;;
PBA021;#140040;doc#18;;https://search.corpuskiparla.it/corpus/player/player.cgi?code=PBA021&begin=1949195&end=1952250;1949195;1952250;PBA021;;0,031608796;;https://search.corpuskiparla.it/corpus/conversations/PBA021.html;https://search.corpuskiparla.it/corpus/conversations/PBA021_jefferson.html;21-25;F;;stud;;;emilia-romagna;laurea in corso;2;intervista semistrutturata;il mercato immobiliare qui a bologna? // eh // è caro // nel senso che vabbè in provincia non tanto // nel senso che noi;comunque;la nostra casa // quando ci siam trasferiti adesso parlo di trasferirsi perchè // ci siam trasferiti da poco da una casa;;;;1;1;;;;;;;;;;;1;;;;;;;;;;;;;;0;;
PBA021;#140817;doc#18;;https://search.corpuskiparla.it/corpus/player/player.cgi?code=PBA021&begin=2215161&end=2218003;2215161;2218003;PBA021;;0,031608796;;https://search.corpuskiparla.it/corpus/conversations/PBA021.html;https://search.corpuskiparla.it/corpus/conversations/PBA021_jefferson.html;21-25;F;;stud;;;emilia-romagna;laurea in corso;2;intervista semistrutturata;difficile organizzarsi poi c''è da dire che più si cresce più // le persone con cui sei legata hanno altre ambizioni //;comunque;siam messi tutti nella stessa situazione alla fine // io non sono una persona troppo festaiola nel senso che a me piace;;;;1;1;;;;;;;;;;;1;;;;;;;;1;;;;;;0;;
KPS015;#142633;doc#19;;https://search.corpuskiparla.it/corpus/player/player.cgi?code=KPS015&begin=78756&end=79935;78756;79935;KPS015;;0,027789352;;https://search.corpuskiparla.it/corpus/conversations/KPS015.html;https://search.corpuskiparla.it/corpus/conversations/KPS015_jefferson.html;76-80;F;;pens;;;campania;laurea;3;pasto;sì però loro sono specializzati nella mortadella // eh eh eh // quindi non posso andarci perchè non mi piace // eh eh // sì;comunque;// // mhmh prendo i // fazzoletti // vai mettilo a tavola // mettilo a tavola quello là // metto a tavola? // xx // xx //;;;;1;1;1;;;;;;;;;;;;;;;;1;;;;;;;;1;;
KPS015;#146633;doc#19;;https://search.corpuskiparla.it/corpus/player/player.cgi?code=KPS015&begin=1114397&end=1116196;1114397;1116196;KPS015;;0,027789352;;https://search.corpuskiparla.it/corpus/conversations/KPS015.html;https://search.corpuskiparla.it/corpus/conversations/KPS015_jefferson.html;21-25;F;;stud;;;sardegna;laurea in corso;3;pasto;deve attraversare eh // è vicinissimo // però però la strada di~ è è molto g~ ampia // eh eh sì // infatti cioè è lunghissima;comunque;// cioè per ar~ lui comunque // è molto vicino // nel senso che // è in centro praticamente no? // ah // ah ah ah // però ci;;;;1;1;;;;;;;;;;;;;;1;;;;;;;;;;;0;;Funzione fatica
KPS015;#146965;doc#19;;https://search.corpuskiparla.it/corpus/player/player.cgi?code=KPS015&begin=1200078&end=1201958;1200078;1201958;KPS015;;0,027789352;;https://search.corpuskiparla.it/corpus/conversations/KPS015.html;https://search.corpuskiparla.it/corpus/conversations/KPS015_jefferson.html;21-25;F;;stud;;;sardegna;laurea in corso;3;pasto;abbiamo preso il monopattino per andare in centro no? // e mi ha detto // stavamo per entrare in una // in una stradina;comunque;con la discesina // e quindi matteo mi ha detto // no qua fai piano vai più piano perchè potresti cadere // oh // e io anzichè;;;;1;1;;;;;;;;;;;;;;1;;;;;;1;;;;;0;;
KPS015;#150451;doc#19;;https://search.corpuskiparla.it/corpus/player/player.cgi?code=KPS015&begin=2065220&end=2068175;2065220;2068175;KPS015;;0,027789352;;https://search.corpuskiparla.it/corpus/conversations/KPS015.html;https://search.corpuskiparla.it/corpus/conversations/KPS015_jefferson.html;21-25;F;;stud;;;sardegna;laurea in corso;3;pasto;questi capelli // vabbè // eh // però in realtà mi sto trovando molto me~ cioè // okay tutto il tempo che ci vuole però;comunque;mi mh // però ti trovi bene // mi fa aspetta che prendo io nonno // però mi fa piacere perchè alla fine ho i capelli più // no no;1;;;;;;;;;;;;;;;;;;;;;;;;;;;;;1;;
BOC1004;#152123;doc#20;;https://search.corpuskiparla.it/corpus/player/player.cgi?code=BOC1004&begin=159380&end=164244;159380;164244;BOC1004;;0,013923611;;https://search.corpuskiparla.it/corpus/conversations/BOC1004.html;https://search.corpuskiparla.it/corpus/conversations/BOC1004_jefferson.html;21-25;M;;stud;;;emilia-romagna;laurea in corso;2;esame;fosse ottocento si intitolasse ottocento letterario italiano // okay // vorrebbe dire che // no può fare può essere;comunque;un libro edito nel novecento che fa riferimento // ah ecco quindi non è che abbia a che fare con il titolo? // sì no no esatto;1;1;;;;;;;;;;;;;;;;;;;;;;;;;;;;0;;
BOA1001;#160552;doc#21;;https://search.corpuskiparla.it/corpus/player/player.cgi?code=BOA1001&begin=2037555&end=2040938;2037555;2040938;BOA1001;;0,025925926;;https://search.corpuskiparla.it/corpus/conversations/BOA1001.html;https://search.corpuskiparla.it/corpus/conversations/BOA1001_jefferson.html;21-25;F;;stud;;;campania;laurea in corso;2;ricevimento studenti;le miglioriamo // più avanti però // abbiamo bisogno anche di di // vedere meglio // sì più distribuiti per ambiti e;comunque;più // quali sarà l'' articolazione del tema // mh // organizzate e questo in riferimento // mh // alle // risposte su // eh;;;;1;1;;;;;;;;;;;;;;1;;;;;;;;;;;0;;
PTA018;#164518;doc#22;;https://search.corpuskiparla.it/corpus/player/player.cgi?code=PTA018&begin=1195370&end=1197760;1195370;1197760;PTA018;;0,039895833;;https://search.corpuskiparla.it/corpus/conversations/PTA018.html;https://search.corpuskiparla.it/corpus/conversations/PTA018_jefferson.html;26-30;M;;artig;;;piemonte;dip_lic;2;intervista semistrutturata;siete? avete finito? // // voi mentite eh // eh sì ogni tanto sì // // ma invece altre cose? // altre cose // alcune hanno //;comunque;sempre una valenza leggermente // non so come spiegare // un po'' // erotica // ma perché? // finisci sempre in queste;1;;;;;;;;;;;;;;;;;;;;;;;;;;;;;0;;
PTA018;#165468;doc#22;;https://search.corpuskiparla.it/corpus/player/player.cgi?code=PTA018&begin=1532703&end=1535282;1532703;1535282;PTA018;;0,039895833;;https://search.corpuskiparla.it/corpus/conversations/PTA018.html;https://search.corpuskiparla.it/corpus/conversations/PTA018_jefferson.html;26-30;M;;artig;;;piemonte;dip_lic;2;intervista semistrutturata;bisogna un attimo motivarlo // e quando si motivaha delle reazioni nervose // spesso riesce poi bene // quando perché;comunque;le braccia ce le ha // // i muscoli ce li ha solo che ogni tanto non // non ha la motivazio~ // non li colle~ non collega la;1;;;;;;;;;;;;;;;;;;;;;;;;;;;;;0;;
PBA003;#171383;doc#23;;https://search.corpuskiparla.it/corpus/player/player.cgi?code=PBA003&begin=221407&end=226967;221407;226967;PBA003;;0,036990741;;https://search.corpuskiparla.it/corpus/conversations/PBA003.html;https://search.corpuskiparla.it/corpus/conversations/PBA003_jefferson.html;26-30;F;;intell;;;lazio;laurea;2;intervista semistrutturata;un po'' traumatico // // però poi ci sono ritornata più volte e anche in tutta tranquillità ehm // è un bel posto perchè;comunque;mi piace camminare quindi mi faccio una bella passeggiata // ehm // sì // poi mi rilasso quando arrivo // eh in che area;1;;;;;;;;;;;;;;;;;;;;;;;;;;;;;0;;"""perché comunque"" - connettivo testuale "
PBA003;#172993;doc#23;;https://search.corpuskiparla.it/corpus/player/player.cgi?code=PBA003&begin=1034021&end=1036190;1034021;1036190;PBA003;;0,036990741;;https://search.corpuskiparla.it/corpus/conversations/PBA003.html;https://search.corpuskiparla.it/corpus/conversations/PBA003_jefferson.html;26-30;F;;intell;;;lazio;laurea;2;intervista semistrutturata;anche la città un po'' più mia vorrei iniziare boh un''attività sportiva un qualcosa che // mi leghi un po'' di più qui o che;comunque;ecco // mi dia qualcos''altro oltre a una casa e il lavoro praticamente // // mhmh // e quindi sì diciamo che // dal;1;;;;;;;;;;;;;;;;;;;;;;;;;;;;;0;;
PBA003;#174824;doc#23;;https://search.corpuskiparla.it/corpus/player/player.cgi?code=PBA003&begin=1797584&end=1804226;1797584;1804226;PBA003;;0,036990741;;https://search.corpuskiparla.it/corpus/conversations/PBA003.html;https://search.corpuskiparla.it/corpus/conversations/PBA003_jefferson.html;26-30;F;;intell;;;lazio;laurea;2;intervista semistrutturata;mi dovevo svegliare presto // quando ho iniziato il tirocinio non avevo proprio la necessità di svegliarmi presto ma;comunque;// cioè mi andava di svegliarmi presto // non facevo così tanta fatica in realtà // ehm ma adesso // sarà che un po'' mi sono;1;;;;;;;;;;;;;;;;;;;;;;;;;;;;;0;;
PBA003;#175484;doc#23;;https://search.corpuskiparla.it/corpus/player/player.cgi?code=PBA003&begin=2112892&end=2115871;2112892;2115871;PBA003;;0,036990741;;https://search.corpuskiparla.it/corpus/conversations/PBA003.html;https://search.corpuskiparla.it/corpus/conversations/PBA003_jefferson.html;26-30;F;;intell;;;lazio;laurea;2;intervista semistrutturata;// cioè riteneva che ehm avendo un qualcosa che si possa // diciamo iniziare e finire anche nel breve tempo // fosse;comunque;// come dire? più mh // non mi viene il termine // più // soddisfacente // no // sì // appagante // più appagante // perchè;;;;1;1;;;;;;;;;;;;;;;;;1;;;;;;;;0;;Funzione fativa
TOC1003;#179102;doc#24;;https://search.corpuskiparla.it/corpus/player/player.cgi?code=TOC1003&begin=370066&end=384352;370066;384352;TOC1003;;0,012349537;;https://search.corpuskiparla.it/corpus/conversations/TOC1003.html;https://search.corpuskiparla.it/corpus/conversations/TOC1003_jefferson.html;56-60;M;;intell;;;piemonte;phd;2;esame;chilo di di pane o un etto di prosciutto è evidente che sarà impegnato lui solo e non potrà essere coinvolta la sua azienda;comunque;va bene insomma // questa parte finale alcuni la sanno e alcuni alcuni noneh non la sanno // ehmh vediamo una cosa in tema;1;;;;;;;;;;;;;;;;;;;;;;;;;;;;;0;;
BOD2007;#191255;doc#26;;https://search.corpuskiparla.it/corpus/player/player.cgi?code=BOD2007&begin=709758&end=713168;709758;713168;BOD2007;;0,019583333;;https://search.corpuskiparla.it/corpus/conversations/BOD2007.html;https://search.corpuskiparla.it/corpus/conversations/BOD2007_jefferson.html;21-25;M;;stud;;;emilia-romagna;laurea in corso;2;intervista semistrutturata;c'' è ho una stanza mia poi volendo vado su in mansarda quindi // e mi piacerebbe abitare in una casa larga cioè spaziosa;comunque;// sì // eh quindi boh se fosse in centro non c''è magari ci sono case // spaziose anche in centro però // è più raro? // cioè;;;;1;1;1;;;;;;;;;;;;;1;;;;;;;;;;;0;;
BOD2007;#194459;doc#26;;https://search.corpuskiparla.it/corpus/player/player.cgi?code=BOD2007&begin=1665625&end=1668651;1665625;1668651;BOD2007;;0,019583333;;https://search.corpuskiparla.it/corpus/conversations/BOD2007.html;https://search.corpuskiparla.it/corpus/conversations/BOD2007_jefferson.html;21-25;M;;stud;;;emilia-romagna;laurea in corso;2;intervista semistrutturata;trovi bene a girare // sì ci si trova molto bene comunque // non hai lo stress delle grandi città e // comunque c'' è tutto //;comunque;sì hai c'' è tutto abbastanza servizi // cioè tutto tutto no perché culturalmente siamo un po'' carenti però // // beh tra un;1;1;;;;;;;;;;;;;;;;;;;;;;;;;;;;0;;
PBC023;#196919;doc#27;;https://search.corpuskiparla.it/corpus/player/player.cgi?code=PBC023&begin=1007230&end=1011469;1007230;1011469;PBC023;;0,035706019;;https://search.corpuskiparla.it/corpus/conversations/PBC023.html;https://search.corpuskiparla.it/corpus/conversations/PBC023_jefferson.html;66-70;F;;pens;;;emilia-romagna;med;2;intervista semistrutturata;i giovedì ci vengono a trovare ci vengono a salutare anche se non vengono ad acquistare però ci vengono a salutare // eh;comunque;riusciamo specialmente i mesi estivi che c''è più // più gente più persone anche su a monghidoro a fare dei buoni incassi;;;;1;1;1;;;;;;;;;;1;;;;;;;;;;;;;;0;;
KPS006;#227674;doc#31;;https://search.corpuskiparla.it/corpus/player/player.cgi?code=KPS006&begin=197653&end=199286;197653;199286;KPS006;;0,02375;;https://search.corpuskiparla.it/corpus/conversations/KPS006.html;https://search.corpuskiparla.it/corpus/conversations/KPS006_jefferson.html;51-55;F;;intell;;;puglia;dip_tec_prof;5;pasto;mettere // allora // anche se // xx // voglio dire // si fosse sposata // uno dice vabbè non va via di casa di nascosto però //;comunque;sarebbe andata via // è grande // non è che // eh // sarebbe stata una cosa // comunque // che sarebbe successa // xxx //;1;;;;;;;;;;;;;;;;;;;;;;;;;;;;;0;;
KPS006;#231358;doc#31;;https://search.corpuskiparla.it/corpus/player/player.cgi?code=KPS006&begin=1619532&end=1621798;1619532;1621798;KPS006;;0,02375;;https://search.corpuskiparla.it/corpus/conversations/KPS006.html;https://search.corpuskiparla.it/corpus/conversations/KPS006_jefferson.html;81-85;F;;intell;;;basilicata;laurea;5;pasto;buono // sì // la corteccia // quando mando a prendere quel formaggio xx le cortecce // nei posti che per il cane // che;comunque;un cane ce l''ha il marito // ah // mh // in casa // sì // eh // sì // addirittura glielo fa mangiare // lui così // dev''essere il;;;;1;1;;;;;;;;;;;1;;;;;;;;;;;;;;0;;
BOD2016;#233866;doc#32;;https://search.corpuskiparla.it/corpus/player/player.cgi?code=BOD2016&begin=528843&end=533056;528843;533056;BOD2016;;0,006851852;;https://search.corpuskiparla.it/corpus/conversations/BOD2016.html;https://search.corpuskiparla.it/corpus/conversations/BOD2016_jefferson.html;21-25;F;;stud;;;umbria;laurea in corso;2;intervista semistrutturata;si vede il mare // la tua casa ideale insomma un po'' // sì // riprende un po'' // l'' idea // l'' idea sì // ehm avete sempre;comunque;quattro cioè tre stanze nel senso // sì tre stanze~ tre stanze da letto più un una mansardina per gli ospiti // mh mh //;;;;1;1;;;;;;;;;;;1;;;;;;;;;1;;;;;0;;
PTB026;#243120;doc#34;;https://search.corpuskiparla.it/corpus/player/player.cgi?code=PTB026&begin=2235510&end=2236903;2235510;2236903;PTB026;;0,047141204;;https://search.corpuskiparla.it/corpus/conversations/PTB026.html;https://search.corpuskiparla.it/corpus/conversations/PTB026_jefferson.html;26-30;M;;intell;;;piemonte;phd;3;intervista semistrutturata;per piasi? // eh // sa insomma per chiudere // dimmi pure // a collegno si vive bene o si vive male? // bene // bene? // beh;comunque;vi trovate bene // no no per quello sì // di collegno abbiam parlato poco // comunque abbiamo sto parco che é favoloso // eh;;;;1;1;1;1;;;;;;;;;1;;;;;;;;;;;;;;1;;
PBB001;#264968;doc#36;;https://search.corpuskiparla.it/corpus/player/player.cgi?code=PBB001&begin=720900&end=724000;720900;724000;PBB001;;0,036527778;;https://search.corpuskiparla.it/corpus/conversations/PBB001.html;https://search.corpuskiparla.it/corpus/conversations/PBB001_jefferson.html;51-55;F;;comm;;;estero;dip_lic;2;intervista semistrutturata;figli per cui // non ho se~ conseguito // la strada della mia laurea // ci ho provato // è abbastanza // difficile perchè;comunque;devi // avere un obiettivo bello fisso e // poi alla fine ho fatto delle altre scelte dopo quando ho ricominciato // ho;1;;;;;;;;;;;;;;;;;;;;;;;;;;;;;1;;
PBB001;#265193;doc#36;;https://search.corpuskiparla.it/corpus/player/player.cgi?code=PBB001&begin=808311&end=809300;808311;809300;PBB001;;0,036527778;;https://search.corpuskiparla.it/corpus/conversations/PBB001.html;https://search.corpuskiparla.it/corpus/conversations/PBB001_jefferson.html;21-25;F;;stud;;;emilia-romagna;laurea in corso;2;intervista semistrutturata;di essere piccola // eh ti aiuta // sì // sì sì // ehm ehm // e invece sì tornando al discorso tempo libero // ehm // adesso;comunque;// mh quando // magari esci anche cioè in famiglia così quali sono // i posti // bah al~ // che f~ // adesso in famiglia se fai;;;;1;1;1;;;;;;;;;;;;;;;;1;;;;;;;;0;;
PBB001;#265240;doc#36;;https://search.corpuskiparla.it/corpus/player/player.cgi?code=PBB001&begin=825947&end=829640;825947;829640;PBB001;;0,036527778;;https://search.corpuskiparla.it/corpus/conversations/PBB001.html;https://search.corpuskiparla.it/corpus/conversations/PBB001_jefferson.html;51-55;F;;comm;;;estero;dip_lic;2;intervista semistrutturata;// che f~ // adesso in famiglia se fai la passeggiata che può essere il parco di vicino casa come i giardini // mh // e sono;comunque;raggiungibilissimi vai a fare la passeggiata in centro // e // per esempio io faccio anche attività sportiva e ci vado a;1;;;;;;;;;;;;;;;;;;;;;;;;;;;;;0;;
PBB001;#265684;doc#36;;https://search.corpuskiparla.it/corpus/player/player.cgi?code=PBB001&begin=979966&end=986488;979966;986488;PBB001;;0,036527778;;https://search.corpuskiparla.it/corpus/conversations/PBB001.html;https://search.corpuskiparla.it/corpus/conversations/PBB001_jefferson.html;51-55;F;;comm;;;estero;dip_lic;2;intervista semistrutturata;nel senso // di tipologie di persone // mh // mentre prima // mh // c''eravamo noi che venivamo da dall''italia ma sempre;comunque;italiani adesso invece c''è più gente straniera // ed è una cosa che com~ ho notato di più negli ultimi anni // perchè mh;1;;;;;;;;;;;;;;;;;;;;;;;;;;;;;0;;
PBB001;#266126;doc#36;;https://search.corpuskiparla.it/corpus/player/player.cgi?code=PBB001&begin=1135694&end=1137883;1135694;1137883;PBB001;;0,036527778;;https://search.corpuskiparla.it/corpus/conversations/PBB001.html;https://search.corpuskiparla.it/corpus/conversations/PBB001_jefferson.html;21-25;F;;stud;;;emilia-romagna;laurea in corso;2;intervista semistrutturata;dei figli sia dell''uno che dell''altro eh il gruppo di amicizia si è si è spostato // okay // okay // mhmh // e quindi;comunque;tutta gente // bene o male della // del quartiere o // sì più o meno sì // tutta gente più o meno del quartiere // mh // okay //;;;;1;1;1;;;;;;;;;;1;;;;;;;;;;;;;;0;;
PBB001;#267073;doc#36;;https://search.corpuskiparla.it/corpus/player/player.cgi?code=PBB001&begin=1457622&end=1459672;1457622;1459672;PBB001;;0,036527778;;https://search.corpuskiparla.it/corpus/conversations/PBB001.html;https://search.corpuskiparla.it/corpus/conversations/PBB001_jefferson.html;21-25;F;;stud;;;emilia-romagna;laurea in corso;2;intervista semistrutturata;// mh non lo so i gli strumenti per valutare diciamo però secondo te // questa rivalità // che c''è tra virtus e fortitudo;comunque;// cioè è una cosa // buona cioè che non sfocia se secondo te f~ // a volte // sono // effettivamente pericolose tipo queste;;;;1;1;1;;;;;;;;;;;;;;;;1;;;;;;1;;0;;
PBB001;#267189;doc#36;;https://search.corpuskiparla.it/corpus/player/player.cgi?code=PBB001&begin=1495911&end=1499200;1495911;1499200;PBB001;;0,036527778;;https://search.corpuskiparla.it/corpus/conversations/PBB001.html;https://search.corpuskiparla.it/corpus/conversations/PBB001_jefferson.html;21-25;F;;stud;;;emilia-romagna;laurea in corso;2;intervista semistrutturata;x sì // sì // solo così competizione // x sì // sì infatti // xx // okay // e pensi che sia una cosa buona per la città di bologna;comunque;avere // x sì // cioè // una // sì sì // e // quindi tu sei stata al paladozza // hai vissuto ma anche lo stadio // anche se non;;;;1;1;;;;;;;;;;;;;;;;;;;;1;;;;;0;;
TOA3012;#272691;doc#37;;https://search.corpuskiparla.it/corpus/player/player.cgi?code=TOA3012&begin=300458&end=303069;300458;303069;TOA3012;;0,751388889;;https://search.corpuskiparla.it/corpus/conversations/TOA3012.html;https://search.corpuskiparla.it/corpus/conversations/TOA3012_jefferson.html;21-25;F;;stud;;;umbria;laurea in corso;4;conversazione libera;xxx // scusa // non dire queste parole // scusa la data è oggi la data? // no è domani la data // di day // il di day // sto male //;comunque;se vede che è fusa eh xxx // è nata storta poverella // chi? // io // ti sembro fusa? // sì // // eheh vedi? // come aldo proprio;;;;1;1;;;;;;;;;;;1;;;;;;;;;;;;;;0;;
PBB004;#277323;doc#38;;https://search.corpuskiparla.it/corpus/player/player.cgi?code=PBB004&begin=402580&end=404380;402580;404380;PBB004;;0,024930556;;https://search.corpuskiparla.it/corpus/conversations/PBB004.html;https://search.corpuskiparla.it/corpus/conversations/PBB004_jefferson.html;21-25;M;;stud;;;marche;laurea in corso;3;intervista semistrutturata;// io prima abitavo a pianoro ma ero sempre a bologna comunque cioè // mh // e // rispetto cioè quindi prima a pianoro //;comunque;immagino sia un piccolo comune // beh insomma piccolo neanche tanto insomma // è un bel comune // abbastanza grandino;;;;1;1;;;;;;;;;;;1;;;;;;;;;1;;;;;0;;
PBB004;#279393;doc#38;;https://search.corpuskiparla.it/corpus/player/player.cgi?code=PBB004&begin=1048370&end=1052545;1048370;1052545;PBB004;;0,024930556;;https://search.corpuskiparla.it/corpus/conversations/PBB004.html;https://search.corpuskiparla.it/corpus/conversations/PBB004_jefferson.html;56-60;M;;oper;;;emilia-romagna;dip_tec_prof;3;intervista semistrutturata;i portici sono dappertutto // sì // e quando vi capita di andare in altre città // che effetto fa non vederli // beh è;comunque;in emilia romagna tutte le città hanno dei portici nei centri storici eh // non come bologna ma tutte le città li hanno //;;;;1;1;1;;;;;;;;;;1;;;;;;;;;;;;;;1;;
PBB004;#279962;doc#38;;https://search.corpuskiparla.it/corpus/player/player.cgi?code=PBB004&begin=1237183&end=1240449;1237183;1240449;PBB004;;0,024930556;;https://search.corpuskiparla.it/corpus/conversations/PBB004.html;https://search.corpuskiparla.it/corpus/conversations/PBB004_jefferson.html;56-60;M;;oper;;;emilia-romagna;dip_tec_prof;3;intervista semistrutturata;// per l''agricoltura per la potatura dell''agricoltura // mhmh // mh // è già da un po'' di tempo che faccio questo lavoro //;comunque;sì monto monto macchine agricole per eh // per la raccolta delle olive per la potatura degli alberi quelle cose lì //;;;;1;1;;;;;;;;;;;1;;;;;;;;;;;;;;0;;
KPS021;#283593;doc#39;;https://search.corpuskiparla.it/corpus/player/player.cgi?code=KPS021&begin=251286&end=252797;251286;252797;KPS021;;0,037731481;;https://search.corpuskiparla.it/corpus/conversations/KPS021.html;https://search.corpuskiparla.it/corpus/conversations/KPS021_jefferson.html;26-30;M;;stud;;;campania;laurea in corso;3;pasto;// no perché in realtà se non è stato fatto per questo il pane // mh // quindi mi sembrava inutile renderlo bruschetta //;comunque;sono buone le zucchi~ // eh sono buone // io non le ho fatte così buone l''altra volta // olè // sanno di zucchine;;;;1;1;;1;;;;;;;;;1;;;;;;;;;;;;;;0;;
KPS021;#284412;doc#39;;https://search.corpuskiparla.it/corpus/player/player.cgi?code=KPS021&begin=523928&end=526195;523928;526195;KPS021;;0,037731481;;https://search.corpuskiparla.it/corpus/conversations/KPS021.html;https://search.corpuskiparla.it/corpus/conversations/KPS021_jefferson.html;26-30;M;;disocc;;;campania;laurea;3;pasto;secondo me lei lo sorpassa questo limite mia mamma usa olio // xxx // e in più di quanto io lo uso di quando cucino io però //;comunque;sempre con oculatezza cioè non // matteo ma tu devi pensare anche che // non esagera // amo comunque ste cose sono orrende;1;;;;;;;;;;;;;;;;;;;;;;;;;;;;;1;;
KPS021;#288770;doc#39;;https://search.corpuskiparla.it/corpus/player/player.cgi?code=KPS021&begin=1851017&end=1854760;1851017;1854760;KPS021;;0,037731481;;https://search.corpuskiparla.it/corpus/conversations/KPS021.html;https://search.corpuskiparla.it/corpus/conversations/KPS021_jefferson.html;26-30;M;;disocc;;;campania;laurea;3;pasto;// ma lei le sapeva a memoria non ho capito perché // ma erano belle? // eh perché le ha scritte lei se le ricorda s~ sono;comunque;// eh vabbè xxx // hanno un significato quindi // esatto // è difficile che te le dimenti~ // tipo quella del tramonto che;;;;1;1;;;;;;;;;;;;;;;;;1;;;;;;;;0;;
KPS021;#290499;doc#39;;https://search.corpuskiparla.it/corpus/player/player.cgi?code=KPS021&begin=2348069&end=2352154;2348069;2352154;KPS021;;0,037731481;;https://search.corpuskiparla.it/corpus/conversations/KPS021.html;https://search.corpuskiparla.it/corpus/conversations/KPS021_jefferson.html;26-30;M;;stud;;;campania;laurea in corso;3;pasto;stile margaret atwood che amo // beh non lo farò mai probabilmente però oggi l''ho pensato // beh sarebbe interessante;comunque;registrare tutta la storia // il problema è farla parlare perché vedi oggi l''ha fatto però poi è sempre un po'' // restia //;;;;1;1;;;;;;;;;;;1;;;;;;;;;;;;;;0;;
KPS021;#291956;doc#39;;https://search.corpuskiparla.it/corpus/player/player.cgi?code=KPS021&begin=2785526&end=2785842;2785526;2785842;KPS021;;0,037731481;;https://search.corpuskiparla.it/corpus/conversations/KPS021.html;https://search.corpuskiparla.it/corpus/conversations/KPS021_jefferson.html;26-30;M;;disocc;;;campania;laurea;3;pasto;quando ne parli si sente proprio che papà ancora ne soffre // giustamente credo vabbè // ma assolutamente ua scherzi //;comunque;// sì teneva ventitré ventiquattro anni che ce~ mo~ cioè venticinque // sì perché papà si è sposato che teneva ventitré;;;;1;1;;1;;;;;;;;;1;;;;;;;;;;;;;;0;;
KPS021;#292439;doc#39;;https://search.corpuskiparla.it/corpus/player/player.cgi?code=KPS021&begin=2924606&end=2929706;2924606;2929706;KPS021;;0,037731481;;https://search.corpuskiparla.it/corpus/conversations/KPS021.html;https://search.corpuskiparla.it/corpus/conversations/KPS021_jefferson.html;26-30;M;;disocc;;;campania;laurea;3;pasto;mio padre in parte // no non per la questione della sorella che poi è morta ma per la questione del lavoro // del lavoro //;comunque;cioè questa tata non so come definirla adesso la figura professionale di questa donna ma // si chiamava luisa // questa;;;;1;1;1;;;;;;;;;;1;;;;;;;;;;;;;;1;;
TOA3008;#296437;doc#40;;https://search.corpuskiparla.it/corpus/player/player.cgi?code=TOA3008&begin=1955986&end=1960020;1955986;1960020;TOA3008;;0,063726852;;https://search.corpuskiparla.it/corpus/conversations/TOA3008.html;https://search.corpuskiparla.it/corpus/conversations/TOA3008_jefferson.html;26-30;M;;stud;;;sicilia;laurea in corso;4;conversazione libera;// e poi l'' ultima parte invece // sullamh sulla traduzione di di sulla traduzione e su gli // la funzione degli ipotesti;comunque;piùmh // di di analisi dei testi proprio e mi hanno inserito lì // mh mh // e ho parlato // ho fatto il mio intervento io ero;;;;1;1;1;;;;;;;;;;;;;1;;;1;;;;;;;;0;;
TOA3008;#296614;doc#40;;https://search.corpuskiparla.it/corpus/player/player.cgi?code=TOA3008&begin=2027040&end=2029040;2027040;2029040;TOA3008;;0,063726852;;https://search.corpuskiparla.it/corpus/conversations/TOA3008.html;https://search.corpuskiparla.it/corpus/conversations/TOA3008_jefferson.html;26-30;M;;stud;;;sicilia;laurea in corso;4;conversazione libera;che mi hanno detto bravo bravo molto bello questo tuo intervento // rossi mi ha accennato un sorriso // quindi nel senso;comunque;mh // che vale più di mille applausi // quindi nel senso // per una persona che non fa niente cioè meglio un sorriso che uno;;;;1;1;;;;;;;;;;;;;;;;;1;;;;;;;;0;;
TOA3008;#302142;doc#40;;https://search.corpuskiparla.it/corpus/player/player.cgi?code=TOA3008&begin=3715991&end=3716470;3715991;3716470;TOA3008;;0,063726852;;https://search.corpuskiparla.it/corpus/conversations/TOA3008.html;https://search.corpuskiparla.it/corpus/conversations/TOA3008_jefferson.html;26-30;M;;stud;;;sicilia;laurea in corso;4;conversazione libera;superficiale perché mi piace un sacco il ghiaccio // a me mi hanno insegnato xxx con un po'' di panna sarebbe fantastico //;comunque;// e quindi marina? // marina non c'' era // xxxxx x // me ne vado // xxxxxxx // xxx // ah // mi faceva scoreggiare // xxxx //;1;;;1;1;;1;;;;;;;;;;;;;;;;;;;;;;;0;;
TOA3008;#302316;doc#40;;https://search.corpuskiparla.it/corpus/player/player.cgi?code=TOA3008&begin=3778090&end=3781111;3778090;3781111;TOA3008;;0,063726852;;https://search.corpuskiparla.it/corpus/conversations/TOA3008.html;https://search.corpuskiparla.it/corpus/conversations/TOA3008_jefferson.html;21-25;F;;stud;;;sicilia;laurea in corso;4;conversazione libera;u è u // sì è bourdieu // allora bourdieu // xxx // beh se è scritto u // però forse la erre modifica un po'' la u // bourdieu // ma;comunque;i nomi propri sono idiosincratici in francese // non so // sì // xx xxxxxxx // allora loro lo loro lo pronunciano bourdieu;1;;;;;;;;;;;;;;;;;;;;;;;;;;;;;0;;
PTA015;#307865;doc#41;;https://search.corpuskiparla.it/corpus/player/player.cgi?code=PTA015&begin=103253&end=104860;103253;104860;PTA015;;0,026111111;;https://search.corpuskiparla.it/corpus/conversations/PTA015.html;https://search.corpuskiparla.it/corpus/conversations/PTA015_jefferson.html;21-25;M;;oper;;;friuli-venezia-giulia;dip_tec_prof;2;intervista semistrutturata;eh // un mese in una cartotecnica // ah okay // e successivamente comunque e anche in parallelo ho sempre continuato //;comunque;una ricerca // eh // mia // mh mh // sia in questi siti in cui mettono annunci sia anche // in posti in cui magari non c''era;;;;1;1;;;;;;;;;;;;;;;;;1;;;;;;1;;0;;
PTA015;#309463;doc#41;;https://search.corpuskiparla.it/corpus/player/player.cgi?code=PTA015&begin=717670&end=725070;717670;725070;PTA015;;0,026111111;;https://search.corpuskiparla.it/corpus/conversations/PTA015.html;https://search.corpuskiparla.it/corpus/conversations/PTA015_jefferson.html;21-25;M;;oper;;;friuli-venezia-giulia;dip_tec_prof;2;intervista semistrutturata;eh // // ma in realtà quei due // sto bene porca troia // // okay // // ehmh // eh e sì poi suonicchio un po'' di altra roba perché;comunque;le basi teoriche sono le stesse un po'' per tutto quindi // e l''altra roba è? // l''altra roba pianoforte ukulele // ehmh;1;;;;;;;;;;;;;;;;;;;;;;;;;;;;;0;;
PBB007;#321081;doc#43;;https://search.corpuskiparla.it/corpus/player/player.cgi?code=PBB007&begin=576233&end=582233;576233;582233;PBB007;;0,026064815;;https://search.corpuskiparla.it/corpus/conversations/PBB007.html;https://search.corpuskiparla.it/corpus/conversations/PBB007_jefferson.html;21-25;M;;stud;;;marche;laurea in corso;3;intervista semistrutturata;// come dire avete trovato un ambiente lavorativo diverso rispetto a quello che vi era a bologna in meglio in peggio? //;comunque;sentivate la mancanza mettiamola così della città e dell''ambiente lavorativo che avevate in città qua a bologna? //;;;;1;1;;;;;;;;;;;1;;;;;;;;;;;;;;0;;
PBB007;#321662;doc#43;;https://search.corpuskiparla.it/corpus/player/player.cgi?code=PBB007&begin=752429&end=756958;752429;756958;PBB007;;0,026064815;;https://search.corpuskiparla.it/corpus/conversations/PBB007.html;https://search.corpuskiparla.it/corpus/conversations/PBB007_jefferson.html;21-25;M;;stud;;;marche;laurea in corso;3;intervista semistrutturata;più tranquillamente // xxxx // xxxx // // vivono meglio secondo me // xxx // di sicuro // no però ecco bello vedere che;comunque;si sen~ mh sentivi un po'' la mancanza della città // sì // beh piangevo quando c''era xx quando facevano vedere bologna //;1;;;;;;;;;;;;;;;;;;;;;;;;;;;;;0;;
PBB007;#323261;doc#43;;https://search.corpuskiparla.it/corpus/player/player.cgi?code=PBB007&begin=1253873&end=1256477;1253873;1256477;PBB007;;0,026064815;;https://search.corpuskiparla.it/corpus/conversations/PBB007.html;https://search.corpuskiparla.it/corpus/conversations/PBB007_jefferson.html;31-35;M;;comm;;;emilia-romagna;dip_tec_prof;3;intervista semistrutturata;c''erano xxx eh // sì lo so bene // // // e c''erano i vari bar che erano i punti di ritrovo io non eh mh // ah è vero // cioè c''erano;comunque;tanti ragazzi in centro io poi x // adesso lavorandoci di giorno non non sono mai in centro // mhmh // durante la mattina;1;;;;;;;;;;;;;;;;;;;;;;;;;;;;;0;;
PBB007;#325594;doc#43;;https://search.corpuskiparla.it/corpus/player/player.cgi?code=PBB007&begin=1934672&end=1936924;1934672;1936924;PBB007;;0,026064815;;https://search.corpuskiparla.it/corpus/conversations/PBB007.html;https://search.corpuskiparla.it/corpus/conversations/PBB007_jefferson.html;31-35;M;;comm;;;emilia-romagna;dip_tec_prof;3;intervista semistrutturata;sì è la curva storia che è // una pendenza esagerata // no un po'' più su secondo me delle orfanelle ci sono i gradini // vabbè;comunque;sì non è mica niente cioè si fa // però è molto bello eh // mhmh // l''avete fatto di giorno o di sera? // di giorno // di giorno;;;;1;1;1;;;;;;;;;;1;;;;;;;;;;;;;;0;;
PBC013;#331314;doc#44;;https://search.corpuskiparla.it/corpus/player/player.cgi?code=PBC013&begin=1936000&end=1943394;1936000;1943394;PBC013;;0,047326389;;https://search.corpuskiparla.it/corpus/conversations/PBC013.html;https://search.corpuskiparla.it/corpus/conversations/PBC013_jefferson.html;21-25;F;;stud;;;piemonte;laurea in corso;2;intervista semistrutturata;se se non avevi poi i soldi per comprarti le scarpe ah oh // ah certo // ehm c''era poco da fare // ehm // perciò quindi lei è;comunque;soddisfatta almeno per quanto riguarda il periodo di dozza dell''amministrazione della città di bologna lei da //;1;;;;;;;;;;;;;;;;;;;;;;;;;;;;;0;;
PBC013;#332678;doc#44;;https://search.corpuskiparla.it/corpus/player/player.cgi?code=PBC013&begin=2513801&end=2516000;2513801;2516000;PBC013;;0,047326389;;https://search.corpuskiparla.it/corpus/conversations/PBC013.html;https://search.corpuskiparla.it/corpus/conversations/PBC013_jefferson.html;21-25;F;;stud;;;piemonte;laurea in corso;2;intervista semistrutturata;lo considera anche un evoluzione positiva perché come dire sei entrata nel mondo nel grande mondo del eh come dire // sì;comunque;lo sviluppo il progresso // dello sviluppo del progresso eccetera // secondo me lasciando per strada tanta roba;;;;1;1;;;;;;;;;;;1;;;1;;;;;;;;;;;0;;
KPN015;#346268;doc#47;;https://search.corpuskiparla.it/corpus/player/player.cgi?code=KPN015&begin=976111&end=982070;976111;982070;KPN015;;0,026412037;;https://search.corpuskiparla.it/corpus/conversations/KPN015.html;https://search.corpuskiparla.it/corpus/conversations/KPN015_jefferson.html;56-60;M;;tec;;;emilia-romagna;laurea;3;pasto;// questo qua è un vino che è tende a spegnersi // // quello è vero però ha un momento dopo che lo mandi giù // ma quello perchè;comunque;ha mh il v~ il vino è acido di per sè quindi #a ghè tredes grèd ahn // a parte che secondo me si sentono è un~ una gradazione che;1;;;;;;;;;;;;;;;;;;;;;;;;;;;;;1;;
BOD2018;#361393;doc#49;;https://search.corpuskiparla.it/corpus/player/player.cgi?code=BOD2018&begin=292545&end=296310;292545;296310;BOD2018;;0,019537037;;https://search.corpuskiparla.it/corpus/conversations/BOD2018.html;https://search.corpuskiparla.it/corpus/conversations/BOD2018_jefferson.html;26-30;F;;stud;;;marche;laurea in corso;2;intervista semistrutturata;in centro // okay // per for~ quindi per forza devi prendere la macchina per anda'' in centro? // sì generalmente sì perché;comunque;sia non mh // non ci sono piste ciclabili o cioè non c'' è possibilità di prender la bici o cioè andare a piedi si ma durante il;1;;1;;;;;;;;;;;;;;;;;;;;;;;;;;;0;;
BOD2018;#361429;doc#49;;https://search.corpuskiparla.it/corpus/player/player.cgi?code=BOD2018&begin=297027&end=308710;297027;308710;BOD2018;;0,019537037;;https://search.corpuskiparla.it/corpus/conversations/BOD2018.html;https://search.corpuskiparla.it/corpus/conversations/BOD2018_jefferson.html;26-30;F;;stud;;;marche;laurea in corso;2;intervista semistrutturata;o cioè non c'' è possibilità di prender la bici o cioè andare a piedi si ma durante il giorno è possibile perché poi di sera;comunque;son delle strade abbastanza buie // è brutto tornare a piedi // e quindi sì prendo sempre la macchina // mh è comoda e ti;;;;1;1;;;;;;;;;;;;;;;;;1;;;;;;1;;0;;
BOD2018;#363870;doc#49;;https://search.corpuskiparla.it/corpus/player/player.cgi?code=BOD2018&begin=1104146&end=1117733;1104146;1117733;BOD2018;;0,019537037;;https://search.corpuskiparla.it/corpus/conversations/BOD2018.html;https://search.corpuskiparla.it/corpus/conversations/BOD2018_jefferson.html;26-30;F;;stud;;;marche;laurea in corso;2;intervista semistrutturata;per tutta la mia vita ma neanche in un centro piccolo come // okay // perchè non // vabbè al di là non offre niente non mh cioè;comunque;continuano a lavorarci le persone che ci hanno lavorato da una vita ma per i giovani non c'' è possibilità lavorativa a;;;;1;1;1;;;;;;;;;;1;;;;;;1;;;;;;;;0;;
BOD2018;#363957;doc#49;;https://search.corpuskiparla.it/corpus/player/player.cgi?code=BOD2018&begin=1137041&end=1145650;1137041;1145650;BOD2018;;0,019537037;;https://search.corpuskiparla.it/corpus/conversations/BOD2018.html;https://search.corpuskiparla.it/corpus/conversations/BOD2018_jefferson.html;26-30;F;;stud;;;marche;laurea in corso;2;intervista semistrutturata;vado a lavorare in uno studio di ingegneria // e comunque rinchiudere tutta la mia vita a e non lo vorrò mai fare perché //;comunque;mh ti offre poco a livello sia cioè offre anche poco divertimento a livello giovanile ma anche per delle famiglie // cioè;1;;;;;;;;;;;;;;;;;;;;;;;;;;;;;0;;
BOD2018;#364700;doc#49;;https://search.corpuskiparla.it/corpus/player/player.cgi?code=BOD2018&begin=1382544&end=1393530;1382544;1393530;BOD2018;;0,019537037;;https://search.corpuskiparla.it/corpus/conversations/BOD2018.html;https://search.corpuskiparla.it/corpus/conversations/BOD2018_jefferson.html;26-30;F;;stud;;;marche;laurea in corso;2;intervista semistrutturata;// e pesaro diciamo che è un po'' la la cioè la sìùá il compromesso giusto perché ti offre tanto di più e allo stesso tempo è;comunque;una piccola città e in cui vivi bene e // il compromesso // mh le persone si conoscono generalmente anche se // boh non so;1;;;;;;;;;;;;;;;;;;;;;;;;;;;;;0;;
BOD2018;#365590;doc#49;;https://search.corpuskiparla.it/corpus/player/player.cgi?code=BOD2018&begin=1660212&end=1661720;1660212;1661720;BOD2018;;0,019537037;;https://search.corpuskiparla.it/corpus/conversations/BOD2018.html;https://search.corpuskiparla.it/corpus/conversations/BOD2018_jefferson.html;26-30;F;;stud;;;marche;laurea in corso;2;intervista semistrutturata;molto // penso sia anni settanta xx // sì // a caso senza sapere // no comunque non ci sta niente di che // no vabbè ci andrò;comunque;// xx devo andare a // cioè in realtà non lo so // sto aspettando una mail dalla sovrintendenza per per la tesi // e è ad;1;;;;;;;;;;;;;;;;;;;;;;;;;;;;;0;;
PTB003;#366938;doc#50;;https://search.corpuskiparla.it/corpus/player/player.cgi?code=PTB003&begin=416146&end=418335;416146;418335;PTB003;;0,036122685;;https://search.corpuskiparla.it/corpus/conversations/PTB003.html;https://search.corpuskiparla.it/corpus/conversations/PTB003_jefferson.html;21-25;F;;stud;;;piemonte;laurea in corso;3;intervista semistrutturata;ancora adesso il quarantacinque di scarpe porta il quarantacinque o il quarantasei ancora adesso // che roba // e d~ e;comunque;da gallipoli siete venuti a torino // e poi da gallipoli siamo venuti a tori~ sì // pensa che poi quando è venuto grande;;;;1;1;;1;;;;;;;;;1;;;;;;;;;;;;;;0;;
KPC005;#375204;doc#51;;https://search.corpuskiparla.it/corpus/player/player.cgi?code=KPC005&begin=101687&end=102973;101687;102973;KPC005;;0,022407407;;https://search.corpuskiparla.it/corpus/conversations/KPC005.html;https://search.corpuskiparla.it/corpus/conversations/KPC005_jefferson.html;21-25;M;;stud;;;marche;laurea in corso;3;pasto;// c''ero pur io // ah sì? // ma va // chissà com''è eravamo qua // mh // vabbè è stato solo un anno // speriamo // xxx // vabbè;comunque;// dopo vado da nonna ce~ p se ce vado verso le tre tre e mezza è sveglia? // ma sì // vado sto lì ~n oretta ~n oretta e mezza poi;;;;1;1;1;1;;;;;;;;;1;;;;;;;;;;;;;;1;;
BOA3006;#382639;doc#52;;https://search.corpuskiparla.it/corpus/player/player.cgi?code=BOA3006&begin=532700&end=534556;532700;534556;BOA3006;;0,006770833;;https://search.corpuskiparla.it/corpus/conversations/BOA3006.html;https://search.corpuskiparla.it/corpus/conversations/BOA3006_jefferson.html;21-25;F;;stud;;;campania;laurea in corso;4;conversazione libera;giro a dire guarda // sono beata // ho le stigmati // cioè capi'' già c'' ho la croce qua po'' pure le stigmati cioè sto se~ // no;comunque;sì secondo me // gesù mi vuole beatificare // cazzo posso fa'' io dante // questo moto ondulatorio // no maria // ma io mi sto;;;;1;1;1;;;;;;;;;;1;;;;;;;;;;;;;;1;;
TOA1002;#387239;doc#54;;https://search.corpuskiparla.it/corpus/player/player.cgi?code=TOA1002&begin=322259&end=327337;322259;327337;TOA1002;;0,009733796;;https://search.corpuskiparla.it/corpus/conversations/TOA1002.html;https://search.corpuskiparla.it/corpus/conversations/TOA1002_jefferson.html;21-25;F;;stud;;;piemonte;laurea in corso;2;ricevimento studenti;la possibilità di modificare il piano chi~ carriera // e quindi ci chiedevamo se in mobilità erasmus noi possiamo;comunque;modificare il nostro piano carriera // perché non possiamo dare esami qua però se la finestra si apre quando noi siam già;1;1;;;;;;;;;;;;;;1;;;;;;;;;;;;;;0;;
TOA1002;#388364;doc#54;;https://search.corpuskiparla.it/corpus/player/player.cgi?code=TOA1002&begin=663028&end=666683;663028;666683;TOA1002;;0,009733796;;https://search.corpuskiparla.it/corpus/conversations/TOA1002.html;https://search.corpuskiparla.it/corpus/conversations/TOA1002_jefferson.html;41-45;M;;intell;;;piemonte;phd;2;ricevimento studenti;le cose dell'' università in spagnolo e non ho problemi // non so se in una conversazione avrei livello bi uno // sì // è la;comunque;c'' è un corso introduttivo diciamo di spagnolo // sì sì // sì sì sì là sì assolutamente // e tra l'' altro era l'' altro;;;;1;1;;;;;;;;;;;1;;;;;;;;;;;;;;0;;
PBC004;#397050;doc#55;;https://search.corpuskiparla.it/corpus/player/player.cgi?code=PBC004&begin=2634650&end=2640084;2634650;2640084;PBC004;;0,040856481;;https://search.corpuskiparla.it/corpus/conversations/PBC004.html;https://search.corpuskiparla.it/corpus/conversations/PBC004_jefferson.html;21-25;F;;stud;;;emilia-romagna;laurea in corso;2;intervista semistrutturata;parlava anche del dialetto in realtà del fatto che appunto lei diceva che lei parla dialetto // e pensa che mh si stia;comunque;perdendo anche coi giovani e sia un peccato questo // certo // sì // sì intanto perché bologna è sempre stata una città;;;;1;1;;;;;;;;;;;1;;;;;;;;;1;;;;;0;;
TOD2008;#401218;doc#56;;https://search.corpuskiparla.it/corpus/player/player.cgi?code=TOD2008&begin=465896&end=468305;465896;468305;TOD2008;;0,020763889;;https://search.corpuskiparla.it/corpus/conversations/TOD2008.html;https://search.corpuskiparla.it/corpus/conversations/TOD2008_jefferson.html;21-25;F;;stud;;;piemonte;laurea in corso;2;intervista semistrutturata;ai regali mi fa // dammi un po'' una moneta del tuo paese un'' euro gli ho dato un euro quindi pensavo che valesse un euro //;comunque;poi invece l'' altra russa // che in realtà era // dellamh // azerbaijan // okay // leieh studiava all'' università lì e;;;;1;1;1;;;;;;;;;;1;;;;;;;;;;;;;;1;;
KPN014;#413007;doc#59;;https://search.corpuskiparla.it/corpus/player/player.cgi?code=KPN014&begin=901986&end=910020;901986;910020;KPN014;;0,037407407;;https://search.corpuskiparla.it/corpus/conversations/KPN014.html;https://search.corpuskiparla.it/corpus/conversations/KPN014_jefferson.html;26-30;M;;stud;;;emilia-romagna;laurea in corso;2;pasto;// ah // xx xx xx // ma quindi ti sei sentito un po'' abbandonato? // sì ma niente di che dopo alla fine // dopo alla fine;comunque;siamo usciti siamo usciti dal ristorante e abbiamo fatto due chiacchiere anche con loro // e è stato gentilissimo;;;;1;1;;;;;;;;;;;1;;;;;;;;;;;;;;0;;
PTD008;#417721;doc#60;;https://search.corpuskiparla.it/corpus/player/player.cgi?code=PTD008&begin=638289&end=640489;638289;640489;PTD008;;0,021631944;;https://search.corpuskiparla.it/corpus/conversations/PTD008.html;https://search.corpuskiparla.it/corpus/conversations/PTD008_jefferson.html;41-45;M;;oper;;;piemonte;dip_tec_prof;4;intervista semistrutturata;n~ // in zona // cioè // se // mh // eh dipende per chi // eh noi per esem~ // cioè eh sì // beh una volta una volta che hai figli;comunque;non hai // per i giovani probabilmen~ // eh sì // // cose da fare non ne hai più // // quindi // se non se non riguardano // sì //;;;;1;1;;;;;;;;;;;1;;;;;;;;;;;;;;0;;
PTD008;#422093;doc#60;;https://search.corpuskiparla.it/corpus/player/player.cgi?code=PTD008&begin=1825598&end=1831920;1825598;1831920;PTD008;;0,021631944;;https://search.corpuskiparla.it/corpus/conversations/PTD008.html;https://search.corpuskiparla.it/corpus/conversations/PTD008_jefferson.html;26-30;F;;intell;;;lombardia;phd;4;intervista semistrutturata;me sì // sì // okay // e // quindi // potendo lasciando perdere // mh // tutto ciò che è concreto ma potendo // scegliereste;comunque;di vivere a torino o vi piacerebbe essere da un''altra parte? o magari in futuro andare da un''altra parte? // no da da buon;1;;;;;;;;;;;;;;;;;;;;;;;;;;;;;0;;
PBC001;#422581;doc#61;;https://search.corpuskiparla.it/corpus/player/player.cgi?code=PBC001&begin=110256&end=117491;110256;117491;PBC001;;0,038668981;;https://search.corpuskiparla.it/corpus/conversations/PBC001.html;https://search.corpuskiparla.it/corpus/conversations/PBC001_jefferson.html;61-65;M;;uff;;;emilia-romagna;dip_tec_prof;2;intervista semistrutturata;d''una città come bologna // eh ha un fascino che che che la prima periferia con tutto il rispetto per questa zona che;comunque;è una delle zone // comunque come prima periferia più belle di bologna piena di verde e comunque comoda perchè comunque;1;;;;;;;;;;;;;;;;;;;;;;;;;;;;;0;;
PBC001;#422599;doc#61;;https://search.corpuskiparla.it/corpus/player/player.cgi?code=PBC001&begin=117731&end=124016;117731;124016;PBC001;;0,038668981;;https://search.corpuskiparla.it/corpus/conversations/PBC001.html;https://search.corpuskiparla.it/corpus/conversations/PBC001_jefferson.html;61-65;M;;uff;;;emilia-romagna;dip_tec_prof;2;intervista semistrutturata;per questa zona che comunque è una delle zone // comunque come prima periferia più belle di bologna piena di verde e;comunque;comoda perchè comunque relativamente vicina al centro // però devo dir la verità non è la stessa cosa // uscire di casa;1;;;;;;;;;;;;;;;;;;;;;;;;;;;;;0;;
PBC001;#422813;doc#61;;https://search.corpuskiparla.it/corpus/player/player.cgi?code=PBC001&begin=192570&end=194914;192570;194914;PBC001;;0,038668981;;https://search.corpuskiparla.it/corpus/conversations/PBC001.html;https://search.corpuskiparla.it/corpus/conversations/PBC001_jefferson.html;61-65;M;;uff;;;emilia-romagna;dip_tec_prof;2;intervista semistrutturata;più grande la più grande difficoltà inizialmente poi dopo è chiaro come in tutte le cose ci si abitua e // e si apprezzano;comunque;// i~ in modo più sereno si vedono le differenze e si possono trarre delle conclusioni ogni cosa ha i suoi pro e i suoi;;;;1;1;;;;;;;;;;;;;;;;;1;;;;;;;;0;;
PBC001;#423720;doc#61;;https://search.corpuskiparla.it/corpus/player/player.cgi?code=PBC001&begin=496159&end=502683;496159;502683;PBC001;;0,038668981;;https://search.corpuskiparla.it/corpus/conversations/PBC001.html;https://search.corpuskiparla.it/corpus/conversations/PBC001_jefferson.html;61-65;M;;uff;;;emilia-romagna;dip_tec_prof;2;intervista semistrutturata;// nonostanche che qui ci sia un parco // che comunque tutto sommato di sera rimane aperto adesso non tutta la notte però;comunque;illuminato // mi sembra che condizioni di sicurezza ci possono essere ecco non no~ non ne ricordo casi di di di di di //;1;;;;;;;;;;;;;;;;;;;;;;;;;;;;;0;;
PBC001;#424041;doc#61;;https://search.corpuskiparla.it/corpus/player/player.cgi?code=PBC001&begin=611560&end=613765;611560;613765;PBC001;;0,038668981;;https://search.corpuskiparla.it/corpus/conversations/PBC001.html;https://search.corpuskiparla.it/corpus/conversations/PBC001_jefferson.html;21-25;F;;stud;;;emilia-romagna;laurea in corso;2;intervista semistrutturata;// sì // per adesso non le ho // mhm // ehm // e i luoghi che tu // mh // frequentavi // mh // durante l''infanzia l''adolescenza;comunque;nei // sì // nei mh // quando eri più giovane cioè nei primi anni così eh // sì // li frequenti ancora? esistono ancora;;;;1;1;1;;;;;;;;;;;;;1;;;1;;;;;;;;0;;
PBC001;#426320;doc#61;;https://search.corpuskiparla.it/corpus/player/player.cgi?code=PBC001&begin=1423461&end=1425763;1423461;1425763;PBC001;;0,038668981;;https://search.corpuskiparla.it/corpus/conversations/PBC001.html;https://search.corpuskiparla.it/corpus/conversations/PBC001_jefferson.html;61-65;M;;uff;;;emilia-romagna;dip_tec_prof;2;intervista semistrutturata;bologna // che amano bologna e quando ci vengono a trovare andiamo sempre comunque in quasi sempre in centro // perchè;comunque;rimane sempre il // il posto che che che che comunque ci piace di più ecco poi mai come adesso il centro di bologna offre //;1;;;;;;;;;;;;;;;;;;;;;;;;;;;;;0;;
PBC001;#430172;doc#61;;https://search.corpuskiparla.it/corpus/player/player.cgi?code=PBC001&begin=2674130&end=2677784;2674130;2677784;PBC001;;0,038668981;;https://search.corpuskiparla.it/corpus/conversations/PBC001.html;https://search.corpuskiparla.it/corpus/conversations/PBC001_jefferson.html;61-65;M;;uff;;;emilia-romagna;dip_tec_prof;2;intervista semistrutturata;a cento metri // io sono andato a chiedere se era possibile // parcheggiare in questo modo mi han detto di sì // perchè;comunque;la viabilità è a senso unico una macchina ci passa ma ci passa // sì al pelo // al pelo // e quindi per loro per me è vergognoso;1;;;;;;;;;;;;;;;;;;;;;;;;;;;;;0;;
PBC001;#430912;doc#61;;https://search.corpuskiparla.it/corpus/player/player.cgi?code=PBC001&begin=2940769&end=2946545;2940769;2946545;PBC001;;0,038668981;;https://search.corpuskiparla.it/corpus/conversations/PBC001.html;https://search.corpuskiparla.it/corpus/conversations/PBC001_jefferson.html;61-65;M;;uff;;;emilia-romagna;dip_tec_prof;2;intervista semistrutturata;storico sia // sia spopolato anzi eh // ci abitano tante famiglie // ci abitano ancora famiglie coi bambini perchè;comunque;ci sono tante scuole nel centro storico di bologna e // sì infatti // e mh // quindi vuol dire che ci son // bambini cioè;1;;;;;;;;;;;;;;;;;1;;;;;;;;;;;;0;;
PBC001;#431165;doc#61;;https://search.corpuskiparla.it/corpus/player/player.cgi?code=PBC001&begin=3015269&end=3016197;3015269;3016197;PBC001;;0,038668981;;https://search.corpuskiparla.it/corpus/conversations/PBC001.html;https://search.corpuskiparla.it/corpus/conversations/PBC001_jefferson.html;21-25;F;;stud;;;emilia-romagna;laurea in corso;2;intervista semistrutturata;in direzione via saffi // e via emilia ponente ecco che è do~ dove c''è l''@nomeluogo poi // sì // mh // sì sì // ehm // quindi;comunque;// cioè mh // no cioè il centro di bologna secondo me // ci si potrebbe vive~ però è u~ va fatta una scelta molto ponderata //;;;;1;1;1;;;;;;;;;;;;;;;;1;;;;;;;;0;;
PBC001;#431888;doc#61;;https://search.corpuskiparla.it/corpus/player/player.cgi?code=PBC001&begin=3249540&end=3251275;3249540;3251275;PBC001;;0,038668981;;https://search.corpuskiparla.it/corpus/conversations/PBC001.html;https://search.corpuskiparla.it/corpus/conversations/PBC001_jefferson.html;61-65;M;;uff;;;emilia-romagna;dip_tec_prof;2;intervista semistrutturata;che si sono succedute in questi anni è un problema irrisolto // irrisolto // mh // perchè non lo si vuole risolvere;comunque;// mh // beh ti chiedo un''ultima cosa così per curiosità // sì // e ma mh // il dialetto bolognese tu // lo sai lo capisci // o;;;;1;1;;;;;;;;;;;1;;;;;;;;;;;;;1;0;;Funzione fatica
PTD014;#433562;doc#62;;https://search.corpuskiparla.it/corpus/player/player.cgi?code=PTD014&begin=653960&end=669540;653960;669540;PTD014;;0,012002315;;https://search.corpuskiparla.it/corpus/conversations/PTD014.html;https://search.corpuskiparla.it/corpus/conversations/PTD014_jefferson.html;56-60;M;;oper;;;piemonte;elem;2;intervista semistrutturata;c''è sempre stata una lotta per riuscire a far quadrare i bilanci per riuscire a guadagnare qualcosa lavorando // e;comunque;m~ la mia esperienza mi ha detto che per guadagnare qualcosa bisogna saper spendere molto poco nelle attrezzature;;;;1;1;1;;;;;;;;;;1;;;;;;;;;;;;;;1;;
PTD014;#434172;doc#62;;https://search.corpuskiparla.it/corpus/player/player.cgi?code=PTD014&begin=933144&end=954349;933144;954349;PTD014;;0,012002315;;https://search.corpuskiparla.it/corpus/conversations/PTD014.html;https://search.corpuskiparla.it/corpus/conversations/PTD014_jefferson.html;56-60;M;;oper;;;piemonte;elem;2;intervista semistrutturata;// per i giovani mh cioè mh ci sono sempre c''è qualche insediamento di giovani però sono rari eh cioè una volta perchè;comunque;i negozi chiudono mh aziende ehm xxxxx industriali non esistono sono poche eh non ci sono // non è facile mh // parli;1;;;;;;;;;;;;;;;;;;;;;;;;;;;;;0;;
PBC005;#437842;doc#64;;https://search.corpuskiparla.it/corpus/player/player.cgi?code=PBC005&begin=606060&end=608410;606060;608410;PBC005;;0,042673611;;https://search.corpuskiparla.it/corpus/conversations/PBC005.html;https://search.corpuskiparla.it/corpus/conversations/PBC005_jefferson.html;21-25;F;;stud;;;emilia-romagna;laurea in corso;2;intervista semistrutturata;sempre in dialetto // mh eh allora colgo la palla al balzo dal momento che una che d~ // insomma dei focus // se dato che tu;comunque;sei nata // cioè appunto che la guerra è finita cioè dopo un anno quindi probabilmente non hai ricordi molto;;;;1;1;;;;;;;;;;;1;;;;;;;;;;;;1;;0;;
PBC005;#437958;doc#64;;https://search.corpuskiparla.it/corpus/player/player.cgi?code=PBC005&begin=637460&end=641790;637460;641790;PBC005;;0,042673611;;https://search.corpuskiparla.it/corpus/conversations/PBC005.html;https://search.corpuskiparla.it/corpus/conversations/PBC005_jefferson.html;76-80;F;;pens;;;emilia-romagna;dip_lic;2;intervista semistrutturata;// pippo // che era // eh l''aereo // che che // dava l''allarme no? // mhmh // e // eh non so se era pippo che dava l''allarme;comunque;c''era sto pippo non lo so xx // ma era una persona o era un nome per qualcosa? // no no un aereo un aereo // ah era un aereo //;1;;;;;;;;;;;;;;;;;;;;;;;;;;;;;1;;
PBC005;#437995;doc#64;;https://search.corpuskiparla.it/corpus/player/player.cgi?code=PBC005&begin=644690&end=647360;644690;647360;PBC005;;0,042673611;;https://search.corpuskiparla.it/corpus/conversations/PBC005.html;https://search.corpuskiparla.it/corpus/conversations/PBC005_jefferson.html;76-80;F;;pens;;;emilia-romagna;dip_lic;2;intervista semistrutturata;// ma era una persona o era un nome per qualcosa? // no no un aereo un aereo // ah era un aereo // vero credo che fosse l''aereo;comunque;// eh // quando suonava l''allarme tutti andavano a nei rifugi // uno è in via dei bregoli // ah // non l''hai mai visto?;;;;1;1;1;;;;;;;;;;1;;;;;;;;;;;;;;0;;
PBC005;#438314;doc#64;;https://search.corpuskiparla.it/corpus/player/player.cgi?code=PBC005&begin=768412&end=774290;768412;774290;PBC005;;0,042673611;;https://search.corpuskiparla.it/corpus/conversations/PBC005.html;https://search.corpuskiparla.it/corpus/conversations/PBC005_jefferson.html;21-25;F;;stud;;;emilia-romagna;laurea in corso;2;intervista semistrutturata;// la le pagnotte hai capito? // mio fratello era fenomenale // eh i tuoi fratelli? // ma anche semplicemente la zia // che;comunque;è nata prima di te ti hanno mai raccontato qualcosa? perchè questo te l''ha raccontato tua mamma ma magari loro // me l''ha;;;;1;1;;;;;;;;;;;1;;;;;;;;;;;;;;0;;
PBC005;#439157;doc#64;;https://search.corpuskiparla.it/corpus/player/player.cgi?code=PBC005&begin=1062050&end=1065464;1062050;1065464;PBC005;;0,042673611;;https://search.corpuskiparla.it/corpus/conversations/PBC005.html;https://search.corpuskiparla.it/corpus/conversations/PBC005_jefferson.html;76-80;F;;pens;;;emilia-romagna;dip_lic;2;intervista semistrutturata;era un uomo in gamba intelligente aveva anche studiato per i suoi tempi no? // faceva parte del comitato // va bene? //;comunque;gli avevano dato un piano intero // i mh i i preti // perchè i seminaristi c''erano ancora eh // mhmh // gli aveva il ve~ il;;;;1;1;1;;;;;;;;;;1;;;;;;;;;;;;;;0;;
PBC005;#444677;doc#64;;https://search.corpuskiparla.it/corpus/player/player.cgi?code=PBC005&begin=3083100&end=3089950;3083100;3089950;PBC005;;0,042673611;;https://search.corpuskiparla.it/corpus/conversations/PBC005.html;https://search.corpuskiparla.it/corpus/conversations/PBC005_jefferson.html;21-25;F;;stud;;;emilia-romagna;laurea in corso;2;intervista semistrutturata;eh // mh // eh // pensa te // mh // e no volevo chiederti mh // insomma un contributo personale nel senso dal momento che;comunque;di crisi a livello // si'' mondiale economico eh universale a livello psicologico sicuramente ne hai passati di più //;;;;1;1;1;;;;;;;;;;;;;;;;1;;;;;;1;;0;;
KPS018;#447267;doc#65;;https://search.corpuskiparla.it/corpus/player/player.cgi?code=KPS018&begin=348762&end=352109;348762;352109;KPS018;;0,030532407;;https://search.corpuskiparla.it/corpus/conversations/KPS018.html;https://search.corpuskiparla.it/corpus/conversations/KPS018_jefferson.html;21-25;M;;stud;;;basilicata;laurea in corso;3;pasto;già // non c''eravamo infatti eravamo già qua che andai al comune a chiedere // se potessimo x x // esattamente // però no;comunque;no non è là che l''ho persa l''ho persa in centro // ah // e dopo e quindi non si sa se è la mattina o il pomeriggio no perché // no;;;;1;1;1;;;;;;;;;;1;;;;;;;;;;;;;;0;;
KPS018;#447706;doc#65;;https://search.corpuskiparla.it/corpus/player/player.cgi?code=KPS018&begin=483127&end=489416;483127;489416;KPS018;;0,030532407;;https://search.corpuskiparla.it/corpus/conversations/KPS018.html;https://search.corpuskiparla.it/corpus/conversations/KPS018_jefferson.html;21-25;M;;stud;;;basilicata;laurea in corso;3;pasto;// quelle della commissione ci sono ancora a giurisprudenza non ne ho idea perchè là penso la discutano dopo cinque anni;comunque;// mh // mentre noi no non dovendola nè discutere nè niente // è una formalità quella di stamparla cioè uno se la stampa per;;;;1;1;;;;;;;;;;;;;;;;;;;;;;;;1;0;;
KPS018;#448706;doc#65;;https://search.corpuskiparla.it/corpus/player/player.cgi?code=KPS018&begin=814626&end=815395;814626;815395;KPS018;;0,030532407;;https://search.corpuskiparla.it/corpus/conversations/KPS018.html;https://search.corpuskiparla.it/corpus/conversations/KPS018_jefferson.html;56-60;F;;intell;;;basilicata;laurea;3;pasto;tesi copertine delle tesi // quante pagine erano le vostre tesi? // buh andiamo a vedere ce l''ho qua // xxx un centinaio //;comunque;erano ce~ // un centinaio? // # ammazza // io forse la mia di meno // boh non mi ricordo // a noi in triennale sono un minimo di;;;;1;1;;1;;;;;;;;;1;;;;;;;;;;;;;;0;;
KPS018;#449877;doc#65;;https://search.corpuskiparla.it/corpus/player/player.cgi?code=KPS018&begin=1145629&end=1148306;1145629;1148306;KPS018;;0,030532407;;https://search.corpuskiparla.it/corpus/conversations/KPS018.html;https://search.corpuskiparla.it/corpus/conversations/KPS018_jefferson.html;21-25;M;;stud;;;basilicata;laurea in corso;3;pasto;vuoi fare l''avvocato non ti serve andare // no però // ti serve andare dopo // a fare la scuola di specializzazione // però;comunque;considera che hai sempre un punto per la laurea // se fai un''esperienza all''estero apprezzano lo sforzo e quindi // ti;1;;;;;;;;;;;;;;;;;;;;;;;;;;;;;1;;
PBB023;#457683;doc#66;;https://search.corpuskiparla.it/corpus/player/player.cgi?code=PBB023&begin=870110&end=875340;870110;875340;PBB023;;0,023449074;;https://search.corpuskiparla.it/corpus/conversations/PBB023.html;https://search.corpuskiparla.it/corpus/conversations/PBB023_jefferson.html;21-25;M;;stud;;;sardegna;laurea in corso;4;intervista semistrutturata;bene e nel male // vanno anche gestiti x // sì assolutamente sì assolutamente sì // sì // eh invece vabbè per il mangiare;comunque;immagino sia cioè li~ come mangiano come gli altri cani no o // sì sì // sì sì assolutamente // sì // assolutamente // noi;;;;1;1;;;;;;;;;;;;;;;;;;;;1;;;1;;0;;
KPN025;#473380;doc#68;;https://search.corpuskiparla.it/corpus/player/player.cgi?code=KPN025&begin=1607356&end=1607978;1607356;1607978;KPN025;;0,021898148;;https://search.corpuskiparla.it/corpus/conversations/KPN025.html;https://search.corpuskiparla.it/corpus/conversations/KPN025_jefferson.html;16-20;F;;stud;;;emilia-romagna;med;4;pasto;e ha detto eh perchè poi il nonno // quì e là e tutto quanto // eh // ma scusami // ma perchè? // ma se l''ilaria va dall''amica //;comunque;// non ci andrà in treno dall''amica scusami? // non // da che amica va? // eh // prima di andare su dal no~ // giù dal nonno //;;;;1;1;;1;;;;;;;;;1;;;;;;;;;;;;;;1;;
PBA002;#477722;doc#70;;https://search.corpuskiparla.it/corpus/player/player.cgi?code=PBA002&begin=130333&end=133810;130333;133810;PBA002;;0,019421296;;https://search.corpuskiparla.it/corpus/conversations/PBA002.html;https://search.corpuskiparla.it/corpus/conversations/PBA002_jefferson.html;21-25;F;;stud;;;emilia-romagna;laurea in corso;3;intervista semistrutturata;// comunque vi piace // questi cioè // cioè vi trovate comunque bene anche lì nella // zona anche se non conoscete bologna;comunque;vi piace non so vi // xxxx // a me sì san lazzaro è molto è molto tranquilla // ordinata sono in una zona // pacifica // ma n~ //;1;1;;;;;;;;;;;;;;;;;;;;;;;;;;;;1;;
PBA002;#478835;doc#70;;https://search.corpuskiparla.it/corpus/player/player.cgi?code=PBA002&begin=509540&end=511650;509540;511650;PBA002;;0,019421296;;https://search.corpuskiparla.it/corpus/conversations/PBA002.html;https://search.corpuskiparla.it/corpus/conversations/PBA002_jefferson.html;21-25;F;;stud;;;emilia-romagna;laurea in corso;3;intervista semistrutturata;di dicevate anche un po'' di sporcizia di cose secon~ cioè // okay // avete notato non so secondo voi son ben tenuti sono // o;comunque;andrebbe migliorato qualcosa // visto che // ultimamenti mi sembra che un po'' di lavori li abbiano fatti // però // sì c''è;1;;;;;;;;;;;;;;;;;;;;;;;;;;;;;0;;
PBA002;#480835;doc#70;;https://search.corpuskiparla.it/corpus/player/player.cgi?code=PBA002&begin=1212700&end=1215135;1212700;1215135;PBA002;;0,019421296;;https://search.corpuskiparla.it/corpus/conversations/PBA002.html;https://search.corpuskiparla.it/corpus/conversations/PBA002_jefferson.html;21-25;F;;stud;;;emilia-romagna;laurea in corso;3;intervista semistrutturata;dire ah quindi comunque // ma se dovessi scegliere preferiresti tra l''altro lavorare con dei cioè in italia ma // o;comunque;tutte e due a bologna o // in altre città // mh // non so // se posso // no comunque direi // a bologna // o in zona // in;1;;;;;;;;;;;;;;;;;;;;;;;;;;;;;0;;
PBC009;#488054;doc#71;;https://search.corpuskiparla.it/corpus/player/player.cgi?code=PBC009&begin=2481410&end=2485240;2481410;2485240;PBC009;;0,067094907;;https://search.corpuskiparla.it/corpus/conversations/PBC009.html;https://search.corpuskiparla.it/corpus/conversations/PBC009_jefferson.html;71-75;M;;pens;;;emilia-romagna;laurea;3;intervista semistrutturata;no dov''era? // quella era prima ancora // ah ecco io ho saltato degli anni // eh // e era sì in una laterale di via ugo bassi;comunque;// ah è vero è vero // sì // non ci andai ma sì // adesso non mi ricordo il nome scusate // però ecco li'' ho trovato // eh mi;1;;;;;;;;;;;;;;;;;;;;;;;;;;;;;0;;
PBC009;#491986;doc#71;;https://search.corpuskiparla.it/corpus/player/player.cgi?code=PBC009&begin=4237900&end=4243280;4237900;4243280;PBC009;;0,067094907;;https://search.corpuskiparla.it/corpus/conversations/PBC009.html;https://search.corpuskiparla.it/corpus/conversations/PBC009_jefferson.html;71-75;M;;pens;;;emilia-romagna;laurea;3;intervista semistrutturata;le prime cure e dopo poi lui alla fine rimane in in brigata // per fo~ // per fortuna era solo un trauma cranico e basta //;comunque;dopo poi a fine guerra sarà operato alla testa per sistemare le cose // ovviamente gl~ qualcosa gli rimane // nel senso;;;;1;1;;1;;;;;;;;;1;;;;;;;;;;;;;;0;;
KPS025;#499978;doc#73;;https://search.corpuskiparla.it/corpus/player/player.cgi?code=KPS025&begin=130319&end=131181;130319;131181;KPS025;;0,023657407;;https://search.corpuskiparla.it/corpus/conversations/KPS025.html;https://search.corpuskiparla.it/corpus/conversations/KPS025_jefferson.html;61-65;F;;pens;;;campania;dip_tec_prof;3;pasto;ragazzi che si sono divertiti tanto tanto tanto // mh // // che è? // ah sta // // #e chest fa part pur // vabbè ci voleva //;comunque;// // cinque giorni sono stati confort // xxxx che che non faceva faceva caldo però non s~ non si sudava perchè era secco //;;;;1;1;;1;;;;;;;;;;;;;;;1;;;;;;;;1;;
KPS025;#501369;doc#73;;https://search.corpuskiparla.it/corpus/player/player.cgi?code=KPS025&begin=620232&end=621212;620232;621212;KPS025;;0,023657407;;https://search.corpuskiparla.it/corpus/conversations/KPS025.html;https://search.corpuskiparla.it/corpus/conversations/KPS025_jefferson.html;61-65;F;;pens;;;campania;dip_tec_prof;3;pasto;po'' di // e che hanno fatto? // hanno creato // era mo è n''impero // delle la zona per gli eventi bellissima la piscina //;comunque;// e poi si è la mo~ lì poi ha conosciuto la moglie era // era una // era una spiaggiante ja una turista de~ di quel perchè lui;;;;1;1;;1;;;;;;;;;;;;;;;1;;;;;;;;0;;Funzione fatica
KPS025;#501879;doc#73;;https://search.corpuskiparla.it/corpus/player/player.cgi?code=KPS025&begin=786065&end=787000;786065;787000;KPS025;;0,023657407;;https://search.corpuskiparla.it/corpus/conversations/KPS025.html;https://search.corpuskiparla.it/corpus/conversations/KPS025_jefferson.html;61-65;F;;pens;;;campania;dip_tec_prof;3;pasto;che cresce // #se vedi il ramo giù è identica stessa pianta infatti gigi dice~ chesta diventa un albero immenso // e;comunque;// tu hai detto io ti ho portato una composizione di piante grasse // la foto // ah la foto // che devi fare // infatti me;;;;1;1;;1;;;;;;;;;;;;;;;;;;;;;;;0;;Funzione fatica
PTB007;#507005;doc#74;;https://search.corpuskiparla.it/corpus/player/player.cgi?code=PTB007&begin=769332&end=773490;769332;773490;PTB007;;0,06119213;;https://search.corpuskiparla.it/corpus/conversations/PTB007.html;https://search.corpuskiparla.it/corpus/conversations/PTB007_jefferson.html;21-25;F;;stud;;;piemonte;laurea in corso;2;intervista semistrutturata;vado // e invece del // ah // sempre del viaggio ce l''hai una raccor~ un ricordo divertente // una cosa che di~ divertente o;comunque;una cosa che è successa che ti // ma // se posso raccontare questo episodio che // il mese di agosto tutti gli emigranti;1;;;;;;;;;;;;;;;;;;;;;;;;;;;;;0;;
PTB007;#508107;doc#74;;https://search.corpuskiparla.it/corpus/player/player.cgi?code=PTB007&begin=1162505&end=1164991;1162505;1164991;PTB007;;0,06119213;;https://search.corpuskiparla.it/corpus/conversations/PTB007.html;https://search.corpuskiparla.it/corpus/conversations/PTB007_jefferson.html;66-70;F;;pens;;;sicilia;elem;2;intervista semistrutturata;// ecco che è un una decina di chilometri da dove abitavo prima // ecco // sì // mh // ehm // sì tornando a venaria // però // e;comunque;voglio ancora dire una cosa è che io // dimmi // in ogni casa che i miei genitori cambiavano // certo l''ho capito dopo;;;;1;1;1;1;;;;1;;;;;1;;;;;;;;;;;;;;0;;
PTB007;#515815;doc#74;;https://search.corpuskiparla.it/corpus/player/player.cgi?code=PTB007&begin=3765059&end=3767399;3765059;3767399;PTB007;;0,06119213;;https://search.corpuskiparla.it/corpus/conversations/PTB007.html;https://search.corpuskiparla.it/corpus/conversations/PTB007_jefferson.html;21-25;F;;stud;;;piemonte;laurea in corso;2;intervista semistrutturata;insomma le tradizioni non le hanno mai perse // e anche parlare parlano quasi sempre il dialetto quindi // sì nonostante;comunque;leggano si // si tengono informati a loro piace parlare il dialetto // #cos''era che è successo un po'' di tempo fa che ha;1;;1;;;;;;;;;;;;;;;;;;;;;;;;;;;1;;
PTB007;#515902;doc#74;;https://search.corpuskiparla.it/corpus/player/player.cgi?code=PTB007&begin=3790340&end=3793897;3790340;3793897;PTB007;;0,06119213;;https://search.corpuskiparla.it/corpus/conversations/PTB007.html;https://search.corpuskiparla.it/corpus/conversations/PTB007_jefferson.html;66-70;F;;pens;;;sicilia;elem;2;intervista semistrutturata;il siciliano poi come ho detto prima così // però un siciliano che // non // che non non si capiva che si faceva capire;comunque;// sì // perchè caltanissetta era già una cittadina non è come nei paesi // sì sì // eh // che si parla magari // patois e non;;;;1;1;;;;;;;;;;;;;;1;;;;;;;;;;;0;;
PTB007;#516681;doc#74;;https://search.corpuskiparla.it/corpus/player/player.cgi?code=PTB007&begin=4059064&end=4062748;4059064;4062748;PTB007;;0,06119213;;https://search.corpuskiparla.it/corpus/conversations/PTB007.html;https://search.corpuskiparla.it/corpus/conversations/PTB007_jefferson.html;66-70;F;;pens;;;sicilia;elem;2;intervista semistrutturata;delle amiche delle sorelle // che noi ci chiamiamo sorelle in cristo // e fratelli in cristo ecco in gesù // emh che;comunque;mi hanno supportata // mi hanno supportata? // sì // eh mi hanno // aiutata // ti hanno sostenuta // sì mi hanno sostenuta;;;;1;1;1;;;;;;;;;;1;;;;;;1;;;;;;;;0;;
PTB007;#519897;doc#74;;https://search.corpuskiparla.it/corpus/player/player.cgi?code=PTB007&begin=5115445&end=5118366;5115445;5118366;PTB007;;0,06119213;;https://search.corpuskiparla.it/corpus/conversations/PTB007.html;https://search.corpuskiparla.it/corpus/conversations/PTB007_jefferson.html;66-70;F;;pens;;;sicilia;elem;2;intervista semistrutturata;// questi tedeschi // e tutto quanto perché dice // era la guerra // e loro si difendevano così lui li aveva perdonati //;comunque;aveva avuto l''umiltà di perdonare queste persone // certo // ehm // eh eh ~spetta perché // a volte magari dimentico //;1;;;;;;;;;;;;;;;;;;;;;;;;;;;;;0;;
TOD2007;#523795;doc#75;;https://search.corpuskiparla.it/corpus/player/player.cgi?code=TOD2007&begin=1017154&end=1020367;1017154;1020367;TOD2007;;0,021076389;;https://search.corpuskiparla.it/corpus/conversations/TOD2007.html;https://search.corpuskiparla.it/corpus/conversations/TOD2007_jefferson.html;21-25;F;;stud;;;piemonte;laurea in corso;2;intervista semistrutturata;anche il bello dello studiare in una città che non sia la tua // mhmh // conoscere gente e farti nuove esperienze è bello //;comunque;sono amici che ti restano perché siamo comunque // sono amicizie // sì // tutti più o meno della stessa zona e ti incontri;1;;;;;;;;;;;;;;;;;;;;;;;;;;;;;0;;
TOD2007;#525687;doc#75;;https://search.corpuskiparla.it/corpus/player/player.cgi?code=TOD2007&begin=1562018&end=1568102;1562018;1568102;TOD2007;;0,021076389;;https://search.corpuskiparla.it/corpus/conversations/TOD2007.html;https://search.corpuskiparla.it/corpus/conversations/TOD2007_jefferson.html;21-25;F;;stud;;;piemonte;laurea in corso;2;intervista semistrutturata;// esatto // o cuneo // non sei abituato alla // alla città alla vita freneticaa tutta quella movimento e quindi ti piace;comunque;avere // la casa // in un luogo tranquillo anche la notte sai // sì infatti io mi ricordo quando viaggiavo // perché sei;;;;1;1;;;;;;;;;;;;;;;;;;;;1;;;;;0;;
KPN002;#530031;doc#76;;https://search.corpuskiparla.it/corpus/player/player.cgi?code=KPN002&begin=1188005&end=1191945;1188005;1191945;KPN002;;0,022175926;;https://search.corpuskiparla.it/corpus/conversations/KPN002.html;https://search.corpuskiparla.it/corpus/conversations/KPN002_jefferson.html;21-25;M;;stud;;;veneto;laurea in corso;5;pasto;tutti in giro e non ha amici ma ci credo se hai un atteggiamento così // #so fiha // #so fiha // poverina aiutala // eh //;comunque;queste queste persone con la flavia hanno vita breve abbiamo capito // // no vabbé ma ci sono anche loro non puoi // eh // sì;;;;1;1;1;1;;;;;;;;;1;;;;;;;;;;;;;;0;;
KPN002;#530878;doc#76;;https://search.corpuskiparla.it/corpus/player/player.cgi?code=KPN002&begin=1392785&end=1395400;1392785;1395400;KPN002;;0,022175926;;https://search.corpuskiparla.it/corpus/conversations/KPN002.html;https://search.corpuskiparla.it/corpus/conversations/KPN002_jefferson.html;21-25;M;;stud;;;estero;laurea in corso;5;pasto;hai fatto i conti per xxxxx // certo per essere precisa // ma io mi fido? che ci siano tutti // contali contali // contabile;comunque;// no vabbè mi fido ecco // tra l''altro devo pagare anche internet di verona ah volevi un po'' di moneta? // no grazie cara //;;;;1;1;;;;;;;;;;;;;;;;;;;;;;;;;1;;
KPN002;#532725;doc#76;;https://search.corpuskiparla.it/corpus/player/player.cgi?code=KPN002&begin=1824145&end=1834565;1824145;1834565;KPN002;;0,022175926;;https://search.corpuskiparla.it/corpus/conversations/KPN002.html;https://search.corpuskiparla.it/corpus/conversations/KPN002_jefferson.html;21-25;F;;intell;;;veneto;laurea;5;pasto;toscano // bene sto facendo però siccome ho fatto l''esame la settimana scorsa adesso ci do dentro perché mi manca //;comunque;là i sto facendo anche i laboratori interessante però cioè sto facendo laboratorio lavoro di gruppo e poi lavorare;;;;1;1;;1;;;;;;;;;1;;;;;;;;;;;;;;0;;Funzione fatica
PBB002;#546081;doc#79;;https://search.corpuskiparla.it/corpus/player/player.cgi?code=PBB002&begin=470134&end=471765;470134;471765;PBB002;;0,024930556;;https://search.corpuskiparla.it/corpus/conversations/PBB002.html;https://search.corpuskiparla.it/corpus/conversations/PBB002_jefferson.html;56-60;F;;uff;;;emilia-romagna;dip_tec_prof;2;intervista semistrutturata;ad oggi // mh // e adesso il traffico è veramente // cioè micidiale // fare pochi chilometri ci metti un sacco di tempo // e e;comunque;// sono anche abbastanza fortunata che non devo traversare la città // cioè praticamente dal luogo di lavoro arrivo a;;;;1;1;1;;;;;;;;;;1;;;;;;;;;;;;;;1;;
PBB002;#547373;doc#79;;https://search.corpuskiparla.it/corpus/player/player.cgi?code=PBB002&begin=918047&end=925328;918047;925328;PBB002;;0,024930556;;https://search.corpuskiparla.it/corpus/conversations/PBB002.html;https://search.corpuskiparla.it/corpus/conversations/PBB002_jefferson.html;56-60;F;;uff;;;emilia-romagna;dip_tec_prof;2;intervista semistrutturata;più turisti // s~ // mh // sì io penso di sì infatti che già si è iniziato questo periodo // mh // ehm e in più sì mis~ erché;comunque;eh il fatto dei turisti a bologna è una cosa che // ehm // è iniziata qualche anno fa diciamo // prima c''è stato per tanti;1;;;;;;;;;;;;;;;;;;;;;;;;;;;;;0;;
PBB002;#550778;doc#79;;https://search.corpuskiparla.it/corpus/player/player.cgi?code=PBB002&begin=2095714&end=2096500;2095714;2096500;PBB002;;0,024930556;;https://search.corpuskiparla.it/corpus/conversations/PBB002.html;https://search.corpuskiparla.it/corpus/conversations/PBB002_jefferson.html;21-25;F;;stud;;;emilia-romagna;laurea in corso;2;intervista semistrutturata;// e comunque // niente nonostante // insomma // considerando tutto // eh così // il traffico le // le cose eccetera // tu;comunque;// ami bologna vuoi restare qua xx // sì // sì // cioé vivi bene in questa città non è che hai mai pensato di cambiare perché;1;1;;;;;;;;;;;;;;;;;;;;;;;;;;;;0;;
PBA030;#551496;doc#80;;https://search.corpuskiparla.it/corpus/player/player.cgi?code=PBA030&begin=142900&end=146712;142900;146712;PBA030;;0,02712963;;https://search.corpuskiparla.it/corpus/conversations/PBA030.html;https://search.corpuskiparla.it/corpus/conversations/PBA030_jefferson.html;16-20;F;;stud;;;emilia-romagna;laurea in corso;3;intervista semistrutturata;magari non riesce ad accedere a bologna perchè comunque c''è tutta una mh selezione // sì sì // poi eh viene presa a rimini;comunque;deve fare // un bel tragitto // eh si // e e non si può neanche fare il cambio per dire una ragazza è stata presa a rimini ma è;1;;;;;;;;;;;;;;;;;;;;;;;;;;;;;0;;
PBA030;#552079;doc#80;;https://search.corpuskiparla.it/corpus/player/player.cgi?code=PBA030&begin=294530&end=297876;294530;297876;PBA030;;0,02712963;;https://search.corpuskiparla.it/corpus/conversations/PBA030.html;https://search.corpuskiparla.it/corpus/conversations/PBA030_jefferson.html;16-20;F;;stud;;;emilia-romagna;laurea in corso;3;intervista semistrutturata;a studiare // mhmh // okay // e ma anche il centro secondo me è molto bello // ehm // però io non ci vado spesso sia perchè;comunque;// okay // molti miei amici sono qua mh poi faccio anche pallavolo quindi sono anche un po'' occupata in quello // mh // però;1;;;;;;;;;;;;;;;;;;;;;;;;;;;;;0;;
PBA030;#552662;doc#80;;https://search.corpuskiparla.it/corpus/player/player.cgi?code=PBA030&begin=448271&end=450900;448271;450900;PBA030;;0,02712963;;https://search.corpuskiparla.it/corpus/conversations/PBA030.html;https://search.corpuskiparla.it/corpus/conversations/PBA030_jefferson.html;21-25;M;;stud;;;emilia-romagna;laurea in corso;3;intervista semistrutturata;zone non in centro in centro ma ti trovi un quartiere più distaccato // sì // hai sempre s~ perchè è tutta ben collegata;comunque;quindi // quello sì sicuramente sì // mhmh // no poi c''è da considerare che col tempo comunque sta anche cambiando;1;;;;;;;;;;;;;;;;;;;;;;;;;;;;;0;;
PBA030;#552680;doc#80;;https://search.corpuskiparla.it/corpus/player/player.cgi?code=PBA030&begin=453440&end=457479;453440;457479;PBA030;;0,02712963;;https://search.corpuskiparla.it/corpus/conversations/PBA030.html;https://search.corpuskiparla.it/corpus/conversations/PBA030_jefferson.html;21-25;M;;stud;;;emilia-romagna;laurea in corso;3;intervista semistrutturata;è tutta ben collegata comunque quindi // quello sì sicuramente sì // mhmh // no poi c''è da considerare che col tempo;comunque;sta anche cambiando bologna ehm // da quello che so prima era anche meno caotica non so se poi col tempo cambierà questa;;;;1;1;;;;;;;;;;;1;;;;;;;;;;;;1;;0;;
PBA030;#553255;doc#80;;https://search.corpuskiparla.it/corpus/player/player.cgi?code=PBA030&begin=608018&end=610720;608018;610720;PBA030;;0,02712963;;https://search.corpuskiparla.it/corpus/conversations/PBA030.html;https://search.corpuskiparla.it/corpus/conversations/PBA030_jefferson.html;16-20;F;;stud;;;emilia-romagna;laurea in corso;3;intervista semistrutturata;è vero // è vero anche quello // organizza~ da due anni organizzano tornei e c''èsempre qualcosa anche quello // okay // e;comunque;vengono persone anche non solo di medicina // in estate è divertente // sì è vero vengono ragazzi di ravenn~ qualcuno di;;;;1;1;1;1;;;;;;;;;1;;;;;;;;;;;;;;1;;
PBA030;#553732;doc#80;;https://search.corpuskiparla.it/corpus/player/player.cgi?code=PBA030&begin=725360&end=728259;725360;728259;PBA030;;0,02712963;;https://search.corpuskiparla.it/corpus/conversations/PBA030.html;https://search.corpuskiparla.it/corpus/conversations/PBA030_jefferson.html;16-20;F;;stud;;;emilia-romagna;laurea in corso;3;intervista semistrutturata;mh perchè poi // tutta la gradinata dopo un po'' stanca cioè è un po'' diciamo pallosa // eh sì sì è faticoso // okay // perchè;comunque;è bella lunga ci metti un bel po'' e devi solo // fare dei gradini non è che ci sono attrazioni secondo me // ah mh // poi invece;1;;;;;;;;;;;;;;;;;;;;;;;;;;;;;1;;
PBA030;#554283;doc#80;;https://search.corpuskiparla.it/corpus/player/player.cgi?code=PBA030&begin=866728&end=869822;866728;869822;PBA030;;0,02712963;;https://search.corpuskiparla.it/corpus/conversations/PBA030.html;https://search.corpuskiparla.it/corpus/conversations/PBA030_jefferson.html;21-25;M;;stud;;;emilia-romagna;laurea in corso;3;intervista semistrutturata;proprio // addirittura // sì mh non // mai alla fine // eh però sì la differenza si sente // abbastanza anche perchè;comunque;noi ci spostiamo per eh // ehm // come società noi siamo sesto imolese che // mh // è ancora più a metà // è provincia di imola;1;;;;;;;;;;;;;;;;;;;;;;;;;;;;;0;;
PBA030;#555380;doc#80;;https://search.corpuskiparla.it/corpus/player/player.cgi?code=PBA030&begin=1154323&end=1156470;1154323;1156470;PBA030;;0,02712963;;https://search.corpuskiparla.it/corpus/conversations/PBA030.html;https://search.corpuskiparla.it/corpus/conversations/PBA030_jefferson.html;16-20;F;;stud;;;emilia-romagna;laurea in corso;3;intervista semistrutturata;o sbaglio? // sì sì sì sì // sì sì sì // ci mettiamo venti minuti // ci // mhmh // quarto d''ora venti minuti // okay // sì // e;comunque;sì è una buona via di mezzo secondo me // mhmh // okay e di mh // mh medicina ci sono delle cose che? // ehm modifichereste;;;;1;1;1;1;;;;;;;;;1;;;;;;;;;;;;;;0;;
PBA030;#555507;doc#80;;https://search.corpuskiparla.it/corpus/player/player.cgi?code=PBA030&begin=1188692&end=1193785;1188692;1193785;PBA030;;0,02712963;;https://search.corpuskiparla.it/corpus/conversations/PBA030.html;https://search.corpuskiparla.it/corpus/conversations/PBA030_jefferson.html;16-20;F;;stud;;;emilia-romagna;laurea in corso;3;intervista semistrutturata;pulizia però è abbastanza pulita medicina // sì sì // ah la pulizia okay // sì // anche mh sì è pulita anche ben organizzata;comunque;con i i mh nuovi // mhmh // cassonetti della spazzatura diciamo // ah okay // sì sì sì // ehm xxx // magari la riaprire la;;;;1;1;;;;;;;;;;;1;;;;;;;;;;;;;;1;;
PBA030;#559809;doc#80;;https://search.corpuskiparla.it/corpus/player/player.cgi?code=PBA030&begin=2290717&end=2296064;2290717;2296064;PBA030;;0,02712963;;https://search.corpuskiparla.it/corpus/conversations/PBA030.html;https://search.corpuskiparla.it/corpus/conversations/PBA030_jefferson.html;16-20;F;;stud;;;emilia-romagna;laurea in corso;3;intervista semistrutturata;// esatto // però io so // però c''è qualcuno che va a fare anche // lo scientifico // sì // lo scientifico a imola // sì c''è;comunque;che si chi si sposta allo scientifico scienze applicate che comunque c''è anche qua // mhmh // va a medici~ a mh imola //;1;;;;;;;;;;;;;;;;;;;;;;;;;;;;;0;;
PBA030;#559851;doc#80;;https://search.corpuskiparla.it/corpus/player/player.cgi?code=PBA030&begin=2301770&end=2304729;2301770;2304729;PBA030;;0,02712963;;https://search.corpuskiparla.it/corpus/conversations/PBA030.html;https://search.corpuskiparla.it/corpus/conversations/PBA030_jefferson.html;16-20;F;;stud;;;emilia-romagna;laurea in corso;3;intervista semistrutturata;anche qua // mhmh // va a medici~ a mh imola // mhmh // sì // ho capito // non capisco il perchè però // // anche per amicizie;comunque;eh sì si fa xx // eh si comunque alle medie c''hai quello che va a imola fa qualcosa vabbè dai stiam vicini andiamo con te però;;;;1;1;1;;;;;;;;;;1;;;;;;;;;;;;;;0;;
PBA030;#559860;doc#80;;https://search.corpuskiparla.it/corpus/player/player.cgi?code=PBA030&begin=2304340&end=2310123;2304340;2310123;PBA030;;0,02712963;;https://search.corpuskiparla.it/corpus/conversations/PBA030.html;https://search.corpuskiparla.it/corpus/conversations/PBA030_jefferson.html;21-25;M;;stud;;;emilia-romagna;laurea in corso;3;intervista semistrutturata;a mh imola // mhmh // sì // ho capito // non capisco il perchè però // // anche per amicizie comunque eh sì si fa xx // eh si;comunque;alle medie c''hai quello che va a imola fa qualcosa vabbè dai stiam vicini andiamo con te però // ah // eh sì // anch''io;;;;1;1;1;;;;;;;;;;1;;;;;;;;;;;;;;0;;
PBB009;#567854;doc#82;;https://search.corpuskiparla.it/corpus/player/player.cgi?code=PBB009&begin=1520980&end=1523240;1520980;1523240;PBB009;;0,050439815;;https://search.corpuskiparla.it/corpus/conversations/PBB009.html;https://search.corpuskiparla.it/corpus/conversations/PBB009_jefferson.html;31-35;M;;intell;;;calabria;laurea;3;intervista semistrutturata;due anni // in realtà la mia condizione non è cambiata molto rispetto a quella dello studente // mhmh // nel senso che;comunque;tutto sommato // eh la mia la mia realtà personale non era quella di una persona che si stava fermando ma era la f~ // cioè mh;;;;1;1;1;;;;;;;;;;1;;;;;;1;;;;;;1;;0;;
PBB009;#569799;doc#82;;https://search.corpuskiparla.it/corpus/player/player.cgi?code=PBB009&begin=2117794&end=2126848;2117794;2126848;PBB009;;0,050439815;;https://search.corpuskiparla.it/corpus/conversations/PBB009.html;https://search.corpuskiparla.it/corpus/conversations/PBB009_jefferson.html;21-25;F;;stud;;;lombardia;laurea in corso;3;intervista semistrutturata;delle zone più comode che io abbia mai vissuto frequentato // sì // mhmh // ehm // ci son~ cioè magari adesso hai detto che;comunque;come come zona ti piace molto però ci sono magari dei problemi degli aspetti che in questa zona che // eh r~ // rispetto a;;;;1;1;;;;;;;;;;;;;;;;;;;;1;;;;;1;;
PBB009;#571094;doc#82;;https://search.corpuskiparla.it/corpus/player/player.cgi?code=PBB009&begin=2533499&end=2538570;2533499;2538570;PBB009;;0,050439815;;https://search.corpuskiparla.it/corpus/conversations/PBB009.html;https://search.corpuskiparla.it/corpus/conversations/PBB009_jefferson.html;31-35;M;;intell;;;calabria;laurea;3;intervista semistrutturata;lockdown // e noi stiamo parlando dopo sei mesi? // mh beh sì // sì // dal da che si è ricominciato a fare un vita più normale e;comunque;stiamo parlando // sì sì sì // che in tre indossiamo le ffpdue // mhmh // quindi // cioè no~ no~ non ti so dire quanto è;;;;1;1;1;;;;;;;;;;1;;;;;;;;;;;;;;0;;
BOA3003;#586605;doc#84;;https://search.corpuskiparla.it/corpus/player/player.cgi?code=BOA3003&begin=1955959&end=1957201;1955959;1957201;BOA3003;;0,054560185;;https://search.corpuskiparla.it/corpus/conversations/BOA3003.html;https://search.corpuskiparla.it/corpus/conversations/BOA3003_jefferson.html;21-25;F;;stud;;;toscana;laurea in corso;4;conversazione libera;lei non sapeva // hai preso trenta e lode te // scusa xxxxxx // ah // devi rispondere alle domande che gli altri non sanno //;comunque;di voti sono alti // sì // io non mi voglio fà abbassà la media // sì // io ho bisogno di quel trenta per avere la media;;;;1;1;;1;;;;;;;;;1;;;;;;;;;;;;;;0;;
PBC019;#599006;doc#86;;https://search.corpuskiparla.it/corpus/player/player.cgi?code=PBC019&begin=124440&end=128190;124440;128190;PBC019;;0,023842593;;https://search.corpuskiparla.it/corpus/conversations/PBC019.html;https://search.corpuskiparla.it/corpus/conversations/PBC019_jefferson.html;21-25;F;;stud;;;emilia-romagna;laurea in corso;2;intervista semistrutturata;qua // entrare dalla parte di qua di via azzurra che è già tutta più // xx più popolata // più più case più fitta // quindico;comunque;diceva che c''erano anche dei luoghi di incontro molto // sì diciamo // in cui andava spesso? oppure // diceva // no lì mi;;;;1;1;1;;;;;;;;;;1;;;;;;;;;;;;1;;1;;
PBC019;#602288;doc#86;;https://search.corpuskiparla.it/corpus/player/player.cgi?code=PBC019&begin=1356383&end=1360200;1356383;1360200;PBC019;;0,023842593;;https://search.corpuskiparla.it/corpus/conversations/PBC019.html;https://search.corpuskiparla.it/corpus/conversations/PBC019_jefferson.html;21-25;F;;stud;;;emilia-romagna;laurea in corso;2;intervista semistrutturata;paio di volte in macchina ma non // ma non sono mai andato su a piedi // ah quindi neanche cioè non ha mai visitato il posto o;comunque;non so // sì sì ci son stato su ma xxxxxxxxxxxxx // mi ricordo la funivia quando c''era e poi dopo // anche quella non ci son;1;;;;;;;;;;;;;;;;;;;;;;;;;;;;;1;;
PBC019;#602930;doc#86;;https://search.corpuskiparla.it/corpus/player/player.cgi?code=PBC019&begin=1590760&end=1597680;1590760;1597680;PBC019;;0,023842593;;https://search.corpuskiparla.it/corpus/conversations/PBC019.html;https://search.corpuskiparla.it/corpus/conversations/PBC019_jefferson.html;21-25;F;;stud;;;emilia-romagna;laurea in corso;2;intervista semistrutturata;// non so forse lei sarebbe dacco~ cioè secondo lei invece andrebbe comunque insegnato? non so anche a scuola o;comunque;dai parenti // sì e sarebbe meglio perché // però quando // andavo a scuola io sgridavano se parlavi in dialetto e allora;1;;;;;;;;;;;;;;;;;;;;;;;;;;;;;0;;
PBA013;#607879;doc#87;;https://search.corpuskiparla.it/corpus/player/player.cgi?code=PBA013&begin=1026907&end=1029755;1026907;1029755;PBA013;;0,038796296;;https://search.corpuskiparla.it/corpus/conversations/PBA013.html;https://search.corpuskiparla.it/corpus/conversations/PBA013_jefferson.html;21-25;M;;uff;;;emilia-romagna;dip_tec_prof;3;intervista semistrutturata;poter viaggiare // cioè col non mi vedrei stabilmente qua // ah // mh // per quanto bologna sia bella // e parte di me perché;comunque;rimane parte di te // mh // però l''hai vissuta abbastanza ecco // sì // sì sì sì // cioè // come tipo // cioè xx comunque;1;;;;;;;;;;;;;;;;;;;;;;;;;;;;;0;;
PBA013;#607906;doc#87;;https://search.corpuskiparla.it/corpus/player/player.cgi?code=PBA013&begin=1035955&end=1039027;1035955;1039027;PBA013;;0,038796296;;https://search.corpuskiparla.it/corpus/conversations/PBA013.html;https://search.corpuskiparla.it/corpus/conversations/PBA013_jefferson.html;21-25;M;;uff;;;emilia-romagna;dip_tec_prof;3;intervista semistrutturata;comunque rimane parte di te // mh // però l''hai vissuta abbastanza ecco // sì // sì sì sì // cioè // come tipo // cioè xx;comunque;bisogna ammetterlo non è un realtà metropolitana da dire // mh // una città sempre enorme sempre in continua espansione;;;;1;1;1;;;;;;;;;;1;;;;;;;;;;;;;;0;;
PBA013;#610500;doc#87;;https://search.corpuskiparla.it/corpus/player/player.cgi?code=PBA013&begin=1745105&end=1753184;1745105;1753184;PBA013;;0,038796296;;https://search.corpuskiparla.it/corpus/conversations/PBA013.html;https://search.corpuskiparla.it/corpus/conversations/PBA013_jefferson.html;21-25;M;;uff;;;emilia-romagna;dip_tec_prof;3;intervista semistrutturata;dici? // sì non ho il ci due // // non ho il ci due di dialetto bolognese ecco // e mh bi uno ma neanche cioè // bi uno dai //;comunque;se uno mi parla in dialetto bolognese lo capisco gli potrei rispondere ma non riesco mai a fare delle frasi complesse con;;;;1;1;;;;;;;;;;;1;;;;;;;;;;;;;;0;;
PBA013;#610629;doc#87;;https://search.corpuskiparla.it/corpus/player/player.cgi?code=PBA013&begin=1789535&end=1790575;1789535;1790575;PBA013;;0,038796296;;https://search.corpuskiparla.it/corpus/conversations/PBA013.html;https://search.corpuskiparla.it/corpus/conversations/PBA013_jefferson.html;21-25;M;;uff;;;emilia-romagna;dip_tec_prof;3;intervista semistrutturata;// franca tra // varia gente che veniva da varie parti di bologna in aggiunta ai fuori sede // ah // quindi // eh // è //;comunque;è un gergo // miscuglio bolognese e altro // #bologn~ ecco è bolognese perché anche polleg // #viene preso da da da fuori;;;;1;1;;;;;;;;;;;1;;;;;;;;;;;;;;0;;"""se comunque"" - connettivo testuale"
PBA013;#610663;doc#87;;https://search.corpuskiparla.it/corpus/player/player.cgi?code=PBA013&begin=1800788&end=1803432;1800788;1803432;PBA013;;0,038796296;;https://search.corpuskiparla.it/corpus/conversations/PBA013.html;https://search.corpuskiparla.it/corpus/conversations/PBA013_jefferson.html;21-25;M;;uff;;;emilia-romagna;dip_tec_prof;3;intervista semistrutturata;ecco è bolognese perché anche polleg // #viene preso da da da fuori come vez da bologna passa da altre parti cioè //;comunque;c''è una comunicazione in entrata e in uscita // e il gergo bolognese riguarda più che altro // attività // che fa uno // e o;1;;;;;;;;;;;;;;;;;;;;;;;;;;;;;0;;
PBA013;#614941;doc#87;;https://search.corpuskiparla.it/corpus/player/player.cgi?code=PBA013&begin=2874169&end=2876527;2874169;2876527;PBA013;;0,038796296;;https://search.corpuskiparla.it/corpus/conversations/PBA013.html;https://search.corpuskiparla.it/corpus/conversations/PBA013_jefferson.html;21-25;M;;uff;;;emilia-romagna;dip_tec_prof;3;intervista semistrutturata;illogiche ci son delle parti mh un po'' stupide // però // vabbè è una fiction della rai eh // eh è una fiction della rai //;comunque;hanno un budget che è quello eh // no però in realtà // delle cose m~ // dal basso delle mh della mia mh // critica insomma;;;;1;1;;1;;;;;;;;;1;;;;;;;;;;;;;;0;;
PBA013;#616286;doc#87;;https://search.corpuskiparla.it/corpus/player/player.cgi?code=PBA013&begin=3203154&end=3205645;3203154;3205645;PBA013;;0,038796296;;https://search.corpuskiparla.it/corpus/conversations/PBA013.html;https://search.corpuskiparla.it/corpus/conversations/PBA013_jefferson.html;21-25;F;;stud;;;calabria;laurea in corso;3;intervista semistrutturata;robe qua // però // x già qua c''è la soluzione // e perché non trovi la soluzione anche dall''altra parte? // perché là;comunque;in carcere sono tutti omofobi quindi // ah okay top vediamo un frocio e lo picchiamo x // // okay okay // o se sono gay o sono;1;;;;;;;;;;;;;;;;;;;;;;;;;;;;;1;;
TOD1016;#616887;doc#88;;https://search.corpuskiparla.it/corpus/player/player.cgi?code=TOD1016&begin=1781&end=5378;1781;5378;TOD1016;;0,067951389;;https://search.corpuskiparla.it/corpus/conversations/TOD1016.html;https://search.corpuskiparla.it/corpus/conversations/TOD1016_jefferson.html;===NONE===;===NONE===;;===NONE===;;;===NONE===;===NONE===;1;lezione;rubare // grazie mil~ // // // vi ringrazio molto e io qua chiudo // ma no ma grazie a te // x // xxx adesso xxx // c'' era lei che;comunque;xxx // allora preferite sempre se uso il microfono? almeno per iniziare? // va bene // sì in fondo // è meglio anche per me;;;;;;;;;;;;;;;;;;;;;;;;;;;;;;0;;
TOD1016;#618280;doc#88;;https://search.corpuskiparla.it/corpus/player/player.cgi?code=TOD1016&begin=558285&end=561200;558285;561200;TOD1016;;0,067951389;;https://search.corpuskiparla.it/corpus/conversations/TOD1016.html;https://search.corpuskiparla.it/corpus/conversations/TOD1016_jefferson.html;46-50;F;;intell;;;piemonte;phd;1;lezione;pedale // eh // eh adesso poi non mi fido a togliere tutti i coperchi del pianoforte perché non so se poi li so rimettere //;comunque;insomma ogni corda ha uno smorzatore // che fa sì che quando io suono un do non si mette in vibrazione anche il re il si tutte;;;;1;1;1;;;;;;;;;;1;;;;;;;;;;;;;;0;;Non c'è abbastanza contesto
TOD1016;#621916;doc#88;;https://search.corpuskiparla.it/corpus/player/player.cgi?code=TOD1016&begin=2309831&end=2316144;2309831;2316144;TOD1016;;0,067951389;;https://search.corpuskiparla.it/corpus/conversations/TOD1016.html;https://search.corpuskiparla.it/corpus/conversations/TOD1016_jefferson.html;46-50;F;;intell;;;piemonte;phd;1;lezione;voce di basso quindi c'' è smepre quella // anche quella connotazione che io adesso vi s~ vi stavolgevo lie~ lievemente ma;comunque;rimane identico alla // la la questione ritmica e // e metrica e sì eh // // ma diciamo // l'' effetto anche un po'' buffo un po'';1;;;;;;;;;;;;;;;;;;;;;;;;;;;;;0;;
TOD1016;#627805;doc#88;;https://search.corpuskiparla.it/corpus/player/player.cgi?code=TOD1016&begin=5197310&end=5204261;5197310;5204261;TOD1016;;0,067951389;;https://search.corpuskiparla.it/corpus/conversations/TOD1016.html;https://search.corpuskiparla.it/corpus/conversations/TOD1016_jefferson.html;46-50;F;;intell;;;piemonte;phd;1;lezione;eh? // va bene? // lei invece cosa chiedeva la stessa domanda? sì // è la stessa domanda // va bene // sì ma sentiamolo // ma;comunque;non non spaventatevi che poi intanto p~ io penso anche a come magari prendervi degli altri esempi e via via // farvi;1;;;;;;;;;;;;;;;;;;;;;;;;;;;;;0;;
PBB012;#632387;doc#89;;https://search.corpuskiparla.it/corpus/player/player.cgi?code=PBB012&begin=1466935&end=1469255;1466935;1469255;PBB012;;0,034606481;;https://search.corpuskiparla.it/corpus/conversations/PBB012.html;https://search.corpuskiparla.it/corpus/conversations/PBB012_jefferson.html;51-55;M;;comm;;;emilia-romagna;laurea;3;intervista semistrutturata;cioè non // quasi incomprensibile un po'' come le leggi razziali diciamo ecco // e la vita era // era abbastanza semplice;comunque;c''era // la s~ sì la scuola bombicci i giochi // e // famiglia non c''erano tante poi // ehm // diciamo tante distrazioni;;;;1;1;;;;;;;;;;;1;;;;;;;;;;;;;;0;;
PBB012;#632416;doc#89;;https://search.corpuskiparla.it/corpus/player/player.cgi?code=PBB012&begin=1480695&end=1483855;1480695;1483855;PBB012;;0,034606481;;https://search.corpuskiparla.it/corpus/conversations/PBB012.html;https://search.corpuskiparla.it/corpus/conversations/PBB012_jefferson.html;51-55;M;;comm;;;emilia-romagna;laurea;3;intervista semistrutturata;bombicci i giochi // e // famiglia non c''erano tante poi // ehm // diciamo tante distrazioni magari come c''erano oggi;comunque;// ehm era una vita piuttosto semplice diciamo // mio nonno // era // aveva appena finito di costruire questa casa era in;;;;1;1;1;;;;;;;;;;;;;;;;1;;;;;;;;0;;
PBB012;#632946;doc#89;;https://search.corpuskiparla.it/corpus/player/player.cgi?code=PBB012&begin=1698040&end=1701020;1698040;1701020;PBB012;;0,034606481;;https://search.corpuskiparla.it/corpus/conversations/PBB012.html;https://search.corpuskiparla.it/corpus/conversations/PBB012_jefferson.html;51-55;M;;comm;;;emilia-romagna;laurea;3;intervista semistrutturata;si è chiuso un cerchio ecco per mio papà // ecco è stata data // una verità a questa storia // e // io non dico un lieto fine ma;comunque;// quello che si è potuto fare ecco per ricordarlo si è fatto insomma e si sta ancora facendo // e // ci son state poi da lì;1;;;;;;;;;;;;;;;;;;;;;;;;;;;;;0;;
PBB012;#634048;doc#89;;https://search.corpuskiparla.it/corpus/player/player.cgi?code=PBB012&begin=2090860&end=2092640;2090860;2092640;PBB012;;0,034606481;;https://search.corpuskiparla.it/corpus/conversations/PBB012.html;https://search.corpuskiparla.it/corpus/conversations/PBB012_jefferson.html;51-55;M;;comm;;;emilia-romagna;laurea;3;intervista semistrutturata;via anche la la vicenda sportiva // mh // ma io questa è una cosa magari che io faccio più fatica // a comprenderla perchè;comunque;// oh all''epoca c''erano le riviste c''era il calcio illustrato la radio // mh // eh sì però eh beh // anche quello lì è una //;1;;;;;;;;;;;;;;;;;;;;;;;;;;;;;0;;
PBB012;#634141;doc#89;;https://search.corpuskiparla.it/corpus/player/player.cgi?code=PBB012&begin=2131165&end=2132585;2131165;2132585;PBB012;;0,034606481;;https://search.corpuskiparla.it/corpus/conversations/PBB012.html;https://search.corpuskiparla.it/corpus/conversations/PBB012_jefferson.html;51-55;M;;comm;;;emilia-romagna;laurea;3;intervista semistrutturata;anche loro // eh // vittime nel // magari di questo del // del fascismo adesso vittime nel senso non so nel se~ // mh o;comunque;// erano // anche loro av~ hanno partecipato // a // a questa dittatura diciamo // e // sì // e questa mania diciamo non;1;;;;;;;;;;;;;;;;;;;;;;;;;;;;;0;;
KPC008;#637172;doc#90;;https://search.corpuskiparla.it/corpus/player/player.cgi?code=KPC008&begin=264188&end=271259;264188;271259;KPC008;;0,028101852;;https://search.corpuskiparla.it/corpus/conversations/KPC008.html;https://search.corpuskiparla.it/corpus/conversations/KPC008_jefferson.html;46-50;F;;intell;;;piemonte;phd;2;pasto;mh // okay // cioé mh ma schematizzando di solito insomma si si riconoscono tre matrici // okay // una indigenista perchè;comunque;buen vivir c''è anche un che si traduce anche sumak kau kausay i~ in quechua // mhmh // è anche un po'' un tentativo di;1;;;;;;;;;;;;;;;;;;;;;;;;;;;;;0;;
KPC008;#638142;doc#90;;https://search.corpuskiparla.it/corpus/player/player.cgi?code=KPC008&begin=601350&end=603910;601350;603910;KPC008;;0,028101852;;https://search.corpuskiparla.it/corpus/conversations/KPC008.html;https://search.corpuskiparla.it/corpus/conversations/KPC008_jefferson.html;46-50;F;;intell;;;piemonte;phd;2;pasto;// no sì p~ se poi ci metti pure x // più austerità è ancora peggio però comunque // cioè se non c''hai soldi per fare nulla;comunque;insomma // è un paese così assolutamente ingestibile è quello è l~ una è la stessa fase che sta ricominciando adesso // mh;;;;1;1;1;;;;;;;;;;;;;;;;1;;;;;;;;0;;
KPC008;#638649;doc#90;;https://search.corpuskiparla.it/corpus/player/player.cgi?code=KPC008&begin=762344&end=764318;762344;764318;KPC008;;0,028101852;;https://search.corpuskiparla.it/corpus/conversations/KPC008.html;https://search.corpuskiparla.it/corpus/conversations/KPC008_jefferson.html;46-50;F;;intell;;;piemonte;phd;2;pasto;diminuito // quindi magari poi c''era gente che comi~ che continuava a pensarlo però no~ non era // non lo dicevi più;comunque;n~ // il lavoro domestico per esempio // mh // no // in e~ // tipo tepper giver eccetera eccetera // sì // l''empleada che è la;;;;1;1;;;;;;;;;;;;;;;;;1;;;;;;;;0;;
KPC008;#639178;doc#90;;https://search.corpuskiparla.it/corpus/player/player.cgi?code=KPC008&begin=946465&end=948960;946465;948960;KPC008;;0,028101852;;https://search.corpuskiparla.it/corpus/conversations/KPC008.html;https://search.corpuskiparla.it/corpus/conversations/KPC008_jefferson.html;46-50;F;;intell;;;piemonte;phd;2;pasto;// neoliberali quindi è un disa~ io non pensavo // io d~ guarda io c''ho vissuto vent''anni in ecuador // mh // no? // e;comunque;certe cose le davo per acquisite // mi sbagliavo su tutta la linea proprio cannato alla grande no // // purtroppo nulla;;;;1;1;1;;;;;;;;;;1;;;;;;;;;;;;;;0;;
PBB014;#647927;doc#91;;https://search.corpuskiparla.it/corpus/player/player.cgi?code=PBB014&begin=1069391&end=1070781;1069391;1070781;PBB014;;0,022152778;;https://search.corpuskiparla.it/corpus/conversations/PBB014.html;https://search.corpuskiparla.it/corpus/conversations/PBB014_jefferson.html;46-50;F;;oper;;;estero;dip_lic;2;intervista semistrutturata;codice della strada se ti butti in contro mano su una strada a senso unico tipo san felice // // ti fiondano contro~ // ma tu;comunque;sei su un veicolo // tu devi rispettare il codice della strada perchè // e loro fan così loro tagliano vanno pensano di es~;1;;;;;;;;;;;;;;;;;;;;;;;;;;;;;0;;
PBB014;#648054;doc#91;;https://search.corpuskiparla.it/corpus/player/player.cgi?code=PBB014&begin=1099697&end=1104438;1099697;1104438;PBB014;;0,022152778;;https://search.corpuskiparla.it/corpus/conversations/PBB014.html;https://search.corpuskiparla.it/corpus/conversations/PBB014_jefferson.html;21-25;M;;stud;;;marche;laurea in corso;2;intervista semistrutturata;molta incoscenza molto menefreghismo finché poi non // mh // anche perché poi nonostante sia dalla parte della ragione;comunque;è l''autista che poi ci va di mezzo // assolutamente // anche perché alla fine sì è sempre un // un problema se ti succede //;1;1;;;;;;;;;;;;;;;;;;;;;;;;;;;;0;;
PBB014;#649621;doc#91;;https://search.corpuskiparla.it/corpus/player/player.cgi?code=PBB014&begin=1534722&end=1543925;1534722;1543925;PBB014;;0,022152778;;https://search.corpuskiparla.it/corpus/conversations/PBB014.html;https://search.corpuskiparla.it/corpus/conversations/PBB014_jefferson.html;46-50;F;;oper;;;estero;dip_lic;2;intervista semistrutturata;n~ diciamo tu non avevi responsabilità quindi // no no no no no no no // no eh diciamo una marea di testimoni // mhmh // poi;comunque;sono arrivati subito i vigili la polizia no mi han fatto l''alcool test e tutto perché sono obbligati a farlo nel momento;;;;1;1;1;;;;;;;;;;1;;;;;;;;;;;;;;0;;
PTD021;#654454;doc#92;;https://search.corpuskiparla.it/corpus/player/player.cgi?code=PTD021&begin=998234&end=1003085;998234;1003085;PTD021;;0,063530093;;https://search.corpuskiparla.it/corpus/conversations/PTD021.html;https://search.corpuskiparla.it/corpus/conversations/PTD021_jefferson.html;31-35;M;;oper;;;piemonte;dip_tec_prof;5;intervista semistrutturata;andarei a milano andrei a roma // mh mh // s~ andrei ineh grandi città in cui le industrie si stanno spostando torino;comunque;ha perso molto a livello // mh mh // di qualunque co~ cioè la rai la fiat la stampa son tu~ son tutte dislocate tra l''italia e;;;;1;1;;;;;;;;;;;1;;;;;;;;;;;;;;0;;
PTD021;#655028;doc#92;;https://search.corpuskiparla.it/corpus/player/player.cgi?code=PTD021&begin=1162209&end=1167332;1162209;1167332;PTD021;;0,063530093;;https://search.corpuskiparla.it/corpus/conversations/PTD021.html;https://search.corpuskiparla.it/corpus/conversations/PTD021_jefferson.html;21-25;M;;oper;;;puglia;dip_tec_prof;5;intervista semistrutturata;una famiglia dietro è quello che paga // però sì // ti vedono giovane // ti vedono giovane anche se non sanno se studi o no;comunque;ti fanno un prezzo da studente // mh mh meh // mh // però è vero quello che dicevi secondo me eh // o molti affittano solo agli;1;;;;;;;;;;;;;;;;;;;;;;;;;;;;;0;;
PTD021;#660205;doc#92;;https://search.corpuskiparla.it/corpus/player/player.cgi?code=PTD021&begin=2646991&end=2647593;2646991;2647593;PTD021;;0,063530093;;https://search.corpuskiparla.it/corpus/conversations/PTD021.html;https://search.corpuskiparla.it/corpus/conversations/PTD021_jefferson.html;31-35;M;;oper;;;piemonte;dip_tec_prof;5;intervista semistrutturata;coffe shop a barcellona // e lei cosa cosa va a fare // a torino visto che in italia sta diventando legale // eh a torino sì //;comunque;// ma non lavori sei ore a settimana // mh // se lo apri tu lavori ventiquattr''ore su ventiquat~ // e non ti bastano perchè;;;;1;1;;;;;;;;;;;;1;;;;;;;;;;;;;0;;
PTD021;#662498;doc#92;;https://search.corpuskiparla.it/corpus/player/player.cgi?code=PTD021&begin=3284121&end=3287752;3284121;3287752;PTD021;;0,063530093;;https://search.corpuskiparla.it/corpus/conversations/PTD021.html;https://search.corpuskiparla.it/corpus/conversations/PTD021_jefferson.html;31-35;M;;oper;;;piemonte;dip_tec_prof;5;intervista semistrutturata;dei pullman eh // ci sono e // se no li vado a suonare oh // esatto // abbiamo un ospedale che è grande come sto tavolo ma;comunque;c''è ed è a un passo // poi vabbè c''è la reggia // mh mh // che xxxxx // sono reali // esatto // noi abitiamo al settimo piano;1;;;;;;;;;;;;;;;;;;;;;;;;;;;;;0;;
PTD021;#664141;doc#92;;https://search.corpuskiparla.it/corpus/player/player.cgi?code=PTD021&begin=3775761&end=3780496;3775761;3780496;PTD021;;0,063530093;;https://search.corpuskiparla.it/corpus/conversations/PTD021.html;https://search.corpuskiparla.it/corpus/conversations/PTD021_jefferson.html;31-35;M;;oper;;;piemonte;dip_tec_prof;5;intervista semistrutturata;mica io // cazzo vuoi // e // e non ci volevo proprio venire qua // eh // // // // che poi non erano un problema perchè;comunque;vnivano su per lavorare e quindi si facevano il mazzo quadruplo // certo // e e // cioè gl~ gli unici stranieri che vedevi;1;;;;;;;;;;;;;;;;;;;;;;;;;;;;;0;;
PTD021;#665362;doc#92;;https://search.corpuskiparla.it/corpus/player/player.cgi?code=PTD021&begin=4093924&end=4099436;4093924;4099436;PTD021;;0,063530093;;https://search.corpuskiparla.it/corpus/conversations/PTD021.html;https://search.corpuskiparla.it/corpus/conversations/PTD021_jefferson.html;26-30;F;;intell;;;lombardia;phd;5;intervista semistrutturata;// sì // è vero che ci sono // a me sembra che siano aumentati in effetti anche se passeggi cioè nel weekend in centro così;comunque;ce n''è un sacco // però boh io non ho // però ripeto non essendo di qua non ho l''impressione di questa cosa invasiva // mh //;1;;;;;;;;;;;;;;;;;;;;;;;;;;;;;0;;
PTD021;#666750;doc#92;;https://search.corpuskiparla.it/corpus/player/player.cgi?code=PTD021&begin=4476382&end=4477415;4476382;4477415;PTD021;;0,063530093;;https://search.corpuskiparla.it/corpus/conversations/PTD021.html;https://search.corpuskiparla.it/corpus/conversations/PTD021_jefferson.html;26-30;F;;intell;;;lombardia;phd;5;intervista semistrutturata;libera giochiamo // okay // sì però giochi giochi // giochi in scatola giochi di società // okay // sì sì sì // ma in casa;comunque;// sì sì // sì // okay // e mh vabbè vabbè io per esempio invece xxx il pomeriggio quando ho i pomeriggi liberi // vado in un;1;;;;;;;;;;;;;;;;;;;;;;;;;;;;;0;;
PTD021;#669301;doc#92;;https://search.corpuskiparla.it/corpus/player/player.cgi?code=PTD021&begin=5189740&end=5191708;5189740;5191708;PTD021;;0,063530093;;https://search.corpuskiparla.it/corpus/conversations/PTD021.html;https://search.corpuskiparla.it/corpus/conversations/PTD021_jefferson.html;31-35;M;;oper;;;piemonte;dip_tec_prof;5;intervista semistrutturata;impegnati // che per venderlo agli italiani // ti fan fare la commedia ma poi sotto c''è il messaggio più fico del mondo // o;comunque;c''è la storia dietro importante // mh // e io credo che il cinema italiano sia morto dopo gli anni ottanta con l''avvento;1;;;;;;;;;;;;;;;;;;;;;;;;;;;;;0;;
PTD021;#670077;doc#92;;https://search.corpuskiparla.it/corpus/player/player.cgi?code=PTD021&begin=5414966&end=5418608;5414966;5418608;PTD021;;0,063530093;;https://search.corpuskiparla.it/corpus/conversations/PTD021.html;https://search.corpuskiparla.it/corpus/conversations/PTD021_jefferson.html;21-25;M;;oper;;;puglia;dip_tec_prof;5;intervista semistrutturata;fatto questo sbalzo qua quindi daleh videogioco // xxxxx // single player // mh mh // al multi player // un multi player;comunque;però locale esatto // locale // aleh videogioco on line con grafica pazzesca della play quattro quello per me quello è;1;;;;;;;;;;;;;;;;;;;;;;;;;;;;;0;;
BOD2015;#675164;doc#94;;https://search.corpuskiparla.it/corpus/player/player.cgi?code=BOD2015&begin=108926&end=115740;108926;115740;BOD2015;;0,015439815;;https://search.corpuskiparla.it/corpus/conversations/BOD2015.html;https://search.corpuskiparla.it/corpus/conversations/BOD2015_jefferson.html;21-25;F;;stud;;;veneto;laurea in corso;2;intervista semistrutturata;mh // come spiegare a~ abbandoni un po'' l'' infanzia~ // di come pas~ // cioè prima magari ti basta quello che c'' è perchè //;comunque;è un ambiente molto sicuro puoi essere indipendente già da piccolo perchè non c'' è bisogno di avere un grande controllo;1;;;;;;;;;;;;;;;;;;;;;;;;;;;;;0;;
KPS010;#684626;doc#96;;https://search.corpuskiparla.it/corpus/player/player.cgi?code=KPS010&begin=208210&end=212200;208210;212200;KPS010;;0,021724537;;https://search.corpuskiparla.it/corpus/conversations/KPS010.html;https://search.corpuskiparla.it/corpus/conversations/KPS010_jefferson.html;21-25;F;;intell;;;puglia;dip_lic;4;pasto;e tutto quanto e io gli facevo eh lo so // lui è più fortunatodi te // e~ e io gli facevo eh lo so perchè li organizziamo noi //;comunque;questo tipo di persone con chi sa non fanno bella figura ma con chi non sa // mh // antonio marco // vabbè sono quelli che;;;;1;1;;1;;;;;;;;;1;;;;;;;;;;;;;;0;;
TOD2012;#691187;doc#97;;https://search.corpuskiparla.it/corpus/player/player.cgi?code=TOD2012&begin=755998&end=758471;755998;758471;TOD2012;;0,03162037;;https://search.corpuskiparla.it/corpus/conversations/TOD2012.html;https://search.corpuskiparla.it/corpus/conversations/TOD2012_jefferson.html;31-35;F;;stud;;;piemonte;laurea in corso;2;intervista semistrutturata;esempio // poi quando mi son trasferita che stavo di fronte all'' ospedale maggiore // se in bicicletta è un quarto d'' ora;comunque;// sono pigra non mi va di sudare // ehmh // comunque l~ eh cioè // lì la pista ciclabile c'' era solo fino a un certo punto;;;;1;1;;;;;;;;;;;1;;;;;;;;;;;;;;1;;
TOD2012;#694440;doc#97;;https://search.corpuskiparla.it/corpus/player/player.cgi?code=TOD2012&begin=1703670&end=1705835;1703670;1705835;TOD2012;;0,03162037;;https://search.corpuskiparla.it/corpus/conversations/TOD2012.html;https://search.corpuskiparla.it/corpus/conversations/TOD2012_jefferson.html;31-35;F;;stud;;;piemonte;laurea in corso;2;intervista semistrutturata;il portiere // mhmh // che credo in italiano sia il portinaio ma per noi comunque è il portiere // portinaio // eh // ch~ che;comunque;ci dava sempreun occhio // personaggio il portiere il signor toni // mhmh // che // oddio // ci dava un occhio ogni tanto;1;;;;;;;;;;;;;;;;;;;;;;;;;;;;;0;;
PTD022;#698783;doc#98;;https://search.corpuskiparla.it/corpus/player/player.cgi?code=PTD022&begin=202133&end=204450;202133;204450;PTD022;;0,009155093;;https://search.corpuskiparla.it/corpus/conversations/PTD022.html;https://search.corpuskiparla.it/corpus/conversations/PTD022_jefferson.html;26-30;F;;intell;;;lombardia;phd;2;intervista semistrutturata;così comodi e veloci che // mh mh mh // ti puoi tranquillamente spostare facilmente // okay quindi potendo scegliere;comunque;rimarresti qua // assolutamente // okay // poi dipende eh se mi viene chiesto // certo // che mi arriva un contratto;1;;;;;;;;;;;;;;;;;;;;;;;;;;;;;0;;
PBA014;#709269;doc#101;;https://search.corpuskiparla.it/corpus/player/player.cgi?code=PBA014&begin=734590&end=735570;734590;735570;PBA014;;0,019375;;https://search.corpuskiparla.it/corpus/conversations/PBA014.html;https://search.corpuskiparla.it/corpus/conversations/PBA014_jefferson.html;21-25;M;;oper;;;emilia-romagna;dip_tec_prof;2;intervista semistrutturata;// eh ben tenuti // mh // comunque mi sembrano un po'' logori così // non al livello delle strade di roma // però // mi sembra;comunque;che // si possa fare qualosa in più // non so adesso io non sono // un esperto del genere però // però sì mi pare che siano un;1;;;;;;;;;;;;;;;;;;;;;;;;;;;;;0;;
KPS002;#711773;doc#102;;https://search.corpuskiparla.it/corpus/player/player.cgi?code=KPS002&begin=23208&end=23878;23208;23878;KPS002;;0,025960648;;https://search.corpuskiparla.it/corpus/conversations/KPS002.html;https://search.corpuskiparla.it/corpus/conversations/KPS002_jefferson.html;21-25;F;;stud;;;calabria;laurea in corso;3;pasto;non so // speriamo che // sia una terapia miracolosa perchè con un tumore ai polmoni e metastasi al cervello // non lo so //;comunque;// ma fuma? // no no mai fumato // comunque mo penso sta andando bene // però // a verità per non farle prendere la macchina;;;;1;1;;;;;;;;;;;;;;;;;;;;;;;;;0;;
KPS002;#712932;doc#102;;https://search.corpuskiparla.it/corpus/player/player.cgi?code=KPS002&begin=374284&end=375494;374284;375494;KPS002;;0,025960648;;https://search.corpuskiparla.it/corpus/conversations/KPS002.html;https://search.corpuskiparla.it/corpus/conversations/KPS002_jefferson.html;21-25;F;;stud;;;calabria;laurea in corso;3;pasto;effettivamente non è che riuscissi proprio a es~ me e sarò sembrata una morta più di quanto ero già // non lo sei // mh //;comunque;si con lui si // con claudio rossi // x // infatti ieri cioé tutte le altre cose magari davvero // ti ho x il pane // no no // x;;;;1;1;1;1;;;;;;;;;1;;;;;;;;;;;;;;0;;Funzione fatica
KPN003;#720501;doc#103;;https://search.corpuskiparla.it/corpus/player/player.cgi?code=KPN003&begin=137085&end=138586;137085;138586;KPN003;;0,034884259;;https://search.corpuskiparla.it/corpus/conversations/KPN003.html;https://search.corpuskiparla.it/corpus/conversations/KPN003_jefferson.html;21-25;F;;disocc;;;emilia-romagna;laurea;3;pasto;sempre da mh da mettere in camera // io farei qualcosa sulla motivation comunque // never stop dreaming // sì // cioè lei;comunque;si è laureata nel // sì sì sì eh ma infatti anche la scritta tipo never stop qualcosa // nel ballo // se era una scritta una;;;;1;1;;;;;;;;;;;1;;;;;;;;;;;;;;1;;
KPN003;#723880;doc#103;;https://search.corpuskiparla.it/corpus/player/player.cgi?code=KPN003&begin=1436705&end=1440568;1436705;1440568;KPN003;;0,034884259;;https://search.corpuskiparla.it/corpus/conversations/KPN003.html;https://search.corpuskiparla.it/corpus/conversations/KPN003_jefferson.html;21-25;F;;stud;;;emilia-romagna;laurea in corso;3;pasto;era la mamma di una compagna di classe di lara // e fa // lì da dada? // sì che ci lavorava // e fa ah guarda che stan cercando;comunque;un''altra un''altra commessa // non so se qualche tua nipote è interessata // ma sì ma li è perfetto cioè è sotto casa // sì //;;;;1;1;;;;;;;;;;;1;;;;;;;;;;;;;;0;;
KPN003;#725687;doc#103;;https://search.corpuskiparla.it/corpus/player/player.cgi?code=KPN003&begin=2133378&end=2135372;2133378;2135372;KPN003;;0,034884259;;https://search.corpuskiparla.it/corpus/conversations/KPN003.html;https://search.corpuskiparla.it/corpus/conversations/KPN003_jefferson.html;21-25;F;;disocc;;;emilia-romagna;laurea;3;pasto;// mh // il loro? // un coltello che mancava // mancava vero? // ok // ma sì cioè // se c''è la forchetta // no dai // otto //;comunque;la la tipa ci ha spiegato tutte le birre // un po'' veloce // un po'' velocemente eh però // però di sua spontanea volontà // mh;;;;1;1;;1;;;;;;;;;1;;;;;;;;;;;;;;0;;
KPN003;#726985;doc#103;;https://search.corpuskiparla.it/corpus/player/player.cgi?code=KPN003&begin=2475781&end=2478880;2475781;2478880;KPN003;;0,034884259;;https://search.corpuskiparla.it/corpus/conversations/KPN003.html;https://search.corpuskiparla.it/corpus/conversations/KPN003_jefferson.html;21-25;F;;stud;;;emilia-romagna;laurea in corso;3;pasto;stivaletti // e sto da di~ sto da dio adesso vediam stasera // però sì no // // cioè avevo delle v~ cose // che poi xxxx si ma;comunque;è una seratina tranquilla // a mezzanotte andiamo a casa // sì è vero // vabbè però in effetti a mezzanotte siamo usciti;1;;;;;;;;;;;;;;;;;;;;;;;;;;;;;1;;
PBB008;#729730;doc#104;;https://search.corpuskiparla.it/corpus/player/player.cgi?code=PBB008&begin=284642&end=290302;284642;290302;PBB008;;0,039340278;;https://search.corpuskiparla.it/corpus/conversations/PBB008.html;https://search.corpuskiparla.it/corpus/conversations/PBB008_jefferson.html;46-50;F;;intell;;;emilia-romagna;laurea;3;intervista semistrutturata;bologna anche quest''affezione che ogni tanto uno dice // ma perchè ancora sono così affezionata questa città // però //;comunque;rispetto ad altre città dove non succede assolutamemte nulla // è ovviamente mh // bologna ha il suo punto di forza i~ in;1;;;;;;;;;;;;;;;;;;;;;;;;;;;;;0;;
PBB008;#737342;doc#104;;https://search.corpuskiparla.it/corpus/player/player.cgi?code=PBB008&begin=3201040&end=3206010;3201040;3206010;PBB008;;0,039340278;;https://search.corpuskiparla.it/corpus/conversations/PBB008.html;https://search.corpuskiparla.it/corpus/conversations/PBB008_jefferson.html;46-50;F;;intell;;;emilia-romagna;laurea;3;intervista semistrutturata;che ci aveva passato questo professore eh era questo // eh che attraverso il teatro attraverso la musica attraverso;comunque;// eh le arti potevamo // mh anche la scrittura abbiam fatto dei progetti anche con la scrittura // potevamo far passare;;;;1;1;;;;;;;;;;;;;;1;;;1;;;;;;;;0;;
BOC1002;#741445;doc#105;;https://search.corpuskiparla.it/corpus/player/player.cgi?code=BOC1002&begin=1233988&end=1238590;1233988;1238590;BOC1002;;0,019953704;;https://search.corpuskiparla.it/corpus/conversations/BOC1002.html;https://search.corpuskiparla.it/corpus/conversations/BOC1002_jefferson.html;21-25;F;;stud;;;marche;laurea in corso;2;esame;vuol sapere dove son finite le sue i suoi materiali // va bene glielo chiederò // perché se sono in un magazzino // perché;comunque;ero piccolina avevano insomma era quasi alla fine sì sì // mh ah si parla di // qurant'' anni fa più o meno // boh non anni;;;;1;1;;;;;;;;;;;;;1;;;;;;;;;;;;0;;
PTD001;#743636;doc#106;;https://search.corpuskiparla.it/corpus/player/player.cgi?code=PTD001&begin=357301&end=362482;357301;362482;PTD001;;0,035648148;;https://search.corpuskiparla.it/corpus/conversations/PTD001.html;https://search.corpuskiparla.it/corpus/conversations/PTD001_jefferson.html;56-60;F;;pens;;;basilicata;dip_tec_prof;3;intervista semistrutturata;ben coperte da lei e quindi riusciamo // si lavora // sì riusciamo a lavorare bene perchè dove tu non arrivi c''è lei che;comunque;ti aiuta // per fortuna // altrimenti noi nonehm // meh ameno io parlo dico noi ma parl~ // sì anche perchè la tua;;;;1;1;;;;;;;;;;;;;1;;;;;;;;;;;;0;;
PBB005;#759887;doc#107;;https://search.corpuskiparla.it/corpus/player/player.cgi?code=PBB005&begin=1999312&end=2005880;1999312;2005880;PBB005;;0,0325;;https://search.corpuskiparla.it/corpus/conversations/PBB005.html;https://search.corpuskiparla.it/corpus/conversations/PBB005_jefferson.html;56-60;F;;tec;;;emilia-romagna;dip_tec_prof;3;intervista semistrutturata;quindi // fai le strade alternative che son comunque piene // e lì dopodiché // eh sono passata in questa zona e lì;comunque;ho notato con il tempo perché castelmaggiore è un paese che si è ingrandito tantissimo // io ci ho lavorato vent''anni //;1;;;;;;;;;;;;;;;;;;;;;;;;;;;;;0;;
PBB005;#759941;doc#107;;https://search.corpuskiparla.it/corpus/player/player.cgi?code=PBB005&begin=2016927&end=2024514;2016927;2024514;PBB005;;0,0325;;https://search.corpuskiparla.it/corpus/conversations/PBB005.html;https://search.corpuskiparla.it/corpus/conversations/PBB005_jefferson.html;21-25;F;;stud;;;emilia-romagna;laurea in corso;3;intervista semistrutturata;tanto e il traffico è aumentato tantissimo // tantissimo // xx // okay // ehm // però state cioè nonostante questo;comunque;state bene cioè non avete mai pensato tipo tu sei cresciuta a monzuno non hai m~ mai pensato // no // di tornare su? // sì sì;1;;;;;;;;;;;;;;;;;;;;;;;;;;;;;0;;
PBB005;#762411;doc#107;;https://search.corpuskiparla.it/corpus/player/player.cgi?code=PBB005&begin=2682412&end=2688096;2682412;2688096;PBB005;;0,0325;;https://search.corpuskiparla.it/corpus/conversations/PBB005.html;https://search.corpuskiparla.it/corpus/conversations/PBB005_jefferson.html;56-60;F;;tec;;;emilia-romagna;dip_tec_prof;3;intervista semistrutturata;o~ ho acquisito comunque un minimo di qualifica // che faccio? // vado a fare // eh? // cioè // a parte che li trovano tutti;comunque;perché son veramente pochi cioè se ne escono pochi dal tecnico ne escono ancora meno dal professionale // mh // però //;1;;;;;;;;;;;;;;;;;;;;;;;;;;;;;0;;
TOD2009;#763636;doc#108;;https://search.corpuskiparla.it/corpus/player/player.cgi?code=TOD2009&begin=283953&end=295189;283953;295189;TOD2009;;0,021145833;;https://search.corpuskiparla.it/corpus/conversations/TOD2009.html;https://search.corpuskiparla.it/corpus/conversations/TOD2009_jefferson.html;21-25;F;;stud;;;piemonte;laurea in corso;2;intervista semistrutturata;incontrato da un giorno all'' altro tutti i giorni ventiquattr'' ore su ventiquattronon è facile perché devi adattarti;comunque;// al suo stile di vita // eh // e quindi devi cambiare devi adattarti al suo modo di // mhmh // di vivere // eh invece // la;;;;1;1;;;;;;;;;;;;;1;;;;;;;;;;1;;0;;
BOA3020;#770896;doc#109;;https://search.corpuskiparla.it/corpus/player/player.cgi?code=BOA3020&begin=754673&end=758170;754673;758170;BOA3020;;0,01587963;;https://search.corpuskiparla.it/corpus/conversations/BOA3020.html;https://search.corpuskiparla.it/corpus/conversations/BOA3020_jefferson.html;21-25;F;;stud;;;emilia-romagna;laurea in corso;1;conversazione libera;gratis l'' università // cos'' è gra~ ah // per i cittadini europei // ah // cioè non pag~ paghi quasi niente // eh // è buono //;comunque;perché nessuno di noi è andato in erasmus? io voglio andare in erasmus // sì quando? // dici? // // no vabbè // in;;;;1;1;;1;;;;;;;;;1;;;;;;;;;;;;;;1;;
KPN011;#809181;doc#114;;https://search.corpuskiparla.it/corpus/player/player.cgi?code=KPN011&begin=1353783&end=1355151;1353783;1355151;KPN011;;0,029236111;;https://search.corpuskiparla.it/corpus/conversations/KPN011.html;https://search.corpuskiparla.it/corpus/conversations/KPN011_jefferson.html;31-35;M;;stud;;;emilia-romagna;laurea in corso;4;pasto;eh // mangia mangia eh tanto avete mang~ nessuno ha mangiato un cazzo // madonna veramente io ho mangiato x // che fatica;comunque;// mangio un pezzettino // no no no io non voglio più marco sono pieno veramente // dov''è la forbice? // mangio la cosa di;;;;1;1;;;;;;;;;;;;;;;;;;;;;;;;1;1;;
PBA016;#819275;doc#117;;https://search.corpuskiparla.it/corpus/player/player.cgi?code=PBA016&begin=183567&end=186187;183567;186187;PBA016;;0,022233796;;https://search.corpuskiparla.it/corpus/conversations/PBA016.html;https://search.corpuskiparla.it/corpus/conversations/PBA016_jefferson.html;16-20;M;;stud;;;emilia-romagna;laurea in corso;4;intervista semistrutturata;cioè // sì è bello // cioè dico eh // dico io dico non // lo dicevamo anche noi cioè a me son piaciuti // sì // sì sì sì // beh;comunque;a trento faceva un gran caldo eh proprio tipo // sì tipo una è a fondo valle quindi tutto il calore del mondo si riversa // sì;;;;1;1;1;1;;;;;;;;;1;;;;;;;;;;;;;;0;;
PBA016;#819454;doc#117;;https://search.corpuskiparla.it/corpus/player/player.cgi?code=PBA016&begin=230877&end=234162;230877;234162;PBA016;;0,022233796;;https://search.corpuskiparla.it/corpus/conversations/PBA016.html;https://search.corpuskiparla.it/corpus/conversations/PBA016_jefferson.html;16-20;M;;stud;;;emilia-romagna;laurea in corso;4;intervista semistrutturata;// eh // è un po'' // beh // è un brutto cioè // diciamo che d''inverno // fa un freddo cane // se m~ // fa freddo e comunque sembra;comunque;sembra di essere nella bassa quindi // cioè // c''è la nebbia brutta // d''estate fa un gran caldo afoso c''è una cappa;1;;;;;;;;;;;;;;;;;;;;;;;;;;;;;1;;
PBA016;#824273;doc#117;;https://search.corpuskiparla.it/corpus/player/player.cgi?code=PBA016&begin=1454372&end=1455988;1454372;1455988;PBA016;;0,022233796;;https://search.corpuskiparla.it/corpus/conversations/PBA016.html;https://search.corpuskiparla.it/corpus/conversations/PBA016_jefferson.html;21-25;F;;stud;;;trentino-alto-adige;laurea;4;intervista semistrutturata;// okay okay // però tipo // il mio t~ // dov''è il qubò? // x // x // mh via santo stefan~ no mh dai // vicino alla vecchia stalla;comunque;// eh non mi ricordo // attaccato // // cioè è pienissimo centro // e tipo lui si faceva un botto di serate là al suo anno;1;;;;;;;;;;;;;;;;;;;;;;;;;;;;;0;;
PTA001;#827706;doc#118;;https://search.corpuskiparla.it/corpus/player/player.cgi?code=PTA001&begin=593000&end=594310;593000;594310;PTA001;;0,064236111;;https://search.corpuskiparla.it/corpus/conversations/PTA001.html;https://search.corpuskiparla.it/corpus/conversations/PTA001_jefferson.html;26-30;M;;oper;;;piemonte;dip_tec_prof;3;intervista semistrutturata;per i mezzi cioèc~ mh villarbasse per villarbasse ci sono mezzi? // o comunque ti serve la macchina? // no // no // sì;comunque;ti serve la macchina // okay // passa un pullman che parte da rivoli fa // rivoli villarbasse reano trana e va fino a;1;;;;;;;;;;;;;;;;;;;;;;;;;;;;;0;;
PTA001;#827739;doc#118;;https://search.corpuskiparla.it/corpus/player/player.cgi?code=PTA001&begin=604510&end=606710;604510;606710;PTA001;;0,064236111;;https://search.corpuskiparla.it/corpus/conversations/PTA001.html;https://search.corpuskiparla.it/corpus/conversations/PTA001_jefferson.html;26-30;F;;intell;;;lombardia;phd;3;intervista semistrutturata;un pullman che parte da rivoli fa // rivoli villarbasse reano trana e va fino a giaveno e torna indietro // okay // quindi;comunque;ti serve la macchina sostanzialmente // vabbè villarbasse per girar villarbasse sono ottocento metri // oka~ // //;1;;;;;;;;;;;;;;;;;;;;;;;;;;;;;0;;
PTA001;#829655;doc#118;;https://search.corpuskiparla.it/corpus/player/player.cgi?code=PTA001&begin=1183910&end=1187402;1183910;1187402;PTA001;;0,064236111;;https://search.corpuskiparla.it/corpus/conversations/PTA001.html;https://search.corpuskiparla.it/corpus/conversations/PTA001_jefferson.html;26-30;M;;oper;;;piemonte;dip_tec_prof;3;intervista semistrutturata;frequentava quel locale fondamentalmente // // // e siccome è un cocktail che è fresco // eh // il primo neanche lo senti;comunque;va giù abbastanza velocemente // // finchè a un certo punto non ti alzi più dalla sedia o non ti metti a ridere // // //;;;;1;1;;;;;;;;;;;1;;;;;;;;;;;;;;0;;
PTA001;#831675;doc#118;;https://search.corpuskiparla.it/corpus/player/player.cgi?code=PTA001&begin=1780005&end=1782310;1780005;1782310;PTA001;;0,064236111;;https://search.corpuskiparla.it/corpus/conversations/PTA001.html;https://search.corpuskiparla.it/corpus/conversations/PTA001_jefferson.html;26-30;M;;oper;;;piemonte;dip_tec_prof;3;intervista semistrutturata;chitarra la domenica mattina alle otto // // direi di no // mamma mia gli ho fatto delle cose in quella casa che // // // però;comunque;mi sarebbe sempre piaciu~ // è già tanto se ci abita ancora // so fare so suonare il flauto // per forza me l''hanno;1;;;;;;;;;;;;;;;;;;;;;;;;;;;;;0;;
PTA001;#832154;doc#118;;https://search.corpuskiparla.it/corpus/player/player.cgi?code=PTA001&begin=1905510&end=1908700;1905510;1908700;PTA001;;0,064236111;;https://search.corpuskiparla.it/corpus/conversations/PTA001.html;https://search.corpuskiparla.it/corpus/conversations/PTA001_jefferson.html;26-30;M;;oper;;;piemonte;dip_tec_prof;3;intervista semistrutturata;eh che s''è che un pallone d''oro che se n''è presi un paio di fila in un derby roma lazio // eh maicon // aveva un gran piede però;comunque;insomma // // // eh // se no tendenzialmente hanno sempre le ciabatte // // eh i terzini sono abbastanza buoni sugli stop;1;;;;;;;;;;;;;;;;;;;;;;;;;;;;;0;;
PTA001;#832531;doc#118;;https://search.corpuskiparla.it/corpus/player/player.cgi?code=PTA001&begin=2021800&end=2024001;2021800;2024001;PTA001;;0,064236111;;https://search.corpuskiparla.it/corpus/conversations/PTA001.html;https://search.corpuskiparla.it/corpus/conversations/PTA001_jefferson.html;26-30;M;;oper;;;piemonte;dip_tec_prof;3;intervista semistrutturata;// // al campo dovevo essere tipo la partita era alle due forse xx // ma io c''ero? // non mi ricordo se c''eri quell''anno //;comunque;torno a casa a mezzogiorno e mezza // prendo la borsa all''una vado al campo alle due vado a giocare // sul rinvio del;;;;1;1;;;;;;;;;;;1;;;;;;;;;;;;;;0;;
PTA001;#836834;doc#118;;https://search.corpuskiparla.it/corpus/player/player.cgi?code=PTA001&begin=3427510&end=3432707;3427510;3432707;PTA001;;0,064236111;;https://search.corpuskiparla.it/corpus/conversations/PTA001.html;https://search.corpuskiparla.it/corpus/conversations/PTA001_jefferson.html;26-30;F;;intell;;;lombardia;phd;3;intervista semistrutturata;così male // quello che cos''è? a che bello sìsìsìsìsìsì // vai // vai // ehi // cosa vuoi? ehi // vai // ma sai poi torino;comunque;anche solo il fatto che la vita costi molto di meno riesci a godertela anche un po'' di più // sì sì sì // mh sta di fatto che;;;;1;1;;;;;;;;;;;1;;;;;;;;;;;;;;0;;
PTA001;#840043;doc#118;;https://search.corpuskiparla.it/corpus/player/player.cgi?code=PTA001&begin=4872510&end=4875303;4872510;4875303;PTA001;;0,064236111;;https://search.corpuskiparla.it/corpus/conversations/PTA001.html;https://search.corpuskiparla.it/corpus/conversations/PTA001_jefferson.html;26-30;M;;intell;;;piemonte;phd;3;intervista semistrutturata;// tu tu // tu tu malefico tu // prendiamola di cuori e non di picche // mh sì // tieni questi son per te // non lo volevo il tre;comunque;// // non mi serviva // tieni // non te lo volevo dire // te la me~ // te lo metto lì lo stesso // vai // cazzo sei a una carta // eh;;;;1;1;;;;;;;;;;;1;;;;;;;;;;;;;;0;;
PTA001;#841026;doc#118;;https://search.corpuskiparla.it/corpus/player/player.cgi?code=PTA001&begin=5405105&end=5406402;5405105;5406402;PTA001;;0,064236111;;https://search.corpuskiparla.it/corpus/conversations/PTA001.html;https://search.corpuskiparla.it/corpus/conversations/PTA001_jefferson.html;26-30;F;;intell;;;lombardia;phd;3;intervista semistrutturata;di testicolo porca miseria // // qual era l''altra tua? // era la mia questa // era più facile da sistemare quella // dai;comunque;due su due eh // eh // sì // // da qua t''ho smontato tutto // tutti i quattro tutti eh // // ma come cazzo hai fatto a capire? che;1;;;;;;;;;;;;;;;;;;;;;;;;;;;;;0;;
KPN026;#844558;doc#119;;https://search.corpuskiparla.it/corpus/player/player.cgi?code=KPN026&begin=840035&end=842322;840035;842322;KPN026;;0,026759259;;https://search.corpuskiparla.it/corpus/conversations/KPN026.html;https://search.corpuskiparla.it/corpus/conversations/KPN026_jefferson.html;21-25;F;;stud;;;emilia-romagna;laurea in corso;4;pasto;un''autostrada cioè // devi uscire in puglia poi fare le stradi~ o no? // eh // eh // è in mezzo ai monti // adesso ci guardo //;comunque;volevo dirvi che rossi è stato molto carino // non so se mi ha scritto // cioè? // perchè gli ha insistito la x // però // mi ha;;;;1;1;;1;;;;;;;;;1;;;;;;;;;;;;;;0;;
KPN026;#846436;doc#119;;https://search.corpuskiparla.it/corpus/player/player.cgi?code=KPN026&begin=1443669&end=1445058;1443669;1445058;KPN026;;0,026759259;;https://search.corpuskiparla.it/corpus/conversations/KPN026.html;https://search.corpuskiparla.it/corpus/conversations/KPN026_jefferson.html;21-25;F;;stud;;;emilia-romagna;laurea in corso;4;pasto;lo guarderò // sì ma guarda che // che se lo cerchi d~ di forlì anche lì te le dà cioè n~ // // vabbè dai // è calda vero? //;comunque;volevo dire che // la bianchi m''ha detto // vengo alle ventuno e quarantacinque perchè prima sono a fare il servizio alla;;;;1;1;;1;;;;;;;;;1;;;;;;;;;;;;;;1;;
KPS017;#851176;doc#120;;https://search.corpuskiparla.it/corpus/player/player.cgi?code=KPS017&begin=392465&end=393130;392465;393130;KPS017;;0,028043981;;https://search.corpuskiparla.it/corpus/conversations/KPS017.html;https://search.corpuskiparla.it/corpus/conversations/KPS017_jefferson.html;16-20;M;;stud;;;sardegna;laurea in corso;4;pasto;gente che ha preso no centodieci e lode // proprio non capiscono niente poi // // // no c''hai ragionissima in effetti sì //;comunque;// vabbè // se devi prende re centodieci e lode prendilo alla magistrale // mi hai tranquillizzato un po'' // sì è buona;;;;1;1;;1;;;;;;;;;1;;;;;;;;;;;;;;1;;
KPS017;#861102;doc#120;;https://search.corpuskiparla.it/corpus/player/player.cgi?code=KPS017&begin=2447170&end=2448390;2447170;2448390;KPS017;;0,028043981;;https://search.corpuskiparla.it/corpus/conversations/KPS017.html;https://search.corpuskiparla.it/corpus/conversations/KPS017_jefferson.html;81-85;F;;pens;;;sardegna;med;4;pasto;buttata // infatti questa // eh no l''abbiamo mangiata comunque // l''abbiamo buttata // // // l''abbiam mangiata;comunque;// anche io ma infatti // però anche lei era un po'' mortificata dice non mi è mai capitato eh vabbè sono cose che succedono;1;;;;;;;;;;;;;;;;;;;;;;;;;;;;;1;;
KPN001;#890575;doc#124;;https://search.corpuskiparla.it/corpus/player/player.cgi?code=KPN001&begin=665720&end=674242;665720;674242;KPN001;;0,037048611;;https://search.corpuskiparla.it/corpus/conversations/KPN001.html;https://search.corpuskiparla.it/corpus/conversations/KPN001_jefferson.html;21-25;F;;intell;;;abruzzo;dip_lic;2;pasto;ah poi la presentazione cioè claudia mi ha detto // è proprio un''esperienza cioè lo fai oltre che per andare lì a mangiare;comunque;ti fa piacere vedere il clien~ cioè vieni trattato in un determinato modo // avoglia // ehm trovi effettivamente dei;1;;;;;;;;;;;;;;;;;;;;;;;;;;;;;0;;
KPN001;#891005;doc#124;;https://search.corpuskiparla.it/corpus/player/player.cgi?code=KPN001&begin=799020&end=805102;799020;805102;KPN001;;0,037048611;;https://search.corpuskiparla.it/corpus/conversations/KPN001.html;https://search.corpuskiparla.it/corpus/conversations/KPN001_jefferson.html;21-25;F;;intell;;;abruzzo;dip_lic;2;pasto;me poi non so come vederci io molto poco perchè per me tipo vado in vacanza è fondamentale cosa mangio dove vado // certo o;comunque;appunto tu sei lì sai che c''è un ristorante xx ma anche che può essere // ehm // mh // vai vai // scusa no è che stiamo anche;1;;;;;;;;;;;;;;;;;;;;;;;;;;;;;0;;
PBA011;#898569;doc#125;;https://search.corpuskiparla.it/corpus/player/player.cgi?code=PBA011&begin=113265&end=118320;113265;118320;PBA011;;0,027210648;;https://search.corpuskiparla.it/corpus/conversations/PBA011.html;https://search.corpuskiparla.it/corpus/conversations/PBA011_jefferson.html;21-25;M;;comm;;;emilia-romagna;dip_tec_prof;3;intervista semistrutturata;bologna // e // però non ci farei tutta la mia vita intera ecco // chiaramente // arriva un // a un''età nella vita dove;comunque;cerchi qualcosa di nuovo cerchi una zona nuova un posto nuovo // noi parliamo molto in questo modo qua a zona // è vero //;;;;1;1;;;;;;;;;;;;;;;;;1;;;;;;;;0;;
PBA011;#898681;doc#125;;https://search.corpuskiparla.it/corpus/player/player.cgi?code=PBA011&begin=148319&end=151191;148319;151191;PBA011;;0,027210648;;https://search.corpuskiparla.it/corpus/conversations/PBA011.html;https://search.corpuskiparla.it/corpus/conversations/PBA011_jefferson.html;21-25;M;;comm;;;emilia-romagna;dip_tec_prof;3;intervista semistrutturata;che magari vengono da altre zone perchè c''è zona san vitale // zona san donato mh // zona mazzini // eh zona san lazzaro che;comunque;non è molto // eh diffusa zona san lazzaro in un certo senso cioè // mhmh // più si dice più san lazzo o sanna // sanna che;;;;1;1;;;;;;;;;;;1;;;;;;;;;;;;;;0;;
PBA011;#902241;doc#125;;https://search.corpuskiparla.it/corpus/player/player.cgi?code=PBA011&begin=1170865&end=1172874;1170865;1172874;PBA011;;0,027210648;;https://search.corpuskiparla.it/corpus/conversations/PBA011.html;https://search.corpuskiparla.it/corpus/conversations/PBA011_jefferson.html;21-25;F;;stud;;;sicilia;laurea in corso;3;intervista semistrutturata;anche appunto // // beh ci sta // vabbè se mi doveste descrivere tipo un''uscita // bolognese di sera // voi che la girate;comunque;la sera bologna // è dura ah la stiamo cercando anche noi da ventun anni // // perchè? // una serata // nel senso mh dipende;;;;1;1;;;;;;;;;;;;;;;;;;;;;;;1;;0;;
BOD2008;#907851;doc#126;;https://search.corpuskiparla.it/corpus/player/player.cgi?code=BOD2008&begin=444373&end=444880;444373;444880;BOD2008;;0,021180556;;https://search.corpuskiparla.it/corpus/conversations/BOD2008.html;https://search.corpuskiparla.it/corpus/conversations/BOD2008_jefferson.html;21-25;F;;stud;;;emilia-romagna;laurea in corso;2;intervista semistrutturata;// gnocco e tigelle è comunque un un ristorante tipico non troppo rustico diciamo // bene // allora ci andremo presto //;comunque;// vi aspetto // è grande il ristorante di tuo padre? // ehm sì lo definirei // ha molti posti o // medio grande diciamo che;;;;1;1;;1;;;;;;;;;1;;;;;;;;;;;;;;0;;
BOD2008;#908131;doc#126;;https://search.corpuskiparla.it/corpus/player/player.cgi?code=BOD2008&begin=557838&end=562754;557838;562754;BOD2008;;0,021180556;;https://search.corpuskiparla.it/corpus/conversations/BOD2008.html;https://search.corpuskiparla.it/corpus/conversations/BOD2008_jefferson.html;21-25;M;;stud;;;emilia-romagna;laurea in corso;2;intervista semistrutturata;opzione // e comunque la zona dove viviamo è una zona comoda per quanto la casa non sia delle più nuove // mh // è una zona;comunque;vicina alle scuole vicina al centro // quindi diciamo che è comoda proprio per i servizi quotidiani che puoi usufruire;1;;;;;;;;;;;;;;;;;;;;;;;;;;;;;1;;Funzione fatica
BOD2008;#908797;doc#126;;https://search.corpuskiparla.it/corpus/player/player.cgi?code=BOD2008&begin=791693&end=797686;791693;797686;BOD2008;;0,021180556;;https://search.corpuskiparla.it/corpus/conversations/BOD2008.html;https://search.corpuskiparla.it/corpus/conversations/BOD2008_jefferson.html;21-25;M;;stud;;;emilia-romagna;laurea in corso;2;intervista semistrutturata;avendo visto anche bologna ma non avendoci vissuto // ovviamente capisci la differenza da una città di provincia a;comunque;una // una città come bologna che sicuramente da tutti i punti di vista può offrire molte opportunità ma non solo;;;;1;1;;;;;;;;;;;;;1;;;;;;;;;;;1;0;;
BOD2008;#909523;doc#126;;https://search.corpuskiparla.it/corpus/player/player.cgi?code=BOD2008&begin=1043415&end=1049086;1043415;1049086;BOD2008;;0,021180556;;https://search.corpuskiparla.it/corpus/conversations/BOD2008.html;https://search.corpuskiparla.it/corpus/conversations/BOD2008_jefferson.html;21-25;M;;stud;;;emilia-romagna;laurea in corso;2;intervista semistrutturata;quanto ormai eh // dove ho fatto questo // eh no non era la terza media forse un anno eran già le superiori primo superiore;comunque;// dove ho fatto questa esperienza dove sono stato in irlanda una // bellissimo // una una settimana appunto per con;;;;1;1;;;;;;;;;;;;;;;;;;;;1;1;;;;1;;
BOD2008;#910767;doc#126;;https://search.corpuskiparla.it/corpus/player/player.cgi?code=BOD2008&begin=1413416&end=1415616;1413416;1415616;BOD2008;;0,021180556;;https://search.corpuskiparla.it/corpus/conversations/BOD2008.html;https://search.corpuskiparla.it/corpus/conversations/BOD2008_jefferson.html;21-25;M;;stud;;;emilia-romagna;laurea in corso;2;intervista semistrutturata;tutto qua per eh // mh per andare via cioè // ci sta // non l'' ho mai sentita come una priorità // mhno capisco // poi mh cioè;comunque;un // un po'' ci~ cioè nel senso ci si pensa però non // mai in modo troppo troppo serio ecco // mh capito ehm // con gli esami;;;;1;1;1;;;;;;;;;;;;;;;;1;;;;;;;;1;;
BOD2008;#910989;doc#126;;https://search.corpuskiparla.it/corpus/player/player.cgi?code=BOD2008&begin=1497237&end=1501488;1497237;1501488;BOD2008;;0,021180556;;https://search.corpuskiparla.it/corpus/conversations/BOD2008.html;https://search.corpuskiparla.it/corpus/conversations/BOD2008_jefferson.html;21-25;M;;stud;;;emilia-romagna;laurea in corso;2;intervista semistrutturata;avanzata non sono proprio piccoli piccoli // peròtra l'' altro quest'' anno forse invece abbiamo anche quelli piccolini;comunque;mi sono // ritagliato molto tempo per questo quindi // facendolo tre tre annate alla fine quest'' anno // eh mi occupano;;;;1;1;;;;;;;;;;;1;;;;;;;;;;;;;;0;;
TOC1001;#913409;doc#127;;https://search.corpuskiparla.it/corpus/player/player.cgi?code=TOC1001&begin=513358&end=520660;513358;520660;TOC1001;;0,017372685;;https://search.corpuskiparla.it/corpus/conversations/TOC1001.html;https://search.corpuskiparla.it/corpus/conversations/TOC1001_jefferson.html;21-25;M;;stud;;;piemonte;laurea in corso;2;esame;ma io sono andato subito sul sul tragico e così // mhperò c'' è anche questa realtà comunque che va considerata perché // e;comunque;a questo proposito sì mi viene in mente che eh nel caso delle rimesse infatti si parla propriamente di;;;;1;1;1;;;;;;;;;;1;;;;;;;;;;;;;;0;;
PTD019;#917387;doc#128;;https://search.corpuskiparla.it/corpus/player/player.cgi?code=PTD019&begin=503264&end=509154;503264;509154;PTD019;;0,038043981;;https://search.corpuskiparla.it/corpus/conversations/PTD019.html;https://search.corpuskiparla.it/corpus/conversations/PTD019_jefferson.html;31-35;M;;comm;;;lombardia;dip_tec_prof;4;intervista semistrutturata;ma allora ti dico anch''io tendenzialmente // cioè vorrei rimanere in questo ambito qua // mhmh // e poi il discorso è che;comunque;cioè mh lo sviluppo software l''informatica è una cosa enorme e ta~ e tante // e diciamo tanti lavori e tante mansioni;;;;1;1;1;;;;;;;;;;1;;1;;;;;;;;;;;;0;;
PTD019;#917520;doc#128;;https://search.corpuskiparla.it/corpus/player/player.cgi?code=PTD019&begin=549058&end=551492;549058;551492;PTD019;;0,038043981;;https://search.corpuskiparla.it/corpus/conversations/PTD019.html;https://search.corpuskiparla.it/corpus/conversations/PTD019_jefferson.html;31-35;M;;comm;;;lombardia;dip_tec_prof;4;intervista semistrutturata;e un po'' meno // mhmh // ehm cioè // di di realizzazione pratica delle cose // mhmhmh // okay // però in linea di massima;comunque;son felice sì // okay // per cui anche tu comunque rimanendo sempre nell''ambito? // assolutamente sì sì sì sì // ehm;;;;1;1;;;;;;;;;;;1;;;;;;;;;;;;;;1;;
PTD019;#917668;doc#128;;https://search.corpuskiparla.it/corpus/player/player.cgi?code=PTD019&begin=602366&end=604594;602366;604594;PTD019;;0,038043981;;https://search.corpuskiparla.it/corpus/conversations/PTD019.html;https://search.corpuskiparla.it/corpus/conversations/PTD019_jefferson.html;36-40;M;;comm;;;piemonte;dip_lic;4;intervista semistrutturata;ero il pivello che faceva queste cose qui le facevo male // adesso mi~ credo di farle un po'' meglio // però noto che;comunque;è questa la tendenza // mhmh // cioè // io ho fatto anche qualche esperienza fuori // e quello che vedi cioè è proprio u~ u~;1;;;;;;;;;;;;;;;;;;;;;;;;;;;;;0;;
PTD019;#921451;doc#128;;https://search.corpuskiparla.it/corpus/player/player.cgi?code=PTD019&begin=1701337&end=1705036;1701337;1705036;PTD019;;0,038043981;;https://search.corpuskiparla.it/corpus/conversations/PTD019.html;https://search.corpuskiparla.it/corpus/conversations/PTD019_jefferson.html;36-40;M;;comm;;;piemonte;dip_lic;4;intervista semistrutturata;per lavoro sì // okay // è un ogni tanto fare un viaggio // è quella cosa che ti da un po'' di riequilibra un po'' la mente // no;comunque;una cosa se posso aggiungere questa magari // che pirla xx) // no scusa guardavo lui non volevo // xxx // // a~ anche anche;;;;1;1;1;;;;;;;;;;1;;;;;;;;;1;;;;;0;;
PTD019;#922623;doc#128;;https://search.corpuskiparla.it/corpus/player/player.cgi?code=PTD019&begin=2038770&end=2041466;2038770;2041466;PTD019;;0,038043981;;https://search.corpuskiparla.it/corpus/conversations/PTD019.html;https://search.corpuskiparla.it/corpus/conversations/PTD019_jefferson.html;26-30;F;;intell;;;lombardia;phd;4;intervista semistrutturata;corso racconigi // mhmh // e adesso invece sono mh sono lì po~ poco distante via @nomeluogo // okay // okay io abito in zona;comunque;no? è vicino a dove abito io // io non so un cavolo non so neanche dove abito anch''io abito lì allora siamo a posto sì bravo //;;;;1;1;1;;;;;;;;;;;;;;;;;;;;;;;;1;;
PTD019;#923060;doc#128;;https://search.corpuskiparla.it/corpus/player/player.cgi?code=PTD019&begin=2134991&end=2137256;2134991;2137256;PTD019;;0,038043981;;https://search.corpuskiparla.it/corpus/conversations/PTD019.html;https://search.corpuskiparla.it/corpus/conversations/PTD019_jefferson.html;31-35;M;;comm;;;lombardia;dip_tec_prof;4;intervista semistrutturata;e cinquanta sì all''etto quindi vuol dire trentacinque euro al chilo // al netto // a~ al al al nerx to x to // suca // vabbè;comunque;stavam dicendo eh // eh perchè ti piace la tua zona // perchè mi piace la mia zona? ma principalmente per il mercato // // no;;;;1;1;1;1;;;;;;;;;1;;;;;;;;;;;;;;0;;
PTD019;#923628;doc#128;;https://search.corpuskiparla.it/corpus/player/player.cgi?code=PTD019&begin=2268093&end=2275362;2268093;2275362;PTD019;;0,038043981;;https://search.corpuskiparla.it/corpus/conversations/PTD019.html;https://search.corpuskiparla.it/corpus/conversations/PTD019_jefferson.html;36-40;M;;comm;;;piemonte;dip_lic;4;intervista semistrutturata;trasferiti da da me ( figata) // però c''è il parcheggio c''è devi devi girare un casino per trovare il parcheggio poi;comunque;lo trovi eh e sei felice insomma eh // okay // per te invece? ah scusami stavi finendo? // il // x // no no no vabbè no // bah;;;;1;1;;;;;;;;;;;1;;;;;;;;;;;;;;1;;
PTD019;#924347;doc#128;;https://search.corpuskiparla.it/corpus/player/player.cgi?code=PTD019&begin=2461067&end=2467479;2461067;2467479;PTD019;;0,038043981;;https://search.corpuskiparla.it/corpus/conversations/PTD019.html;https://search.corpuskiparla.it/corpus/conversations/PTD019_jefferson.html;36-40;M;;comm;;;piemonte;dip_lic;4;intervista semistrutturata;// no in altre zone // in altre zone // perchè sono i miei vecchi amici che insomma abitano un po'' si son spostati però;comunque;arrivano dalla dalla stessa zona // mhmh // quindi barriera? // sì // okay // sì no~ non tutti però comunque adesso uno che;1;;;;;;;;;;;;;;;;;;;;;;;;;;;;;0;;
PTD019;#926178;doc#128;;https://search.corpuskiparla.it/corpus/player/player.cgi?code=PTD019&begin=2976537&end=2981100;2976537;2981100;PTD019;;0,038043981;;https://search.corpuskiparla.it/corpus/conversations/PTD019.html;https://search.corpuskiparla.it/corpus/conversations/PTD019_jefferson.html;31-35;M;;comm;;;lombardia;dip_tec_prof;4;intervista semistrutturata;era la domanda? sì // aha // sono contento di torino // al netto di tutto di come è cambiato di come non è cambiato sono;comunque;contento // mhmh // okay // abbiamo quasi finito cosa fate durante il tempo libero? // quale tempo libero no no;1;;;;;;;;;;;;;;;;;;;;;;;;;;;;;0;;
KPN027;#948201;doc#131;;https://search.corpuskiparla.it/corpus/player/player.cgi?code=KPN027&begin=517058&end=519667;517058;519667;KPN027;;0,01662037;;https://search.corpuskiparla.it/corpus/conversations/KPN027.html;https://search.corpuskiparla.it/corpus/conversations/KPN027_jefferson.html;16-20;F;;stud;;;emilia-romagna;med;2;pasto;macchina // è bravo // così allora invece di fargli il regalo // gli ha fatto tutte le foto // gli ha fatto tutte le fo~ // che;comunque;se prendevi un fotografo ti partivan dei gran soldi // quindi è xx bel regalo // // allora niente // avevamo aperto sta;1;;;;;;;;;;;;;;;;;;;;;;;;;;;;;0;;
KPN027;#949267;doc#131;;https://search.corpuskiparla.it/corpus/player/player.cgi?code=KPN027&begin=814518&end=815271;814518;815271;KPN027;;0,01662037;;https://search.corpuskiparla.it/corpus/conversations/KPN027.html;https://search.corpuskiparla.it/corpus/conversations/KPN027_jefferson.html;16-20;F;;stud;;;emilia-romagna;med;2;pasto;alla fine io e sara siamo amiche da sette anni // per i primi due tre anni // non abbiamo avuto tutto sto rapporto // perchè;comunque;// era ancora poco che erava~ // beh eravate piccole ancora // esatto // eravamo piccole eravamo poco che eravamo amiche;1;;;;;;;;;;;;;;;;;;;;;;;;;;;;;0;;
PBB011;#960272;doc#133;;https://search.corpuskiparla.it/corpus/player/player.cgi?code=PBB011&begin=278473&end=282933;278473;282933;PBB011;;0,0159375;;https://search.corpuskiparla.it/corpus/conversations/PBB011.html;https://search.corpuskiparla.it/corpus/conversations/PBB011_jefferson.html;21-25;F;;stud;;;lombardia;laurea in corso;2;intervista semistrutturata;e // per // per quel che riguarda comunque sempre il lavoro a bologna // ehm // credi che sia un buon posto per lavorare o t~;comunque;anche ti vorresti anche trasferire perchè // magari dici non so qua a bologna non trovo più di tanto // no bologna eh // con;;;;1;1;1;;;;;;;;;;;;;;;;1;;;;;;1;;0;;
PBB011;#960895;doc#133;;https://search.corpuskiparla.it/corpus/player/player.cgi?code=PBB011&begin=475977&end=480100;475977;480100;PBB011;;0,0159375;;https://search.corpuskiparla.it/corpus/conversations/PBB011.html;https://search.corpuskiparla.it/corpus/conversations/PBB011_jefferson.html;21-25;F;;stud;;;lombardia;laurea in corso;2;intervista semistrutturata;// e i tuoi amici sono ancora // ehm in a potenza oppure hai trovato anche degli amici anche qua a bologna // allora // mh // o;comunque;hai hai dei hai mantenuto i rapporti con i tuoi amici // diciamo // ho mantenuto dei rapporti con pochissime persone;1;;;;;;;;;;;;;;;;;;;;;;;;;;;;;0;;
PBB011;#962316;doc#133;;https://search.corpuskiparla.it/corpus/player/player.cgi?code=PBB011&begin=943177&end=948673;943177;948673;PBB011;;0,0159375;;https://search.corpuskiparla.it/corpus/conversations/PBB011.html;https://search.corpuskiparla.it/corpus/conversations/PBB011_jefferson.html;21-25;F;;stud;;;lombardia;laurea in corso;2;intervista semistrutturata;di più quando c''è caldo // sì // e x quindi passi sotto i portici // sempre // mhmh // ehm // mh sei d''accordo sul fatto che;comunque;adesso i portici sono entrano a far parte della // del patrimonio dell~ dell''unesco? // molto // molto // e secondo te;;;;1;1;;;;;;;;;;;;;;;;;1;;;;;;;;0;;
PBB022;#972471;doc#134;;https://search.corpuskiparla.it/corpus/player/player.cgi?code=PBB022&begin=2428996&end=2433800;2428996;2433800;PBB022;;0,040706019;;https://search.corpuskiparla.it/corpus/conversations/PBB022.html;https://search.corpuskiparla.it/corpus/conversations/PBB022_jefferson.html;56-60;F;;artig;;;emilia-romagna;dip_tec_prof;3;intervista semistrutturata;capito adesso comunque un po'' per la questione del del turismo che dicevamo no // mh // ehm c''è comunque gente ci sono;comunque;negozi aperti l~ l~ cioè la vita continua comunque abbastanza normalmente // invece una volta il mese di agosto era un;1;;;;;;;;;;;;;;;;;;;;;;;;;;;;;0;;
PBB022;#976200;doc#134;;https://search.corpuskiparla.it/corpus/player/player.cgi?code=PBB022&begin=3432330&end=3440980;3432330;3440980;PBB022;;0,040706019;;https://search.corpuskiparla.it/corpus/conversations/PBB022.html;https://search.corpuskiparla.it/corpus/conversations/PBB022_jefferson.html;56-60;F;;artig;;;emilia-romagna;dip_tec_prof;3;intervista semistrutturata;mh eh più persone e quindi lo spettacolo è più dato dalle persone che non dalla trasformazione del del carro // mhmh // e;comunque;appunto ogni carro ha un titolo e mh eh e nel suo spillo poi nella sua trasformazione dà un un un significato un commento //;;;;1;1;1;;;;;;;;;;1;;;;;;;;;;;;;;0;;
PTD012;#978895;doc#135;;https://search.corpuskiparla.it/corpus/player/player.cgi?code=PTD012&begin=798639&end=803286;798639;803286;PTD012;;0,079907407;;https://search.corpuskiparla.it/corpus/conversations/PTD012.html;https://search.corpuskiparla.it/corpus/conversations/PTD012_jefferson.html;46-50;M;;intell;;;lazio;laurea;2;intervista semistrutturata;gli dicevamo ragazzi ma state in italia cioè di là è peggio // nel senso che di là la domanda d''asilo non ve la fanno // di là;comunque;c''avete le impronte prese in italia per cui comunque vi acchiappano e vi rispediscono quantomeno in italia // certo //;1;;;;;;;;;;;;;;;;;;;;;;;;;;;;;0;;
PTD012;#979112;doc#135;;https://search.corpuskiparla.it/corpus/player/player.cgi?code=PTD012&begin=849349&end=853661;849349;853661;PTD012;;0,079907407;;https://search.corpuskiparla.it/corpus/conversations/PTD012.html;https://search.corpuskiparla.it/corpus/conversations/PTD012_jefferson.html;46-50;M;;intell;;;lazio;laurea;2;intervista semistrutturata;ma io voglio andare in fra~ allora molti perchè c''hanno gli amici lo zio il cugino i parenti // ed effetti~ // molti perchè;comunque;la francia è al netto del fatto che sono di destra anche loro // un paese più accogliente // e soprattutto che ti fa sognare;1;;;;;;;;;;;;;;;;;;;;;;;;;;;;;0;;
PTD012;#980142;doc#135;;https://search.corpuskiparla.it/corpus/player/player.cgi?code=PTD012&begin=1111447&end=1115873;1111447;1115873;PTD012;;0,079907407;;https://search.corpuskiparla.it/corpus/conversations/PTD012.html;https://search.corpuskiparla.it/corpus/conversations/PTD012_jefferson.html;46-50;M;;intell;;;lazio;laurea;2;intervista semistrutturata;nero qua ce l''han tutti con me vaffanculo me ne vado // certo // di là comunque siamo di più // mi mimetizzo meglio // di là;comunque;si parla la mia lingua e se tu devi fare il clandestino è meglio farlo in un paese di cui capisci anche // qualunque mezza;;;;1;1;;;;;;;;;;;;;;;;;;;;;;;;1;0;;
PTD012;#986898;doc#135;;https://search.corpuskiparla.it/corpus/player/player.cgi?code=PTD012&begin=3337720&end=3338502;3337720;3338502;PTD012;;0,079907407;;https://search.corpuskiparla.it/corpus/conversations/PTD012.html;https://search.corpuskiparla.it/corpus/conversations/PTD012_jefferson.html;46-50;M;;intell;;;lazio;laurea;2;intervista semistrutturata;questa fettina perchè poi anche lìmh secondo me non è neanche giusto // dire ah è tutto movimento no tav magari // perchè;comunque;// in valle sono già ospiti da // due o tre anni // un duecento persone // con il progetto di microaccoglienza diffusa // e;1;;;;;;;;;;;;;;;;;;;;;;;;;;;;;0;;
PTD012;#988864;doc#135;;https://search.corpuskiparla.it/corpus/player/player.cgi?code=PTD012&begin=3894996&end=3898175;3894996;3898175;PTD012;;0,079907407;;https://search.corpuskiparla.it/corpus/conversations/PTD012.html;https://search.corpuskiparla.it/corpus/conversations/PTD012_jefferson.html;46-50;M;;intell;;;lazio;laurea;2;intervista semistrutturata;fuori // certo // magari poi l''opinione pubblica qualcosa // anche in termini economici te la te la dimostra pure // e;comunque;tu non vai a sciare in un posto dove c''hai // i ragazzini che dormon fuori in tenda nella neve // certo // quindi // quello è;1;;;;;;;;;;;;;;;;;;;;;;;;;;;;;0;;
PTD006;#1013581;doc#138;;https://search.corpuskiparla.it/corpus/player/player.cgi?code=PTD006&begin=328137&end=334190;328137;334190;PTD006;;0,046273148;;https://search.corpuskiparla.it/corpus/conversations/PTD006.html;https://search.corpuskiparla.it/corpus/conversations/PTD006_jefferson.html;36-40;M;;comm;;;piemonte;dip_tec_prof;2;intervista semistrutturata;è che // sì vabbè era un lavoro sì ma un lavro che comunque non // sì non è che le desse da mangiare insomma // esatto no però;comunque;lei tutti i giorni da~ dal lunedì al sabato e mi mi mi sembra che il martedì tutto il giorno // comunque e sì sì xxx mi sembra;1;;;;;;;;;;;;;;;;;;;;;;;;;;;;;0;;
PTD006;#1015103;doc#138;;https://search.corpuskiparla.it/corpus/player/player.cgi?code=PTD006&begin=765810&end=769065;765810;769065;PTD006;;0,046273148;;https://search.corpuskiparla.it/corpus/conversations/PTD006.html;https://search.corpuskiparla.it/corpus/conversations/PTD006_jefferson.html;36-40;M;;comm;;;piemonte;dip_tec_prof;2;intervista semistrutturata;// sì deve essere un lavoro che non ti porti via // no deve essere un lavoro che ti ti impegna quelle due tre ore al giorno o;comunque;che ne so // mh due ore cioè due giorni alla settimana tempo pieeno ma non lì era otto ore al giorno // eh madonna // eh io;1;;;;;;;;;;;;;;;;;;;;;;;;;;;;;0;;
PTD006;#1015168;doc#138;;https://search.corpuskiparla.it/corpus/player/player.cgi?code=PTD006&begin=786660&end=791374;786660;791374;PTD006;;0,046273148;;https://search.corpuskiparla.it/corpus/conversations/PTD006.html;https://search.corpuskiparla.it/corpus/conversations/PTD006_jefferson.html;36-40;M;;comm;;;piemonte;dip_tec_prof;2;intervista semistrutturata;// mizzica // e avevo che ne so lavoravo cinque giorni e poi avevo due giorni di di stacco di riposo // bello bello perchè;comunque;era nel mio settore nel settore turistico // un bell''ambiente poi era un quattro stelle quindi non è proprio una una;1;;;;;;;;;;;;;;;;;;;;;;;;;;;;;0;;
PTD006;#1016651;doc#138;;https://search.corpuskiparla.it/corpus/player/player.cgi?code=PTD006&begin=1226976&end=1227776;1226976;1227776;PTD006;;0,046273148;;https://search.corpuskiparla.it/corpus/conversations/PTD006.html;https://search.corpuskiparla.it/corpus/conversations/PTD006_jefferson.html;21-25;F;;stud;;;piemonte;laurea in corso;2;intervista semistrutturata;il fisso // il fisso che mh // cosa potevo prendere in un mese // sulle cinque seicento euro niente di di che perchè eh // sì;comunque;// mi ricordo che ci son stati giorni che // magari ne ho venduti anche sei perchè magari c''era la super promozione;;;;1;1;;1;;;;;;;;;;;;;;;;;;;;;;;0;;
PTD006;#1019058;doc#138;;https://search.corpuskiparla.it/corpus/player/player.cgi?code=PTD006&begin=1895710&end=1900241;1895710;1900241;PTD006;;0,046273148;;https://search.corpuskiparla.it/corpus/conversations/PTD006.html;https://search.corpuskiparla.it/corpus/conversations/PTD006_jefferson.html;36-40;M;;comm;;;piemonte;dip_tec_prof;2;intervista semistrutturata;// sì nel duemila e otto qualcosa del genere no forse prima duemila e sei // eh ma non s~ non so se qui a torino o era a roma;comunque;c''era un concerto che // mh // ci hanno fatto fare tanto di quello straordinario allucinante e vi dico // mi hanno pagato;;;;1;1;;;;;;;;;;;1;;;;;;;;;;;;;;0;;
PTD006;#1020556;doc#138;;https://search.corpuskiparla.it/corpus/player/player.cgi?code=PTD006&begin=2338740&end=2342864;2338740;2342864;PTD006;;0,046273148;;https://search.corpuskiparla.it/corpus/conversations/PTD006.html;https://search.corpuskiparla.it/corpus/conversations/PTD006_jefferson.html;36-40;M;;comm;;;piemonte;dip_tec_prof;2;intervista semistrutturata;// bianchi // esatto mh quando lui era giocava che lui mi sembra che fosse // bergamasco brescia do~ xx no~ no~ no~ non era;comunque;da quelle parti lì // non lo so comunque sì lombardo pen~ // però lui mh giocava nel toro e abitava praticamnete // eh;1;;;;;;;;;;;;;;;;;;;;;;;;;;;;;0;;
PTD006;#1022369;doc#138;;https://search.corpuskiparla.it/corpus/player/player.cgi?code=PTD006&begin=2848910&end=2853369;2848910;2853369;PTD006;;0,046273148;;https://search.corpuskiparla.it/corpus/conversations/PTD006.html;https://search.corpuskiparla.it/corpus/conversations/PTD006_jefferson.html;36-40;M;;comm;;;piemonte;dip_tec_prof;2;intervista semistrutturata;dieci no // no // zero no // perchè io mh ho anche un''altra vita // almeno ti pagavano bene // ma no io prendevo bene perchè;comunque;ero arrivato a prendere più o meno // sì sì // no non era per sapere quanto prendevi no~ // no ma no no no no eh mille e due mille;1;;;;;;;;;;;;;;;;;;;;;;;;;;;;;0;;
PTD006;#1022860;doc#138;;https://search.corpuskiparla.it/corpus/player/player.cgi?code=PTD006&begin=2970638&end=2973104;2970638;2973104;PTD006;;0,046273148;;https://search.corpuskiparla.it/corpus/conversations/PTD006.html;https://search.corpuskiparla.it/corpus/conversations/PTD006_jefferson.html;36-40;M;;comm;;;piemonte;dip_tec_prof;2;intervista semistrutturata;di fame? // cosa fai? eh aspetti sempre il eh il negozio che i~ in centro a torino che ti possa assumere? // non lavori //;comunque;s~ cazzi eh cavoli suoi // ma puoi dir~ puoi dirlo sì non su~ // cavo~ posso dirlo? cazzi suoi // allora io ho dato le;;;;1;1;;1;;;;;;;;;1;;;;;;;;;;;;;;0;;
PTD006;#1024009;doc#138;;https://search.corpuskiparla.it/corpus/player/player.cgi?code=PTD006&begin=3266480&end=3272780;3266480;3272780;PTD006;;0,046273148;;https://search.corpuskiparla.it/corpus/conversations/PTD006.html;https://search.corpuskiparla.it/corpus/conversations/PTD006_jefferson.html;36-40;M;;comm;;;piemonte;dip_tec_prof;2;intervista semistrutturata;vai in analisi a un certo pu~ // va~ devi andare esatto allora per ve~ // cioè eh diventa pesante però è un lavoro che;comunque;è stimolante perchè sei sempre in giro sempre nuove sfide nuove cose // poi diciamo che se vendi cose belle ti fa anche;1;;;;;;;;;;;;;;;;;;;;;;;;;;;;;1;;
PTD006;#1024098;doc#138;;https://search.corpuskiparla.it/corpus/player/player.cgi?code=PTD006&begin=3293406&end=3295275;3293406;3295275;PTD006;;0,046273148;;https://search.corpuskiparla.it/corpus/conversations/PTD006.html;https://search.corpuskiparla.it/corpus/conversations/PTD006_jefferson.html;36-40;M;;comm;;;piemonte;dip_tec_prof;2;intervista semistrutturata;tutte quindi // insomma certo eh mh // è faticoso perchè è un momento economico non proprio bello eh // sì // mh perchè;comunque;// devi mettere insieme tante cose // tante cose cioè il mh // da da un anno a questa parte è tutto più a rilento // tutto più;1;;;;;;;;;;;;;;;;;;;;;;;;;;;;;0;;
PTD006;#1025030;doc#138;;https://search.corpuskiparla.it/corpus/player/player.cgi?code=PTD006&begin=3533680&end=3535473;3533680;3535473;PTD006;;0,046273148;;https://search.corpuskiparla.it/corpus/conversations/PTD006.html;https://search.corpuskiparla.it/corpus/conversations/PTD006_jefferson.html;36-40;M;;comm;;;piemonte;dip_tec_prof;2;intervista semistrutturata;// n~ è giusto che lui venga in show room però è anche giusto che tu va~ lo vada a trovare // gli vada incontro sì sì // perchè;comunque;mh // cioè un po'' per uno cioè una mano lava l''altra quindi è giusto che un po'' per uno si // e allora molte volte vengono loro;1;;;;;;;;;;;;;;;;;;;;;;;;;;;;;0;;
PTD006;#1025490;doc#138;;https://search.corpuskiparla.it/corpus/player/player.cgi?code=PTD006&begin=3656670&end=3664928;3656670;3664928;PTD006;;0,046273148;;https://search.corpuskiparla.it/corpus/conversations/PTD006.html;https://search.corpuskiparla.it/corpus/conversations/PTD006_jefferson.html;36-40;M;;comm;;;piemonte;dip_tec_prof;2;intervista semistrutturata;no eh eh cioèmh // e ti piacerebbe andare all''estero? // mi piacerebbe  sì // dove? // però anche // ma in un paese nordico;comunque;perchè a me piace il freddo quindi potrebbe essere la gran bretagna piuttosto che l''irlanda piuttosto che // un paese;;;;1;1;;;;;;;;;;;;;;;;;;;;1;1;;;;0;;
BOC1007;#1029991;doc#141;;https://search.corpuskiparla.it/corpus/player/player.cgi?code=BOC1007&begin=357204&end=360540;357204;360540;BOC1007;;0,017615741;;https://search.corpuskiparla.it/corpus/conversations/BOC1007.html;https://search.corpuskiparla.it/corpus/conversations/BOC1007_jefferson.html;36-40;F;;intell;;;emilia-romagna;phd;2;esame;tipo di test // che è è un test // mh // cioè banalmente sono le certificazioni linguistiche sì // esatto // esatto //;comunque;ritorna alla mia domanda la mia domanda era il concetto di utilità // quello di bachman e palmer nel testing linguistico;;;;1;1;;1;;;;;;;;;1;;;;;;;;;;;;;;1;;
BOC1007;#1030965;doc#141;;https://search.corpuskiparla.it/corpus/player/player.cgi?code=BOC1007&begin=714401&end=716556;714401;716556;BOC1007;;0,017615741;;https://search.corpuskiparla.it/corpus/conversations/BOC1007.html;https://search.corpuskiparla.it/corpus/conversations/BOC1007_jefferson.html;21-25;F;;stud;;;emilia-romagna;laurea in corso;2;esame;dei contenuti // perché ovviamente quello che dev'' essere // mh domandato nel test deve essere stato prima // spiegato o;comunque;dichiarato // dev'' essere accettabile // e deve essere comparabile // cioè i dati che io ottengo appunto da da questi;1;;;;;;;;;;;;;;;;;;;;;;;;;;;;;1;;
BOC1007;#1032288;doc#141;;https://search.corpuskiparla.it/corpus/player/player.cgi?code=BOC1007&begin=1221816&end=1225054;1221816;1225054;BOC1007;;0,017615741;;https://search.corpuskiparla.it/corpus/conversations/BOC1007.html;https://search.corpuskiparla.it/corpus/conversations/BOC1007_jefferson.html;21-25;F;;stud;;;emilia-romagna;laurea in corso;2;esame;eh unamh // unamh un ascolto proprio della lingua // mh // perché // mh limitandosi alla grammatica e alla traduzione;comunque;// ai testi cartacei // il discente non ascoltava realmente la lingua // mh // se non tramitemh // il lavoro del docente //;1;;;;;;;;;;;;;;;;;;;;;;;;;;;;;0;;
PBB003;#1039977;doc#142;;https://search.corpuskiparla.it/corpus/player/player.cgi?code=PBB003&begin=2521610&end=2523880;2521610;2523880;PBB003;;0,034583333;;https://search.corpuskiparla.it/corpus/conversations/PBB003.html;https://search.corpuskiparla.it/corpus/conversations/PBB003_jefferson.html;51-55;M;;uff;;;emilia-romagna;dip_tec_prof;3;intervista semistrutturata;i posti di lavoro sono diminuiti questo sto sempre parlando nel settore che poi è il mio manufatturiero // meccanico e;comunque;che prevede // un ruolo tecnico sicuramente // eh se eh // quando si va su nuovi tipi di lavoro come può essere // o o o tipi di;1;;;;;;;;;;;;;;;;;;;;;;;;;;;;;0;;
TOD1014;#1050263;doc#144;;https://search.corpuskiparla.it/corpus/player/player.cgi?code=TOD1014&begin=508937&end=512058;508937;512058;TOD1014;;0,120266204;;https://search.corpuskiparla.it/corpus/conversations/TOD1014.html;https://search.corpuskiparla.it/corpus/conversations/TOD1014_jefferson.html;36-40;F;;intell;;;sicilia;phd;1;lezione;testo di moda del cinema che in realtà esiste in italia // perché io ancora non l'' ho scritto ma prima o poi lo scriverò // ma;comunque;sì sì sì lo conosco // io sono cristiana // eh terzo anno frequento il terzo anno di dams // e ho già fatto un corso al primo;1;;;;;;;;;;;;;;;;;;;;;;;;;;;;;0;;
TOD1014;#1051880;doc#144;;https://search.corpuskiparla.it/corpus/player/player.cgi?code=TOD1014&begin=1084350&end=1088625;1084350;1088625;TOD1014;;0,120266204;;https://search.corpuskiparla.it/corpus/conversations/TOD1014.html;https://search.corpuskiparla.it/corpus/conversations/TOD1014_jefferson.html;36-40;F;;intell;;;sicilia;phd;1;lezione;più la parte legata ai costumi // sì // va bene // xxx aggiusteremo un po'' il tiro // però vabbè // vi servirà perché;comunque;i costumi fanno riferimento agli stili di moda // anche se non è moda vedremo la differenza tra costumi e moda e la;;;;1;1;;;;;;;;;;;1;;;;;;;;;;;;;;0;;
TOD1014;#1061394;doc#144;;https://search.corpuskiparla.it/corpus/player/player.cgi?code=TOD1014&begin=4973727&end=4976279;4973727;4976279;TOD1014;;0,120266204;;https://search.corpuskiparla.it/corpus/conversations/TOD1014.html;https://search.corpuskiparla.it/corpus/conversations/TOD1014_jefferson.html;===NONE===;===NONE===;;===NONE===;;;===NONE===;===NONE===;1;lezione;// perché abbiamo visto sul sito // e e figura solo il mio corso // invece noi abbiamo visto che figurano tutti e due però;comunque;// ah tutti e due? // comunque alla fine è un discorso di // siccome io faccio il lettorato // mi mi volevano offrire l'' aula;1;;;;;;;;;;;;;;;;;;;;;;;;;;;;;0;;
TOD1014;#1068870;doc#144;;https://search.corpuskiparla.it/corpus/player/player.cgi?code=TOD1014&begin=8131233&end=8133915;8131233;8133915;TOD1014;;0,120266204;;https://search.corpuskiparla.it/corpus/conversations/TOD1014.html;https://search.corpuskiparla.it/corpus/conversations/TOD1014_jefferson.html;36-40;F;;intell;;;sicilia;phd;1;lezione;// più simile a vogue // nel senso che adesso se // guardate i look di queste persone in realtà vi accorgerete // o;comunque;chi lavora nella moda sa che queste persone // spesso sono lavorano nell'' industria della moda // hanno a che fare con il;1;;;;;;;;;;;;;;;;;;;;;;;;;;;;;0;;
TOD1014;#1070712;doc#144;;https://search.corpuskiparla.it/corpus/player/player.cgi?code=TOD1014&begin=9355230&end=9357455;9355230;9357455;TOD1014;;0,120266204;;https://search.corpuskiparla.it/corpus/conversations/TOD1014.html;https://search.corpuskiparla.it/corpus/conversations/TOD1014_jefferson.html;36-40;F;;intell;;;sicilia;phd;1;lezione;a disagio indossarlo? // fate la prova // non so se avete delle cose con le spalline // questa anche è vecchia // insomma;comunque;ha un effetto davvero // ridicolo // cioè ti senti // di un'' al~ di indossare un costume // e di essere qualcosa di  // i;;;;1;1;1;;;;;;;;;;1;;;;;;;;;;;;;;0;;
TOD1014;#1072437;doc#144;;https://search.corpuskiparla.it/corpus/player/player.cgi?code=TOD1014&begin=9997197&end=9999760;9997197;9999760;TOD1014;;0,120266204;;https://search.corpuskiparla.it/corpus/conversations/TOD1014.html;https://search.corpuskiparla.it/corpus/conversations/TOD1014_jefferson.html;36-40;F;;intell;;;sicilia;phd;1;lezione;standardizzato // potete creare passando sopra la la // insomma // non so se vi ricordate // non so qui non c'' è il video ma;comunque;insomma // è mh // e poi appunto // a un certo punto sono arrivati i media la televisione il cinema // che hanno contribuito;1;;;;;;;;;;;;;;;;;;;;;;;;;;;;;0;;
KPS016;#1081734;doc#147;;https://search.corpuskiparla.it/corpus/player/player.cgi?code=KPS016&begin=155371&end=157146;155371;157146;KPS016;;0,024375;;https://search.corpuskiparla.it/corpus/conversations/KPS016.html;https://search.corpuskiparla.it/corpus/conversations/KPS016_jefferson.html;16-20;M;;stud;;;sardegna;laurea in corso;3;pasto;vasetto piccolino // mh // che ti ha dato quello della pasta? // mhmh // ma quante robe ti ha dato? // una scatola piena //;comunque;la pasta no~ non mi convince tanto // non ha fatto la cremina // però è buona // papi // aglio olio e peperoncino // ah è vero;;;;1;1;;1;;;;;;;;;1;;;;;;;;;;;;;;0;;
TOA3007;#1098130;doc#149;;https://search.corpuskiparla.it/corpus/player/player.cgi?code=TOA3007&begin=274900&end=282798;274900;282798;TOA3007;;0,005671296;;https://search.corpuskiparla.it/corpus/conversations/TOA3007.html;https://search.corpuskiparla.it/corpus/conversations/TOA3007_jefferson.html;21-25;M;;stud;;;campania;laurea in corso;3;conversazione libera;lato cioè estremo e quindi in realtà // si è portato un sacco di conseguenze questa cosa effettivamente // che // vabbè;comunque;adesso è sempre il solito discorso in cui adesso io eh proietto su di me i discorsi che facciamo effettivamente // no;;;;1;1;1;1;;;;;;;;;1;;;;;;;;;;;;;;1;;
PBA029;#1099020;doc#150;;https://search.corpuskiparla.it/corpus/player/player.cgi?code=PBA029&begin=166080&end=169530;166080;169530;PBA029;;0,035;;https://search.corpuskiparla.it/corpus/conversations/PBA029.html;https://search.corpuskiparla.it/corpus/conversations/PBA029_jefferson.html;26-30;M;;tec;;;emilia-romagna;dip_tec_prof;3;intervista semistrutturata;per dire non cambierebbe niente se non lavori veramente in centro ma // d~ diciamo sì // anche se lavorassi in centro;comunque;ti servirebbe la macchina // sì sicuro in una dimensione di vita sì però nella mia fase di vita è completamente inutile;1;;;;;;;;;;;;;;;;;;;;;;;;;;;;;1;;
PBA029;#1102069;doc#150;;https://search.corpuskiparla.it/corpus/player/player.cgi?code=PBA029&begin=1075620&end=1081740;1075620;1081740;PBA029;;0,035;;https://search.corpuskiparla.it/corpus/conversations/PBA029.html;https://search.corpuskiparla.it/corpus/conversations/PBA029_jefferson.html;16-20;F;;stud;;;toscana;laurea in corso;3;intervista semistrutturata;adesso che sto qua // non lo faccio // io posso anche tornare a casa alle sei però io so che alle undici e mezza mezzogiorno;comunque;mi alzo vado a vedere che aria tira in casa // mhmh // certo // è assurdo perchè c''hai potresti avere potresti usare tutto;1;;;;;;;;;;;;;;;;;;;;;;;;;;;;;0;;
PBA029;#1104590;doc#150;;https://search.corpuskiparla.it/corpus/player/player.cgi?code=PBA029&begin=1819400&end=1832609;1819400;1832609;PBA029;;0,035;;https://search.corpuskiparla.it/corpus/conversations/PBA029.html;https://search.corpuskiparla.it/corpus/conversations/PBA029_jefferson.html;26-30;M;;tec;;;emilia-romagna;dip_tec_prof;3;intervista semistrutturata;vieni bologna magari siamo anche un milione di abitanti come dicono e forse è vero però eh la realtà è che inizi a girare;comunque;nei soliti posti // perchè i posti belli non sono un milione // esatto // no // di modo da dividere tutte le persone //;;;;1;1;;;;;;;;;;;1;;;;;;;;;;;;;;0;;
PBA029;#1105907;doc#150;;https://search.corpuskiparla.it/corpus/player/player.cgi?code=PBA029&begin=2230466&end=2241490;2230466;2241490;PBA029;;0,035;;https://search.corpuskiparla.it/corpus/conversations/PBA029.html;https://search.corpuskiparla.it/corpus/conversations/PBA029_jefferson.html;26-30;M;;tec;;;emilia-romagna;dip_tec_prof;3;intervista semistrutturata;che tra l''altro hanno provato anche a sviluppare applicazioni simili a uber e c''è in effetti e funziona // ah // eh mh però;comunque;lo vivo la vivo molto la differenza rispetto a quando vado in vacanza ma pure che vado a milano capito? // mhmh // che vado a;1;;;;;;;;;;;;;;;;;;;;;;;;;;;;;0;;
PBA029;#1105973;doc#150;;https://search.corpuskiparla.it/corpus/player/player.cgi?code=PBA029&begin=2255690&end=2263510;2255690;2263510;PBA029;;0,035;;https://search.corpuskiparla.it/corpus/conversations/PBA029.html;https://search.corpuskiparla.it/corpus/conversations/PBA029_jefferson.html;26-30;M;;tec;;;emilia-romagna;dip_tec_prof;3;intervista semistrutturata;dici mh cioè capisci roma e milano però dici a napoli uber va funziona e tutto // e se non ricordo male sì cioè nel senso;comunque;molto di più il sistema di taxi va funziona rispetto a qua qua ce ne sono proprio pochi // x // soprattutto da un certo;;;;1;1;;;;;;;;;;;;;;1;;;;;;;;;;;0;;
PBA029;#1106444;doc#150;;https://search.corpuskiparla.it/corpus/player/player.cgi?code=PBA029&begin=2401280&end=2402819;2401280;2402819;PBA029;;0,035;;https://search.corpuskiparla.it/corpus/conversations/PBA029.html;https://search.corpuskiparla.it/corpus/conversations/PBA029_jefferson.html;21-25;F;;stud;;;toscana;laurea in corso;3;intervista semistrutturata;era a casalecchio no? // eh sìsì no infatti sempre a bologna noi // eh infatti x // ah ma te che dici calcutta // sì o venerus;comunque;// vabbè venerus venerus è stato // terrificante // era anche lui all''unipol? // no venerus era all''estragon // era;1;;;;;;;;;;;;;;;;;;;;;;;;;;;;;0;;
PBA029;#1108408;doc#150;;https://search.corpuskiparla.it/corpus/player/player.cgi?code=PBA029&begin=2972880&end=2984360;2972880;2984360;PBA029;;0,035;;https://search.corpuskiparla.it/corpus/conversations/PBA029.html;https://search.corpuskiparla.it/corpus/conversations/PBA029_jefferson.html;26-30;M;;tec;;;emilia-romagna;dip_tec_prof;3;intervista semistrutturata;finestra vedo tipo quell''aiuola lì verde me sembra d''essere in amazzonia tipo bonjour in realtà no // eh te ne accorgi //;comunque;il problema di bologna non è dentro il centro ovviamente si dice di bologna che è inquinata non dentro il centro ma quello;;;;1;1;;1;;;;;;;;;1;;;;;;;;;;;;;;0;;
PBC012;#1117045;doc#151;;https://search.corpuskiparla.it/corpus/player/player.cgi?code=PBC012&begin=2610938&end=2614953;2610938;2614953;PBC012;;0,033668981;;https://search.corpuskiparla.it/corpus/conversations/PBC012.html;https://search.corpuskiparla.it/corpus/conversations/PBC012_jefferson.html;61-65;F;;pens;;;emilia-romagna;med;3;intervista semistrutturata;una ristrutturazione // ci son problemi difficoltosi però sai // mhmh // io sai i portici secondo me sono tenuti bene poi;comunque;son vissuti // mh // tu gino che ne pensi? // tu gino che ne pensi? // de~ come son tenuti i portici // io beh penso penso che ha;1;;;;;;;;;;;;;;;;;;;;;;;;;;;;;1;;
PBC012;#1117686;doc#151;;https://search.corpuskiparla.it/corpus/player/player.cgi?code=PBC012&begin=2797209&end=2806012;2797209;2806012;PBC012;;0,033668981;;https://search.corpuskiparla.it/corpus/conversations/PBC012.html;https://search.corpuskiparla.it/corpus/conversations/PBC012_jefferson.html;21-25;M;;stud;;;marche;laurea in corso;3;intervista semistrutturata;san lu~ // invece ci sono altre cose che sono // diciamo bel~ io non ho mai // li ho conosciuti leggendo // sì perché // comu~;comunque;gino adesso che ha detto bregoli devo dire che io da studente fuorisede ci son delle parole bolognesi proprio in;;;;1;1;;1;;;;;;;;;1;;;;;;;;;;;;;;0;;
PTA003;#1122018;doc#152;;https://search.corpuskiparla.it/corpus/player/player.cgi?code=PTA003&begin=1070484&end=1071484;1070484;1071484;PTA003;;0,044074074;;https://search.corpuskiparla.it/corpus/conversations/PTA003.html;https://search.corpuskiparla.it/corpus/conversations/PTA003_jefferson.html;26-30;M;;oper;;;piemonte;dip_tec_prof;5;intervista semistrutturata;trovavi tanto lavoro in quel periodo // mh mh // e molto // come dire crollo del lavoro dopo e poi ripresa dopo // dopo? // o;comunque;x // c''è stata anche la gestione poi de~ d~ // sì // di torino che // ha fatto un po'' di buchi nell''acqua // però torino // mh mh;1;;;;;;;;;;;;;;;;;;;;;;;;;;;;;1;;
PTA003;#1122864;doc#152;;https://search.corpuskiparla.it/corpus/player/player.cgi?code=PTA003&begin=1255683&end=1258649;1255683;1258649;PTA003;;0,044074074;;https://search.corpuskiparla.it/corpus/conversations/PTA003.html;https://search.corpuskiparla.it/corpus/conversations/PTA003_jefferson.html;26-30;M;;oper;;;piemonte;dip_tec_prof;5;intervista semistrutturata;uno stronzo mi~ vuoi mettere un quadrato o un cerchio michia // // // non ce n''è cacchio è quadrato è quatrato è quello // no;comunque;non ho capito che cosa ti rimane in mano // da davanti // di questo? // dal~ dalla nostra intervista // questo non c''entra;;;;1;1;;;;;;;;;;;1;;;;;;;;;;;;;;0;;
PTA003;#1125579;doc#152;;https://search.corpuskiparla.it/corpus/player/player.cgi?code=PTA003&begin=2011518&end=2013518;2011518;2013518;PTA003;;0,044074074;;https://search.corpuskiparla.it/corpus/conversations/PTA003.html;https://search.corpuskiparla.it/corpus/conversations/PTA003_jefferson.html;26-30;M;;oper;;;piemonte;dip_tec_prof;5;intervista semistrutturata;per esempio del turismo così // cioè quindi è aumentato secondo voi? // sì quello // in città // beh di turisti ne vedi;comunque;sì // sì? // vero molti di più ma proprio tanti // x // cinesi tantissimi anche perché poi sono venuti // a investire // mh mh;;;;1;1;;;;;;;;;;;1;;;;;;;;;;;;;;0;;
PTA003;#1129134;doc#152;;https://search.corpuskiparla.it/corpus/player/player.cgi?code=PTA003&begin=2924464&end=2927546;2924464;2927546;PTA003;;0,044074074;;https://search.corpuskiparla.it/corpus/conversations/PTA003.html;https://search.corpuskiparla.it/corpus/conversations/PTA003_jefferson.html;26-30;M;;oper;;;piemonte;dip_tec_prof;5;intervista semistrutturata;cento duecento euro // però ma~ rischi di non trovarti il bi~ di non trovare il biglietto e // eh sì // e la paghi lo paghi;comunque;come un abbonamento invece tu hai l''abbonamento // mh mh mh // e comunque ti vai vedere quelle cinque partite alla fine //;1;;;;;;;;;;;;;;;;;;;;;;;;;;;;;0;;
PTA003;#1129148;doc#152;;https://search.corpuskiparla.it/corpus/player/player.cgi?code=PTA003&begin=2927609&end=2929711;2927609;2929711;PTA003;;0,044074074;;https://search.corpuskiparla.it/corpus/conversations/PTA003.html;https://search.corpuskiparla.it/corpus/conversations/PTA003_jefferson.html;26-30;M;;oper;;;piemonte;dip_tec_prof;5;intervista semistrutturata;il biglietto e // eh sì // e la paghi lo paghi comunque come un abbonamento invece tu hai l''abbonamento // mh mh mh // e;comunque;ti vai vedere quelle cinque partite alla fine // sì sì sì conviene // ti conviene // lori invece v~ // poi magari le gli;1;;;;;;;;;;;;;;;;;;;;;;;;;;;;;0;;
TOD2002;#1132429;doc#153;;https://search.corpuskiparla.it/corpus/player/player.cgi?code=TOD2002&begin=26611&end=28948;26611;28948;TOD2002;;0,011493056;;https://search.corpuskiparla.it/corpus/conversations/TOD2002.html;https://search.corpuskiparla.it/corpus/conversations/TOD2002_jefferson.html;21-25;F;;stud;;;piemonte;laurea in corso;2;intervista semistrutturata;provando a essere spontanea o vogliamo cambiare domanda? // eh // no dai xxo // queste domande sono molto difficili;comunque;// cambiamo un po'' ma in realtà la storia mi era piaciuta un sacco quindi te la richiederò ma per adesso // va bene // non;;;;1;1;;;;;;;;;;;1;;;;;;;;;;;;;;0;;
TOD2002;#1134209;doc#153;;https://search.corpuskiparla.it/corpus/player/player.cgi?code=TOD2002&begin=539416&end=541055;539416;541055;TOD2002;;0,011493056;;https://search.corpuskiparla.it/corpus/conversations/TOD2002.html;https://search.corpuskiparla.it/corpus/conversations/TOD2002_jefferson.html;21-25;F;;stud;;;piemonte;laurea in corso;2;intervista semistrutturata;così // e boh e così ci siamo liberati del serpente e io ho potuto riusare la mia doccia // e non quella di mia nonna // che;comunque;è una buona notizia // okay perfetto // mh // invece quando vivevi a torino? // nessun serpente? // nessun serpente // ma?;1;;;;;;;;;;;;;;;;;;;;;;;;;;;;;0;;
PTA005;#1140204;doc#154;;https://search.corpuskiparla.it/corpus/player/player.cgi?code=PTA005&begin=1403871&end=1407944;1403871;1407944;PTA005;;0,072719907;;https://search.corpuskiparla.it/corpus/conversations/PTA005.html;https://search.corpuskiparla.it/corpus/conversations/PTA005_jefferson.html;26-30;M;;oper;;;piemonte;med;4;intervista semistrutturata;una persona come mio padre // mh mh mh mh // varia troppo da chi hai come capo // certo // // però tutt''ora i suoi cazziatoni;comunque;ogni tot mi svegliano // perché siamo in un limbo dove // c''è pochi soldi non sai come far le cose // vorresti magari;1;;;;;;;;;;;;;;;;;;;;;;;;;;;;;0;;
PTA005;#1147192;doc#154;;https://search.corpuskiparla.it/corpus/player/player.cgi?code=PTA005&begin=3582005&end=3584291;3582005;3584291;PTA005;;0,072719907;;https://search.corpuskiparla.it/corpus/conversations/PTA005.html;https://search.corpuskiparla.it/corpus/conversations/PTA005_jefferson.html;26-30;F;;intell;;;lombardia;phd;4;intervista semistrutturata;così hanno chiuso un sacco di fabbriche // ma vabbè ma quello sì quello sì però // mh mh mh // quindi diciamo un cambiamento;comunque;negativo // ah tutta la vita te lo dico sì // ma // cosa che invece questa città potrebbe mangiare in testa a tantissime;;;;1;1;;;;;;;;;;;;;;;;;;;;;;;1;;0;;
PTA005;#1148276;doc#154;;https://search.corpuskiparla.it/corpus/player/player.cgi?code=PTA005&begin=3923714&end=3926772;3923714;3926772;PTA005;;0,072719907;;https://search.corpuskiparla.it/corpus/conversations/PTA005.html;https://search.corpuskiparla.it/corpus/conversations/PTA005_jefferson.html;26-30;F;;intell;;;lombardia;phd;4;intervista semistrutturata;banalmente passeggiando in centro il fine settimana così // che ci siano molti più turisti // cioè mi sembra che;comunque;ci sia stata una rivalutazione // ma non metto in dubbio però non mi puoi una zona // saràche // io posso capire e certo;;;;1;1;;;;;;;;;;;1;;;;;;;;;;;;;;0;;
PTA005;#1150208;doc#154;;https://search.corpuskiparla.it/corpus/player/player.cgi?code=PTA005&begin=4428705&end=4429474;4428705;4429474;PTA005;;0,072719907;;https://search.corpuskiparla.it/corpus/conversations/PTA005.html;https://search.corpuskiparla.it/corpus/conversations/PTA005_jefferson.html;26-30;M;;oper;;;piemonte;med;4;intervista semistrutturata;non è // mh mh // basta non mi rompere // non ah io non lo accetto poi dopo basta // mh mh mh mh // scusa // // niente niente //;comunque;// ah // poi io mi divulgo // no e la domanda dopo era sei contento della tua città però insomma // // xxxx // io amo allora no;;;;1;1;;1;;;;;;;;;1;;;;;;;;;;;;;;0;;
KPN016;#1165472;doc#156;;https://search.corpuskiparla.it/corpus/player/player.cgi?code=KPN016&begin=168214&end=169020;168214;169020;KPN016;;0,020844907;;https://search.corpuskiparla.it/corpus/conversations/KPN016.html;https://search.corpuskiparla.it/corpus/conversations/KPN016_jefferson.html;21-25;F;;stud;;;emilia-romagna;laurea in corso;2;pasto;// ho detto cucciolona // beh non è mica // mi è venuto un po'' l''abbiocchino // a star lì fuori // eh beh // lì al sole un po'' //;comunque;// non va bene che si creino quei mh quei ritardi lì adesso negli ospedali eh // lei poveretta non ha perso un secondo // poi;;;;1;1;;1;;;;;;;;;1;;;;;;;;;;;;;;1;;
KPN016;#1168625;doc#156;;https://search.corpuskiparla.it/corpus/player/player.cgi?code=KPN016&begin=1654635&end=1661510;1654635;1661510;KPN016;;0,020844907;;https://search.corpuskiparla.it/corpus/conversations/KPN016.html;https://search.corpuskiparla.it/corpus/conversations/KPN016_jefferson.html;21-25;F;;stud;;;emilia-romagna;laurea in corso;2;pasto;ogni tanto // ma no perché venite da troppi punti diversi // siamo troppo // mh // poi abbiamo tutti età diverse cioè;comunque;io son la più piccola c''è tutta gente che ha quaranta cinquant''anni cioè // è meglio di no // no // ma anche per loro;;;;1;1;1;;;;;;;;;;1;;;1;;;;;;;;;;;1;;
PTD016;#1174862;doc#157;;https://search.corpuskiparla.it/corpus/player/player.cgi?code=PTD016&begin=1482562&end=1484732;1482562;1484732;PTD016;;0,038460648;;https://search.corpuskiparla.it/corpus/conversations/PTD016.html;https://search.corpuskiparla.it/corpus/conversations/PTD016_jefferson.html;26-30;F;;disocc;;;piemonte;dip_tec_prof;4;intervista semistrutturata;nel cuore // quel coso cadeva da // non ci fai caso poi magari dici vero io guardavo dal computer non dal cellulare // sì //;comunque;mi dice sì c''è un posto // infatti io ci avevo il computer in ditta guardavo gli indirizzi gli ho scaricato la mappa // e //;;;;1;1;;1;;;;1;;;;;1;;;;;;;;;;;;;;1;;
PTD016;#1174932;doc#157;;https://search.corpuskiparla.it/corpus/player/player.cgi?code=PTD016&begin=1500446&end=1501740;1500446;1501740;PTD016;;0,038460648;;https://search.corpuskiparla.it/corpus/conversations/PTD016.html;https://search.corpuskiparla.it/corpus/conversations/PTD016_jefferson.html;26-30;F;;disocc;;;piemonte;dip_tec_prof;4;intervista semistrutturata;mappa mi ha detto ti presto il navigatore // // chiedi ad ludovico un mio collega // no comment sto ludovico rossi babbo //;comunque;lasciamo perdere // c''è ancora c''è ancora ludovico // flavio // e c''è ancora tra l''altro questo // tiene duro ludovico x;;;;1;1;;;;;;;;;;;1;;;;;;;;;;;;;;1;;
PTD016;#1175191;doc#157;;https://search.corpuskiparla.it/corpus/player/player.cgi?code=PTD016&begin=1556640&end=1559560;1556640;1559560;PTD016;;0,038460648;;https://search.corpuskiparla.it/corpus/conversations/PTD016.html;https://search.corpuskiparla.it/corpus/conversations/PTD016_jefferson.html;21-25;F;;stud;;;piemonte;laurea in corso;4;intervista semistrutturata;eh vabbè allora xx vediamo dai // ma io però lo capisco // cioè lui p~ secondo me aveva anche // comunque // cioè scardini //;comunque;l''equilibrio anche del del posto cioè poi // eh esatto // perché ero brava a lavorare io // e quindi non la volevi mandare;;;;1;1;;;;;;;;;;;;;;;;;1;;;;;;1;;0;;
PTD016;#1176644;doc#157;;https://search.corpuskiparla.it/corpus/player/player.cgi?code=PTD016&begin=1894160&end=1898010;1894160;1898010;PTD016;;0,038460648;;https://search.corpuskiparla.it/corpus/conversations/PTD016.html;https://search.corpuskiparla.it/corpus/conversations/PTD016_jefferson.html;36-40;M;;impr;;;piemonte;dip_tec_prof;4;intervista semistrutturata;oh andiamo al in giro eh // sì perché se no // andiamo a convivere? no no xx // sposiamoci? no // ma no perché io con l''azienda;comunque;a sembra uno ci ha l''azienda e dici che // eh no // no quello non vuol dire niente // però comunqueè difficile non è che sia;;;;1;1;;;;;;;;;;;1;;;;;;;;;;;;;;0;;
PTD016;#1177487;doc#157;;https://search.corpuskiparla.it/corpus/player/player.cgi?code=PTD016&begin=2110880&end=2115480;2110880;2115480;PTD016;;0,038460648;;https://search.corpuskiparla.it/corpus/conversations/PTD016.html;https://search.corpuskiparla.it/corpus/conversations/PTD016_jefferson.html;36-40;M;;impr;;;piemonte;dip_tec_prof;4;intervista semistrutturata;// leale tra virgo~ tra virgolette col~ collaborativa addirtittura perché io st~ // contenuta? // stampo gomma o;comunque;stampo silicone per aziende che fanno gomma // sì // quindi loro mi chiedono articoli io stampo per tanti conto terzi no?;1;;;;;;;;;;;;;;;;;;;;;;;;;;;;;0;;
PTD016;#1179871;doc#157;;https://search.corpuskiparla.it/corpus/player/player.cgi?code=PTD016&begin=2672772&end=2677942;2672772;2677942;PTD016;;0,038460648;;https://search.corpuskiparla.it/corpus/conversations/PTD016.html;https://search.corpuskiparla.it/corpus/conversations/PTD016_jefferson.html;36-40;M;;impr;;;piemonte;dip_tec_prof;4;intervista semistrutturata;chiamato mia mamma // mentre tu eri sceso a parlare // // si cagava in mano perché la prima vacanza // mentre t~ // cioè;comunque;era anche tutta una prova anche per noi stare insieme non stavamo non siamo mai stati insieme // no perché noi // mah per;;;;1;1;1;;;;;;;;;;1;;;;;;;;;;;;;;0;;
PTD016;#1180681;doc#157;;https://search.corpuskiparla.it/corpus/player/player.cgi?code=PTD016&begin=2858178&end=2860568;2858178;2860568;PTD016;;0,038460648;;https://search.corpuskiparla.it/corpus/conversations/PTD016.html;https://search.corpuskiparla.it/corpus/conversations/PTD016_jefferson.html;36-40;M;;impr;;;piemonte;dip_tec_prof;4;intervista semistrutturata;della stazione // eh ogni tanto qualcuno ti dice les gaillard roquebrune // mah sì // non capiamo niente // mh mh //;comunque;la prima vacanza è stata più bella perché // era tutt~ eh // vabbè anche dieci giorni tantissimo // poi dormivamo fuori in;;;;1;1;1;1;;;;;;;;;1;;;;;;;;;;;;;;0;;
PTD016;#1182220;doc#157;;https://search.corpuskiparla.it/corpus/player/player.cgi?code=PTD016&begin=3189035&end=3189545;3189035;3189545;PTD016;;0,038460648;;https://search.corpuskiparla.it/corpus/conversations/PTD016.html;https://search.corpuskiparla.it/corpus/conversations/PTD016_jefferson.html;21-25;F;;stud;;;piemonte;laurea in corso;4;intervista semistrutturata;xxx // hu // l''applauso a fine volo // // non lo so a fine volo se boh // no l''applauso a fine volo me lo ricordo solo a sharm //;comunque;// dieci ore di volo ti anestetizzi // quattro ore di volo a sharm // picchia picchia italiani ignoranti // xxxx // io mi;;;;;;;;;;;;;;;;;;;;;;;;;;;;;;1;;
BOD1010;#1207841;doc#161;;https://search.corpuskiparla.it/corpus/player/player.cgi?code=BOD1010&begin=2003796&end=2015323;2003796;2015323;BOD1010;;0,075856481;;https://search.corpuskiparla.it/corpus/conversations/BOD1010.html;https://search.corpuskiparla.it/corpus/conversations/BOD1010_jefferson.html;===NONE===;===NONE===;;===NONE===;;;===NONE===;===NONE===;1;lezione;da una parte c'' è anche la libertà // di coltrane che sta cercando nuove soluzioni però dall'' altra parte // ci dev'' essere;comunque;una cosa ancora più statica di quello che era prima quindi la libertà di uno poi influisce su su quella del e xxx la libertà;;;;1;1;;;;;;;;;;;;;;;;;;;;;;;1;;0;;ERR
PBA017;#1219023;doc#163;;https://search.corpuskiparla.it/corpus/player/player.cgi?code=PBA017&begin=648936&end=651180;648936;651180;PBA017;;0,025601852;;https://search.corpuskiparla.it/corpus/conversations/PBA017.html;https://search.corpuskiparla.it/corpus/conversations/PBA017_jefferson.html;21-25;M;;comm;;;friuli-venezia-giulia;dip_lic;3;intervista semistrutturata;non vedi il resto del negozio dalla cassa // era tutto di nascosto ha aspettato anche il momento giusto questa // // //;comunque;se siete interessati posso indirizzarlo // // eh se conosci qualcuno // e che negozio è cos''è che vende? // si può dire? //;;;;1;1;;1;;;;;;;;;1;;;;;;;;;;;;;;0;;
PBA017;#1219933;doc#163;;https://search.corpuskiparla.it/corpus/player/player.cgi?code=PBA017&begin=897441&end=898534;897441;898534;PBA017;;0,025601852;;https://search.corpuskiparla.it/corpus/conversations/PBA017.html;https://search.corpuskiparla.it/corpus/conversations/PBA017_jefferson.html;21-25;M;;comm;;;friuli-venezia-giulia;dip_lic;3;intervista semistrutturata;che si è perso un po'' il l''effetto colore che c''era un po'' mormorizzato // vero // vero // infatti eh // però son fighi;comunque;// è una rottura di scatole per quello // comunque male perchè cioè // che palle // dovremmo scrivere all''azienda un;1;;;;;;;;;;;;;;;;;;;;;;;;;;;;;1;;
PBA017;#1220305;doc#163;;https://search.corpuskiparla.it/corpus/player/player.cgi?code=PBA017&begin=1018155&end=1021034;1018155;1021034;PBA017;;0,025601852;;https://search.corpuskiparla.it/corpus/conversations/PBA017.html;https://search.corpuskiparla.it/corpus/conversations/PBA017_jefferson.html;21-25;M;;comm;;;friuli-venezia-giulia;dip_lic;3;intervista semistrutturata;già è gia ottobre // sì // eh // quindi sì // controlla controlla // il ventisette xxx xx padre // ah // sì vai a controllare;comunque;probabilmente me ne danno anche altri di straordinari // eheh eheh // // // diciamo la mia speranza è che a // mh a // un due;;;;;;;;;;;;;;;;;;;;;;;;;;;;;;0;;
PBA017;#1223613;doc#163;;https://search.corpuskiparla.it/corpus/player/player.cgi?code=PBA017&begin=2017069&end=2021680;2017069;2021680;PBA017;;0,025601852;;https://search.corpuskiparla.it/corpus/conversations/PBA017.html;https://search.corpuskiparla.it/corpus/conversations/PBA017_jefferson.html;21-25;M;;oper;;;veneto;med;3;intervista semistrutturata;tre anni viene fatto l''appalto nuovo // xxx chi li fa partire xxx rifornitori // eh ma lì poi dopo dipende alla fine perchè;comunque;le fabbriche non fanno mai // un marchio solo // no no no // intendi di mh // chi fa la produzione cioè poi alla fine // ah // sì;1;;;;;;;;;;;;;;;;;;;;;;;;;;;;;0;;ERR
PBA017;#1223816;doc#163;;https://search.corpuskiparla.it/corpus/player/player.cgi?code=PBA017&begin=2083435&end=2087871;2083435;2087871;PBA017;;0,025601852;;https://search.corpuskiparla.it/corpus/conversations/PBA017.html;https://search.corpuskiparla.it/corpus/conversations/PBA017_jefferson.html;21-25;M;;oper;;;veneto;med;3;intervista semistrutturata;differenza // ehm beh etico morale importante // no infatti ci sta // e anche comunque un lavoro artigianale // sì perchè;comunque;è sempre artigianato cioè alla fine quando vai fuori da // è brutto da dire però quando vai fuori da un terzo mondo che;1;;;;;;;;;;;;;;;;;;;;;;;;;;;;;0;;
KPN028;#1234203;doc#165;;https://search.corpuskiparla.it/corpus/player/player.cgi?code=KPN028&begin=1522261&end=1524065;1522261;1524065;KPN028;;0,022662037;;https://search.corpuskiparla.it/corpus/conversations/KPN028.html;https://search.corpuskiparla.it/corpus/conversations/KPN028_jefferson.html;21-25;F;;stud;;;emilia-romagna;laurea in corso;3;pasto;c''è la chiesa // vabbè // mh sì // rocchetta mattei attrazione turistica // vai su // è vicino a eh a rocchetta mattei //;comunque;quei pomodori secchi // secondo me bisogna mangiarli perchè // io li ho aperti un tot di tempo fa // li hai mangiati ieri?;;;;1;1;;1;;;;;;;;;1;;;;;;;;;;;;;;0;;
BOD2010;#1239660;doc#167;;https://search.corpuskiparla.it/corpus/player/player.cgi?code=BOD2010&begin=247011&end=249670;247011;249670;BOD2010;;0,017326389;;https://search.corpuskiparla.it/corpus/conversations/BOD2010.html;https://search.corpuskiparla.it/corpus/conversations/BOD2010_jefferson.html;21-25;M;;stud;;;emilia-romagna;laurea in corso;2;intervista semistrutturata;magari // c'' ho tipo // io c'' ho una camera e c'' è anche uno studio // eh uno studio taverna al piano terra // e lì ci // dato che;comunque;li li gestisco io di fatto // ci penso io a pulire e a mettere in ordine // e c'' ho pensato anche io quando abbiamo fatto il;;;;1;1;1;;;;;;;;;;1;;;;;;;;;;;;;;1;;
BOD2010;#1240039;doc#167;;https://search.corpuskiparla.it/corpus/player/player.cgi?code=BOD2010&begin=376341&end=383806;376341;383806;BOD2010;;0,017326389;;https://search.corpuskiparla.it/corpus/conversations/BOD2010.html;https://search.corpuskiparla.it/corpus/conversations/BOD2010_jefferson.html;21-25;M;;stud;;;emilia-romagna;laurea in corso;2;intervista semistrutturata;principalmente // i passatempi abbiam~ sempre soprattutto // d'' inverno ci trovavamo o per guardar dei film // perché;comunque;ci ho messo il il televisore e anche il il lettore di vu di quello delle cassette // okay // eh oppure ci siam sempre trovati;1;;;;;;;;;;;;;;;;;;;;;1;;;;;;;;0;;
BOD2010;#1240327;doc#167;;https://search.corpuskiparla.it/corpus/player/player.cgi?code=BOD2010&begin=472449&end=476784;472449;476784;BOD2010;;0,017326389;;https://search.corpuskiparla.it/corpus/conversations/BOD2010.html;https://search.corpuskiparla.it/corpus/conversations/BOD2010_jefferson.html;21-25;M;;stud;;;emilia-romagna;laurea in corso;2;intervista semistrutturata;è bello // e vederlo sì proprio // molte cose lasciate all'' incuria e al degrado mi dispiace mi // mi dà fastidio perché;comunque;è il posto dove sono nato dove ho sempre vissuto // eh vederlo // lasciato andare // sì mi dispiace e mi infastidisce anche;1;;;;;;;;;;;;;;;;;;;;;;;;;;;;;0;;
BOD2010;#1241405;doc#167;;https://search.corpuskiparla.it/corpus/player/player.cgi?code=BOD2010&begin=826745&end=833132;826745;833132;BOD2010;;0,017326389;;https://search.corpuskiparla.it/corpus/conversations/BOD2010.html;https://search.corpuskiparla.it/corpus/conversations/BOD2010_jefferson.html;21-25;M;;stud;;;emilia-romagna;laurea in corso;2;intervista semistrutturata;// mh no siamo andati molto a caso // // a dir~ la verità // e questo in parte l'' avevo un po'' sentito a livello fisico perché;comunque;molto faticoso // però comunque una persona direi in salute // soprattutto un ragazzo giovane anche senza allenamento;1;;;;;;;;;;;;;;;;;;;;;;;;;;;;;0;;
BOD2010;#1241410;doc#167;;https://search.corpuskiparla.it/corpus/player/player.cgi?code=BOD2010&begin=833949&end=837594;833949;837594;BOD2010;;0,017326389;;https://search.corpuskiparla.it/corpus/conversations/BOD2010.html;https://search.corpuskiparla.it/corpus/conversations/BOD2010_jefferson.html;21-25;M;;stud;;;emilia-romagna;laurea in corso;2;intervista semistrutturata;// // a dir~ la verità // e questo in parte l'' avevo un po'' sentito a livello fisico perché comunque molto faticoso // però;comunque;una persona direi in salute // soprattutto un ragazzo giovane anche senza allenamento // giovane // lo riesce a fare;1;;;;;;;;;;;;;;;;;;;;;;;;;;;;;0;;
PTB025;#1251483;doc#169;;https://search.corpuskiparla.it/corpus/player/player.cgi?code=PTB025&begin=630843&end=632489;630843;632489;PTB025;;0,0484375;;https://search.corpuskiparla.it/corpus/conversations/PTB025.html;https://search.corpuskiparla.it/corpus/conversations/PTB025_jefferson.html;71-75;M;;pens;;;piemonte;laurea;4;intervista semistrutturata;// okay // quaranta e fischia anni eh // mh // quarantatré anni che son qua eh quindi // eh non da sempre // mh mh // però sono;comunque;// eh e adesso anche lei rimasto legato al mio paese cioè per me // // torino nonmh // non rappresenta gran~ gran~ ma no non;1;;;;;;;;;;;;;;;;;;;;;;;;;;;;;0;;
PTB025;#1253425;doc#169;;https://search.corpuskiparla.it/corpus/player/player.cgi?code=PTB025&begin=1285809&end=1286498;1285809;1286498;PTB025;;0,0484375;;https://search.corpuskiparla.it/corpus/conversations/PTB025.html;https://search.corpuskiparla.it/corpus/conversations/PTB025_jefferson.html;26-30;F;;intell;;;lombardia;phd;4;intervista semistrutturata;avanti // // no no ma adesso andate avanti voi // no xxxxxx tagliate // no no no no andiamo sullo specifico // xxx // quindi;comunque;// è molto tempo che vivete nello stesso quartiere? // vi sembra sia cambiato nel corso del tempo? // sì // come? // ma non;;;;1;1;1;1;;;;;;;;;1;;;;;;;;;;;;;;0;;
PTB025;#1255142;doc#169;;https://search.corpuskiparla.it/corpus/player/player.cgi?code=PTB025&begin=1830499&end=1835177;1830499;1835177;PTB025;;0,0484375;;https://search.corpuskiparla.it/corpus/conversations/PTB025.html;https://search.corpuskiparla.it/corpus/conversations/PTB025_jefferson.html;66-70;F;;pens;;;piemonte;dip_lic;4;intervista semistrutturata;dei ti~ delle relazioni diverse anche con i genitori // mh mh // eh non so io io mh vabbè adesso // lontano lontano nel tempo;comunque;ho fatto quarantadue anni e i~ anzi i primi due anni // non non mi sono ricordata ho insegnato al mio paese proprio nella;;;;1;1;;;;;;;;;;;1;;;;;;;;;;;;;;1;;
PTB025;#1259676;doc#169;;https://search.corpuskiparla.it/corpus/player/player.cgi?code=PTB025&begin=3295280&end=3299831;3295280;3299831;PTB025;;0,0484375;;https://search.corpuskiparla.it/corpus/conversations/PTB025.html;https://search.corpuskiparla.it/corpus/conversations/PTB025_jefferson.html;66-70;F;;pens;;;piemonte;dip_lic;4;intervista semistrutturata;dire eh e e la pulizia e la cucina e lo stirare e il lavare la spesa eh // quindi quello incide anche molto // eh sì // però;comunque;lui è un soggetto molto più attivo infatti il prezzemolo // // no no no // un po'' dappertutto // allora allora allora io se;1;;;;;;;;;;;;;;;;;;;;;;;;;;;;;0;;
PTB025;#1262540;doc#169;;https://search.corpuskiparla.it/corpus/player/player.cgi?code=PTB025&begin=4167300&end=4169357;4167300;4169357;PTB025;;0,0484375;;https://search.corpuskiparla.it/corpus/conversations/PTB025.html;https://search.corpuskiparla.it/corpus/conversations/PTB025_jefferson.html;66-70;F;;pens;;;piemonte;dip_lic;4;intervista semistrutturata;che la cioè è passata la vita nella s~ all''interno della scuola è passata una vita eh // eh sì certo // quarantadue anni;comunque;non sono // certo // cioè è da quando eri proprio // eh sì poi // pivellino e ti sei fatto le prime ossa e poi // certo // cioè è;;;;1;1;;;;;;;;;;;1;;;;;;;;;;;;;;0;;
BOC1001;#1262873;doc#170;;https://search.corpuskiparla.it/corpus/player/player.cgi?code=BOC1001&begin=101825&end=103816;101825;103816;BOC1001;;0,010138889;;https://search.corpuskiparla.it/corpus/conversations/BOC1001.html;https://search.corpuskiparla.it/corpus/conversations/BOC1001_jefferson.html;21-25;F;;stud;;;emilia-romagna;laurea in corso;2;esame;diciamo // e ehm si rifugiò a monte cassino // ehm // come mai proprio a monte cassino? // beh perchè è il primo // cioè;comunque;è un monastero benedettino // eh fondato appunto da da san benedetto esatto // dal fondatore dell'' ordine // ehm // e fu;;;;1;1;1;;;;;;;;;;1;;;1;;;;;;;;;;;0;;
KPN030;#1265942;doc#171;;https://search.corpuskiparla.it/corpus/player/player.cgi?code=KPN030&begin=441494&end=448386;441494;448386;KPN030;;00:00:29.490000;;https://search.corpuskiparla.it/corpus/conversations/KPN030.html;https://search.corpuskiparla.it/corpus/conversations/KPN030_jefferson.html;21-25;F;;stud;;;basilicata;laurea in corso;3;pasto;era tardi era ormai il taxi là cioè // il taxi xx sì // stava a bologna sì // xx x eh sì cioè // a sto punto a questo tizio // erano;comunque;in ritardo di un botto siamo praticamente attivati che erano le undici e dovevamo arrivare t''ho detto massimo alle otto;;;;1;1;;;;;;;;;;;1;;;;;;;;;;;;;;1;;
BOC1009;#1272022;doc#172;;https://search.corpuskiparla.it/corpus/player/player.cgi?code=BOC1009&begin=322455&end=324087;322455;324087;BOC1009;;0,008576389;;https://search.corpuskiparla.it/corpus/conversations/BOC1009.html;https://search.corpuskiparla.it/corpus/conversations/BOC1009_jefferson.html;36-40;F;;intell;;;lombardia;phd;2;esame;forse non è proprio il termine // un insieme di azioni contemplate in una xxx e // migliore // ma vada avanti vada avanti;comunque;// cioè che si definiscono proprio per la loro // sequenzialità // e per il fatto di ehm // di diciamo definirsi sulla base;1;;;;;;;;;;;;;;;;;;;;;;;;;;;;;0;;
BOC1009;#1272725;doc#172;;https://search.corpuskiparla.it/corpus/player/player.cgi?code=BOC1009&begin=638552&end=643237;638552;643237;BOC1009;;0,008576389;;https://search.corpuskiparla.it/corpus/conversations/BOC1009.html;https://search.corpuskiparla.it/corpus/conversations/BOC1009_jefferson.html;21-25;F;;stud;;;toscana;laurea in corso;2;esame;brown e levinson // che sviluppano la teoria di goffman // che si fonda soprattutto sulla nozione di faccia // ovvero che;comunque;differisce da quella originaria di goffman mi ri~ perchè // mentre in goffman la faccia era l'' immagine di sè stessi che;;;;1;1;;;;;;;;;;;1;;;;;;;;;;;;;;0;;
PTD010;#1273575;doc#173;;https://search.corpuskiparla.it/corpus/player/player.cgi?code=PTD010&begin=178870&end=181201;178870;181201;PTD010;;0,041064815;;https://search.corpuskiparla.it/corpus/conversations/PTD010.html;https://search.corpuskiparla.it/corpus/conversations/PTD010_jefferson.html;41-45;M;;intell;;;piemonte;phd;3;intervista semistrutturata;quindi // mhmh // okay // // questa è una cosa // in questo pieno centro boh // no io molto // molto più statico nel senso che;comunque;sono nato sempre // cioè o meglio da quando son nato ho sempre vissuto in quella zona // spostandomi un po'' ma m~ ma di poco;;;;1;1;1;;;;;;;;;;1;;;1;;;;;;;;;;;0;;
PTD010;#1273672;doc#173;;https://search.corpuskiparla.it/corpus/player/player.cgi?code=PTD010&begin=204817&end=206334;204817;206334;PTD010;;0,041064815;;https://search.corpuskiparla.it/corpus/conversations/PTD010.html;https://search.corpuskiparla.it/corpus/conversations/PTD010_jefferson.html;41-45;M;;intell;;;piemonte;phd;3;intervista semistrutturata;è // tut~ eh // anche loro sono // sono del sud ma del sud del piemonte // // quegli immigrati qua // esatto // // sono;comunque;a sud del po quindi // immigrati interni // un tempo // li avrebbero classificati comunque come eh // eh // come me~ come;1;;;;;;;;;;;;;;;;;;;;;;;;;;;;;1;;
PTD010;#1274454;doc#173;;https://search.corpuskiparla.it/corpus/player/player.cgi?code=PTD010&begin=428399&end=431299;428399;431299;PTD010;;0,041064815;;https://search.corpuskiparla.it/corpus/conversations/PTD010.html;https://search.corpuskiparla.it/corpus/conversations/PTD010_jefferson.html;41-45;M;;intell;;;piemonte;phd;3;intervista semistrutturata;me ne accorgo // mh // // nel senso noi abbiamo una // certo // no anche tanti amici che vengono // quantità di // di s~ cioè;comunque;di di studenti che arrivano da // eh // sopratutto d~ da // sicilia puglia // eh xxx // però forse questa attrazione del;;;;1;1;1;;;;;;;;;;;;;1;;;1;;;;;;;;0;;
PTD010;#1274844;doc#173;;https://search.corpuskiparla.it/corpus/player/player.cgi?code=PTD010&begin=522675&end=525829;522675;525829;PTD010;;0,041064815;;https://search.corpuskiparla.it/corpus/conversations/PTD010.html;https://search.corpuskiparla.it/corpus/conversations/PTD010_jefferson.html;41-45;M;;intell;;;piemonte;phd;3;intervista semistrutturata;studiavo io all''università // effettivamente non // non e~ // devo dire che il grosso dei miei compagni di corso eran;comunque;// gente che // già risiedeva qua magari di fami~ // mh // chiaramente non // mh mh // non da generazioni però abitavano;;;;1;1;;;;;;;;;;;;;;;;;1;;;;;;;;0;;
PTD010;#1275706;doc#173;;https://search.corpuskiparla.it/corpus/player/player.cgi?code=PTD010&begin=753705&end=754585;753705;754585;PTD010;;0,041064815;;https://search.corpuskiparla.it/corpus/conversations/PTD010.html;https://search.corpuskiparla.it/corpus/conversations/PTD010_jefferson.html;36-40;F;;intell;;;piemonte;laurea;3;intervista semistrutturata;sono andati per lavorare // tanti se ne sono andati e se ne continuano ad andare // quindi la gente viene per formarsi // e;comunque;poi // se ne va // mh mh // restano vecchi // irrisolti // // eh // qualche nuovo cittadino // però // sicuramente si è mh //;;;;1;1;1;;;;;;;;;;1;;;;;;;;;;;;;;0;;
PTD010;#1276735;doc#173;;https://search.corpuskiparla.it/corpus/player/player.cgi?code=PTD010&begin=1020383&end=1021427;1020383;1021427;PTD010;;0,041064815;;https://search.corpuskiparla.it/corpus/conversations/PTD010.html;https://search.corpuskiparla.it/corpus/conversations/PTD010_jefferson.html;36-40;F;;intell;;;piemonte;laurea;3;intervista semistrutturata;spesso per arrivare // lì al capolinea di sto benedetto quindici // // stare sui pullman // ti ga~ // perché;comunque;l~ vedi // ah sì certo // a seconda delle fermate // ovviamente // cioè proprio analisi sociologica di primo sul campo //;1;;;;;;;;;;;;;;;;;;;;;;;;;;;;;0;;
PTD010;#1277234;doc#173;;https://search.corpuskiparla.it/corpus/player/player.cgi?code=PTD010&begin=1135856&end=1138783;1135856;1138783;PTD010;;0,041064815;;https://search.corpuskiparla.it/corpus/conversations/PTD010.html;https://search.corpuskiparla.it/corpus/conversations/PTD010_jefferson.html;36-40;F;;intell;;;piemonte;laurea;3;intervista semistrutturata;// mh // interessate // eh // // necessitate // // ad andare a lottare con le blatte // // e scusami diciamocelo // perché lì;comunque;ci sono delle case guarda io ho degli amici che ci abitano // // ci sono delle case molto belle // ma comunque // anche eh //;1;;;;;;;;;;;;;;;;;;;;;;;;;;;;;0;;
PTD010;#1277652;doc#173;;https://search.corpuskiparla.it/corpus/player/player.cgi?code=PTD010&begin=1238219&end=1239489;1238219;1239489;PTD010;;0,041064815;;https://search.corpuskiparla.it/corpus/conversations/PTD010.html;https://search.corpuskiparla.it/corpus/conversations/PTD010_jefferson.html;41-45;M;;intell;;;piemonte;phd;3;intervista semistrutturata;non è che // ormai non è più a basso costo // mh mh // però è vero che è un quartiere vivacissimo // molti sono indirizzati //;comunque;affittare a studenti // è // cioè // è un è è è // magari // la sin~ eh // molto spesso con quello che uno // quello quello che;;;;1;1;;1;;;;;;;;;1;;;;;;;;;;;;;;0;;
PTD010;#1278230;doc#173;;https://search.corpuskiparla.it/corpus/player/player.cgi?code=PTD010&begin=1376053&end=1377700;1376053;1377700;PTD010;;0,041064815;;https://search.corpuskiparla.it/corpus/conversations/PTD010.html;https://search.corpuskiparla.it/corpus/conversations/PTD010_jefferson.html;36-40;F;;intell;;;piemonte;laurea;3;intervista semistrutturata;le ore il fatto di perder le botteghe // il non sapere dove metter l''auto // trovarsi in una costante frenesia // eh perché;comunque;è una // perenne giostra quindi gente sempre in tiro sempre su di giri // in cui tu t''imbatti quando magari sei // allora;1;;;;;;;;;;;;;;;;;;;;;;;;;;;;;1;;
PTD010;#1282202;doc#173;;https://search.corpuskiparla.it/corpus/player/player.cgi?code=PTD010&begin=2414993&end=2416322;2414993;2416322;PTD010;;0,041064815;;https://search.corpuskiparla.it/corpus/conversations/PTD010.html;https://search.corpuskiparla.it/corpus/conversations/PTD010_jefferson.html;41-45;M;;intell;;;piemonte;phd;3;intervista semistrutturata;mi son messo a studiare ingegneria ambientale // non è l''unico ambito in cui lo puoi // puoi approfondire però;comunque;// dis~ // hai fatto il politecnico giusto? // ho fatto il politecnico sì // eh ho fatto // comunque una facoltà che //;1;;;;;;;;;;;;;;;;;;;;;;;;;;;;;0;;
PTD010;#1283401;doc#173;;https://search.corpuskiparla.it/corpus/player/player.cgi?code=PTD010&begin=2730335&end=2732275;2730335;2732275;PTD010;;0,041064815;;https://search.corpuskiparla.it/corpus/conversations/PTD010.html;https://search.corpuskiparla.it/corpus/conversations/PTD010_jefferson.html;36-40;F;;intell;;;piemonte;laurea;3;intervista semistrutturata;lì cinque ore al giorno beh è chiaro // mh mh mh // un po'' come essere alle superiori // invece per noi era meno facile // ho;comunque;legato con dei gruppi di persone // avevo comunque altre amicizie che si son formate in quel periodo // quindi in realtà è;1;;;;;;;;;;;;;;;;;;;;;;;;;;;;;0;;
PBB033;#1288832;doc#174;;https://search.corpuskiparla.it/corpus/player/player.cgi?code=PBB033&begin=804539&end=805929;804539;805929;PBB033;;0,033738426;;https://search.corpuskiparla.it/corpus/conversations/PBB033.html;https://search.corpuskiparla.it/corpus/conversations/PBB033_jefferson.html;21-25;F;;stud;;;emilia-romagna;laurea in corso;2;intervista semistrutturata;// però anche era una cosa normale però s''è detur~ abbastanza tenuta bene bologna insomma al di là di tutto non è // sì sì sì;comunque;// una città vivibile piacevole // e invece di san luca ci sei ovviamente ci sei stato già // certo sono // ti ricordi la;;;;1;1;;;;;;;;;;;;;;;;;;;;;;;;;0;;
PBB033;#1292793;doc#174;;https://search.corpuskiparla.it/corpus/player/player.cgi?code=PBB033&begin=2092467&end=2097334;2092467;2097334;PBB033;;0,033738426;;https://search.corpuskiparla.it/corpus/conversations/PBB033.html;https://search.corpuskiparla.it/corpus/conversations/PBB033_jefferson.html;21-25;F;;stud;;;emilia-romagna;laurea in corso;2;intervista semistrutturata;poi adesso è cambiato molto // però le osterie di bologna son state sempre molto famose // sì perché ho l''impressione;comunque;che con con il turismo che c''è anche straniero // sì sì // s sono un po'' dovuti adeguare // parte che sai il turismo;;;;1;1;;;;;;;;;;;1;;;;;;;;;;;;;;0;;Funzione fatica
PBB033;#1293282;doc#174;;https://search.corpuskiparla.it/corpus/player/player.cgi?code=PBB033&begin=2258115&end=2262920;2258115;2262920;PBB033;;0,033738426;;https://search.corpuskiparla.it/corpus/conversations/PBB033.html;https://search.corpuskiparla.it/corpus/conversations/PBB033_jefferson.html;21-25;F;;stud;;;emilia-romagna;laurea in corso;2;intervista semistrutturata;ne sono pochi anc~ ormai cioè non lo so perché sai // sì a bologna sinceramente ci sono più magari fuorisede o persone che;comunque;// una volta s''incontravano e il bolognese era tipico andava in piazza il venerdì perché c''era il mercato // che;;;;1;1;;;;;;;;;;;;;;;;;1;;;;;;;;0;;
PTD005;#1295884;doc#175;;https://search.corpuskiparla.it/corpus/player/player.cgi?code=PTD005&begin=212475&end=213832;212475;213832;PTD005;;0,01556713;;https://search.corpuskiparla.it/corpus/conversations/PTD005.html;https://search.corpuskiparla.it/corpus/conversations/PTD005_jefferson.html;56-60;F;;comm;;;piemonte;dip_tec_prof;2;intervista semistrutturata;classe // una maestra infatti mi guarda e mi dice no ma qua non è il tuo posto allora mi // mi fa andare via // ma erano tutte;comunque;// diciamo bambine che io conoscevo anche a venaria // cioè che sapevi che di nome // ma erano si no è che avevano // ma non ma;1;;;;;;;;;;;;;;;;;;;;;;;;;;;;;0;;
PTD005;#1296303;doc#175;;https://search.corpuskiparla.it/corpus/player/player.cgi?code=PTD005&begin=328463&end=333405;328463;333405;PTD005;;0,01556713;;https://search.corpuskiparla.it/corpus/conversations/PTD005.html;https://search.corpuskiparla.it/corpus/conversations/PTD005_jefferson.html;56-60;F;;comm;;;piemonte;dip_tec_prof;2;intervista semistrutturata;molte diverse da allora eh // più tecniche ? // sì // e vebbè c''era inglese italiano c''erano sempre le solite materie;comunque;c''erano parecchie materie eh // eh sì soprattutto penso quelle tecniche fossero diverse // eh // mh // cioè ce ne fossero;;;;1;1;;;;;;;;;;;1;;;1;;;;;;;;;;;0;;
PTD005;#1297117;doc#175;;https://search.corpuskiparla.it/corpus/player/player.cgi?code=PTD005&begin=571206&end=576663;571206;576663;PTD005;;0,01556713;;https://search.corpuskiparla.it/corpus/conversations/PTD005.html;https://search.corpuskiparla.it/corpus/conversations/PTD005_jefferson.html;56-60;F;;comm;;;piemonte;dip_tec_prof;2;intervista semistrutturata;dei problemi // gravi // e // che però eh anche solo con un sorriso riuscivo a strapparle // un sorriso no? // ehmmh // e;comunque;loro cioè erano sono delle persone che anche il natale mi telefonavano ma per anni ancora dopo // e invece lì al al banco;;;;1;1;1;;;;;;;;;;1;;;;;;;;;;;;;;1;;
BOA3018;#1300778;doc#176;;https://search.corpuskiparla.it/corpus/player/player.cgi?code=BOA3018&begin=276961&end=277961;276961;277961;BOA3018;;0,018912037;;https://search.corpuskiparla.it/corpus/conversations/BOA3018.html;https://search.corpuskiparla.it/corpus/conversations/BOA3018_jefferson.html;21-25;F;;stud;;;emilia-romagna;laurea in corso;2;conversazione libera;comunque ha fatto la storia resterà sempre lo stile versace // mh mh // eh quello della canzone di bruno mars vero? // e;comunque;// sì però // // qui ci sono delle persone che ringraziano bruno mars di dire oh // grazie bruno mars finalmente // eh;;;;1;1;1;;;;;;;;;;1;;;;;;;;;;;;;;0;;
BOA3018;#1300907;doc#176;;https://search.corpuskiparla.it/corpus/player/player.cgi?code=BOA3018&begin=335551&end=336221;335551;336221;BOA3018;;0,018912037;;https://search.corpuskiparla.it/corpus/conversations/BOA3018.html;https://search.corpuskiparla.it/corpus/conversations/BOA3018_jefferson.html;21-25;F;;stud;;;emilia-romagna;laurea in corso;2;conversazione libera;comunque italiana // che fai giriamo qua? // sì // okay // eh però cioè // musica d'' attesa // // eh forse adesso // cioè;comunque;// xx // quando viene imposta cioè // uno stile tipo come quello de versace comunque uno non dice ah madonna che bello mai;;;;1;1;1;;;;;;;;;;1;;;;;;1;;;;;;;;0;;
BOA3018;#1300923;doc#176;;https://search.corpuskiparla.it/corpus/player/player.cgi?code=BOA3018&begin=339596&end=343716;339596;343716;BOA3018;;0,018912037;;https://search.corpuskiparla.it/corpus/conversations/BOA3018.html;https://search.corpuskiparla.it/corpus/conversations/BOA3018_jefferson.html;21-25;F;;stud;;;emilia-romagna;laurea in corso;2;conversazione libera;d'' attesa // // eh forse adesso // cioè comunque // xx // quando viene imposta cioè // uno stile tipo come quello de versace;comunque;uno non dice ah madonna che bello mai vista questa cosa e // va su tutti i giornali n~ e comunque dicono // ah vabbè vedi;;;;1;1;;;;;;;;;;;1;;;;;;;;;;;;;;0;;
BOA3018;#1302254;doc#176;;https://search.corpuskiparla.it/corpus/player/player.cgi?code=BOA3018&begin=741220&end=742140;741220;742140;BOA3018;;0,018912037;;https://search.corpuskiparla.it/corpus/conversations/BOA3018.html;https://search.corpuskiparla.it/corpus/conversations/BOA3018_jefferson.html;21-25;F;;stud;;;emilia-romagna;laurea in corso;2;conversazione libera;biciclette e ai vecoli non ai pedoni quindi // mh // vabbè ma io avevo giàpensato a tutto non ti preoccupare // // okay //;comunque;// cioè secondo me è l'' osare talmente tanto che // sei come in una spirale tipo // mh // mh // un turbinio di emozioni di cose;;;;1;1;1;1;;;;;;;;;1;;;;;;;;;;;;;;0;;
BOA3018;#1302592;doc#176;;https://search.corpuskiparla.it/corpus/player/player.cgi?code=BOA3018&begin=858100&end=861180;858100;861180;BOA3018;;0,018912037;;https://search.corpuskiparla.it/corpus/conversations/BOA3018.html;https://search.corpuskiparla.it/corpus/conversations/BOA3018_jefferson.html;21-25;M;;stud;;;emilia-romagna;laurea in corso;2;conversazione libera;meno traffico // xxxxxx // xx // oh guarda il cane // // mado~ // ma quanto è contento // mh // per cui sì cioè ogni tanto;comunque;in realtà questa cosa mi fa // mh // cioè è // non so a volte mi dà l'' im~ come l'' impressione che non ci sia abbastanza;;;;1;1;1;;;;;;;;;;;;;;;;1;;;;;;;;1;;Funzione fatica
BOA3018;#1303066;doc#176;;https://search.corpuskiparla.it/corpus/player/player.cgi?code=BOA3018&begin=1016350&end=1021350;1016350;1021350;BOA3018;;0,018912037;;https://search.corpuskiparla.it/corpus/conversations/BOA3018.html;https://search.corpuskiparla.it/corpus/conversations/BOA3018_jefferson.html;21-25;F;;stud;;;emilia-romagna;laurea in corso;2;conversazione libera;intera // sarebbe un po'' troppo // presuntuoso da parte mia // // mh // io critico // la trap perché è un genere musicale che;comunque;almeno in italia ha preso una piega // che // cioè per me non ha non non è niente dimh // di fo~ cioè dimh no di bello dimh //;;;;1;1;;;;;;;;;;;1;;;;;;;;;;;;;;0;;
PTB018;#1306759;doc#177;;https://search.corpuskiparla.it/corpus/player/player.cgi?code=PTB018&begin=738757&end=742750;738757;742750;PTB018;;0,038032407;;https://search.corpuskiparla.it/corpus/conversations/PTB018.html;https://search.corpuskiparla.it/corpus/conversations/PTB018_jefferson.html;26-30;F;;intell;;;lombardia;phd;2;intervista semistrutturata;// x // ho un po'' paura del // // sì la cinque e la sei ha vinto la lega // caspita // mamma mia // beh eh eh e in generale no;comunque;mh // eh eh in generale sì ma con una maggiore // una maggiora cosa e questa // mi dispiace molto // certo // ehm ci sono però;;;;1;1;1;;;;;;;;;;;;;;;;1;;;;;;;;0;;
PTB018;#1308942;doc#177;;https://search.corpuskiparla.it/corpus/player/player.cgi?code=PTB018&begin=1580512&end=1583370;1580512;1583370;PTB018;;0,038032407;;https://search.corpuskiparla.it/corpus/conversations/PTB018.html;https://search.corpuskiparla.it/corpus/conversations/PTB018_jefferson.html;over 85;F;;pens;;;piemonte;dip_tec_prof;2;intervista semistrutturata;la v~ la vita ha portato così // ma preferivo il lavoro d''ufficio // d''ufficio? // eh preferivo // quel tipo di lavoro //;comunque;tutto ci sia degua nella vita // certo // mi ci sono adeguata // // e lavorare forse in un appunto in un''attività;1;1;;;;;;;;;;;;;;;;;;;;;;;;;;;;0;;
PTB018;#1312499;doc#177;;https://search.corpuskiparla.it/corpus/player/player.cgi?code=PTB018&begin=2974139&end=2975440;2974139;2975440;PTB018;;0,038032407;;https://search.corpuskiparla.it/corpus/conversations/PTB018.html;https://search.corpuskiparla.it/corpus/conversations/PTB018_jefferson.html;over 85;F;;pens;;;piemonte;dip_tec_prof;2;intervista semistrutturata;come vuole non è // parlando con // par~ no parlando con una che parla italiano // // mi sento a disagio // certo // // ma;comunque;// #eh n~ lu parlu d menu perché non c''è // #j''è nen l''interlocutur sufficiente // a capire // difatti e questo abbiamo;1;;;;;;;;;;;;;;;;;;;;;;;;;;;;;0;;
KPN006;#1313443;doc#178;;https://search.corpuskiparla.it/corpus/player/player.cgi?code=KPN006&begin=18865&end=22090;18865;22090;KPN006;;0,024328704;;https://search.corpuskiparla.it/corpus/conversations/KPN006.html;https://search.corpuskiparla.it/corpus/conversations/KPN006_jefferson.html;81-85;M;;pens;;;emilia-romagna;elem;4;pasto;// buono // è buono stefano? // beh ma scherzi? // eh col basilico poi // oh siediti lì // ma xxx dice uno alla volta non due;comunque;// vabbè // no ma tu sei giovane ed è differente // nonno ma anche a lui non~ // lascialo lì quello che xx per fare una cosa //;1;;;;;;;;;;;;;;;;;;;;;;;;;;;;;0;;
KPN006;#1318073;doc#178;;https://search.corpuskiparla.it/corpus/player/player.cgi?code=KPN006&begin=1377212&end=1378032;1377212;1378032;KPN006;;0,024328704;;https://search.corpuskiparla.it/corpus/conversations/KPN006.html;https://search.corpuskiparla.it/corpus/conversations/KPN006_jefferson.html;81-85;M;;pens;;;emilia-romagna;elem;4;pasto;// sì sì sì // comunque le fa piacere come pensiero // beh certo // i fiori magari no // xxxxxxxx // giusto // sì sì // eh //;comunque;// perchè comunque siam sotto le feste e // che ci siete andati // è giusto // eh sono i nostri vicini eh // hai fatto bene // è;;;;1;1;;1;;;;;;;;;1;;;;;;;;;;;;;;0;;
KPN006;#1318076;doc#178;;https://search.corpuskiparla.it/corpus/player/player.cgi?code=KPN006&begin=1377382&end=1379282;1377382;1379282;KPN006;;0,024328704;;https://search.corpuskiparla.it/corpus/conversations/KPN006.html;https://search.corpuskiparla.it/corpus/conversations/KPN006_jefferson.html;21-25;F;;disocc;;;emilia-romagna;laurea;4;;le fa piacere come pensiero // beh certo // i fiori magari no // xxxxxxxx // giusto // sì sì // eh // comunque // perchè;comunque;siam sotto le feste e // che ci siete andati // è giusto // eh sono i nostri vicini eh // hai fatto bene // è giusto // tanto;1;;;;;;;;;;;;;;;;;;;;;;;;;;;;;1;;
KPN006;#1321248;doc#178;;https://search.corpuskiparla.it/corpus/player/player.cgi?code=KPN006&begin=2093615&end=2095133;2093615;2095133;KPN006;;0,024328704;;https://search.corpuskiparla.it/corpus/conversations/KPN006.html;https://search.corpuskiparla.it/corpus/conversations/KPN006_jefferson.html;81-85;M;;pens;;;emilia-romagna;elem;4;pasto;// no? // non c''ho fatto caso // ad ogni modo // non ci ho fatto caso // ha più senso che fai un impianto con tutto collegato //;comunque;stai attenta // sì ma non è collegato // ah no? // boh non lo so // comunque stai attenta // ma sì ma non preoccuparti // no no;1;;;;;;;;;;;;;;;;;;;;;;;;;;;;;0;;
TOD2005;#1324533;doc#180;;https://search.corpuskiparla.it/corpus/player/player.cgi?code=TOD2005&begin=24991&end=28867;24991;28867;TOD2005;;0,022002315;;https://search.corpuskiparla.it/corpus/conversations/TOD2005.html;https://search.corpuskiparla.it/corpus/conversations/TOD2005_jefferson.html;21-25;F;;stud;;;piemonte;laurea in corso;2;intervista semistrutturata;cinque mesi // e credo che sia una delle esperienze più significative che io abbia mai fatto nella mia vita // perché;comunque;anche se non è stato facile // specialmente in alcuni momenti // all'' inizio // e quando ha iniziato a fare freddissimo a;;;;1;1;;;;;;;;;;;;;1;;;;;;;;;;;;0;;
TOD2005;#1327968;doc#180;;https://search.corpuskiparla.it/corpus/player/player.cgi?code=TOD2005&begin=1283546&end=1293165;1283546;1293165;TOD2005;;0,022002315;;https://search.corpuskiparla.it/corpus/conversations/TOD2005.html;https://search.corpuskiparla.it/corpus/conversations/TOD2005_jefferson.html;21-25;F;;stud;;;piemonte;laurea in corso;2;intervista semistrutturata;è proprio una questione dei primi giorni perché poi già quando eh mi è ar~ quando è arrivata la mia coinquilina spagnola;comunque;// abbiamo subito trovat~ socializzato con altre ragazze eccetera // eh poi // vabbè // l'' organi~ eh c'' erano diverse;1;;;;;;;;;;;;;;;;;;;;;;;;;;;;;0;;
TOD2005;#1328705;doc#180;;https://search.corpuskiparla.it/corpus/player/player.cgi?code=TOD2005&begin=1572251&end=1574723;1572251;1574723;TOD2005;;0,022002315;;https://search.corpuskiparla.it/corpus/conversations/TOD2005.html;https://search.corpuskiparla.it/corpus/conversations/TOD2005_jefferson.html;21-25;F;;stud;;;piemonte;laurea in corso;2;intervista semistrutturata;le cose come cioè io sì ho vissuto a torino per due anni // facendo l'' università però // tornavo sempre il weekend // eh //;comunque;non era proprio come vivere da sola // sì vivi da sola però comunque sei sempre obbligata a tornare // io tante cose // ma;1;;;;;;;;;;;;;;;;;;;;;;;;;;;;;0;;
TOD2005;#1329591;doc#180;;https://search.corpuskiparla.it/corpus/player/player.cgi?code=TOD2005&begin=1883146&end=1886100;1883146;1886100;TOD2005;;0,022002315;;https://search.corpuskiparla.it/corpus/conversations/TOD2005.html;https://search.corpuskiparla.it/corpus/conversations/TOD2005_jefferson.html;21-25;F;;stud;;;piemonte;laurea in corso;2;intervista semistrutturata;solta~ cioè sarebbe soltanto lui a portermi dire delle cose // sì sei un po'' guidata in quello che fai // infatti e;comunque;non porterei niente di nuovo // cioè sì quello che ho studiato a scuola e // e la mia personalità però comunque io prima;1;;;;;;;;;;;;;;;;;;;;;;;;;;;;;0;;
PBC014;#1332070;doc#182;;https://search.corpuskiparla.it/corpus/player/player.cgi?code=PBC014&begin=190160&end=198500;190160;198500;PBC014;;0,031655093;;https://search.corpuskiparla.it/corpus/conversations/PBC014.html;https://search.corpuskiparla.it/corpus/conversations/PBC014_jefferson.html;21-25;F;;stud;;;emilia-romagna;laurea in corso;2;intervista semistrutturata;ehm non so com~ come posso dire contin~ continuano ad esser~ ci sono ancora dei luoghi a cui si sente magari legato non so o;comunque;che secondo lei non so rappresentano // la la bologna che che ha conosciuto non so // viene voglia di andare a // e // con gli;1;;;;;;;;;;;;;;;;;;;;;;;;;;;;;0;;
PBC014;#1332360;doc#182;;https://search.corpuskiparla.it/corpus/player/player.cgi?code=PBC014&begin=302550&end=307710;302550;307710;PBC014;;0,031655093;;https://search.corpuskiparla.it/corpus/conversations/PBC014.html;https://search.corpuskiparla.it/corpus/conversations/PBC014_jefferson.html;21-25;F;;stud;;;emilia-romagna;laurea in corso;2;intervista semistrutturata;anche anche a me in realtà ehm // si noi ci divertivam con molto meno // ecco non so ad esempio cosa appunto diceva e il reno o;comunque;// si avevate altri altre cose che facevate? non so insieme? come come vi divertivate ecco? // ma no erano no erano poi;;;;1;1;1;;;;;;;;;;;;;;;;;;;;;;;;0;;
PBC014;#1333764;doc#182;;https://search.corpuskiparla.it/corpus/player/player.cgi?code=PBC014&begin=833920&end=841610;833920;841610;PBC014;;0,031655093;;https://search.corpuskiparla.it/corpus/conversations/PBC014.html;https://search.corpuskiparla.it/corpus/conversations/PBC014_jefferson.html;21-25;F;;stud;;;emilia-romagna;laurea in corso;2;intervista semistrutturata;lei per sua esperienza diciamo // ma sa che non le~ non le~ non ho capito la domanda // ah eh no chiedevo comecioè visto che;comunque;ho visto che questo circolo è anche un po'' diciamo legato alla politica // le chiedevo come ha cosa ne pensava de di come è;;;;1;1;;;;;;;;;;;;;;;;;;;;1;;;1;;0;;L'uso che questa parlante fa di 'comunque' (da occorrenza 375 a 385) è vuoto, lo utilizza con sistematicità ogni tot parole. È come se stesse mitigando la portata dei suoi enunciati. È in soggezione. 
PBC014;#1335048;doc#182;;https://search.corpuskiparla.it/corpus/player/player.cgi?code=PBC014&begin=1310470&end=1317635;1310470;1317635;PBC014;;0,031655093;;https://search.corpuskiparla.it/corpus/conversations/PBC014.html;https://search.corpuskiparla.it/corpus/conversations/PBC014_jefferson.html;21-25;F;;stud;;;emilia-romagna;laurea in corso;2;intervista semistrutturata;diciamo inquesta ecco // e quindi // equindi diciamo questo cioè è comunque anche lei vedo che è mol~ è;comunque;preoccupato del fatto che comnque non // cioè per quanto si~ per quanto cerchi di dare una mano c''è sempre la paura di // di;;;;1;1;;;;;;;;;;;;;;;;;;;;1;;;1;;1;;
PBC014;#1335480;doc#182;;https://search.corpuskiparla.it/corpus/player/player.cgi?code=PBC014&begin=1471070&end=1479300;1471070;1479300;PBC014;;0,031655093;;https://search.corpuskiparla.it/corpus/conversations/PBC014.html;https://search.corpuskiparla.it/corpus/conversations/PBC014_jefferson.html;21-25;F;;stud;;;emilia-romagna;laurea in corso;2;intervista semistrutturata;stavo pensando xxx lei parla spesso in in dialetto no? // eh volevo chie~? non so pi o meno? // cioè non so ci sono cioè lei;comunque;quindi ha notato che coi~ con i giovani invece ha xx ha molte più difficoltà magari a parlare in dialetto con con i;;;;1;1;1;;;;;;;;;;;;;;;;;;;1;;;1;;1;;
PBC014;#1336260;doc#182;;https://search.corpuskiparla.it/corpus/player/player.cgi?code=PBC014&begin=1745360&end=1748000;1745360;1748000;PBC014;;0,031655093;;https://search.corpuskiparla.it/corpus/conversations/PBC014.html;https://search.corpuskiparla.it/corpus/conversations/PBC014_jefferson.html;21-25;F;;stud;;;emilia-romagna;laurea in corso;2;intervista semistrutturata;molto il dialetto quindi // giusto? // ehm // e non so e // e non so secondo // cosa volevo chiedere anche ehm // quindi;comunque;diciamo le è capitato anche // scusi se cambio un po'' così ca~ è capitato anche spesso di // diceva anche di incontrare dei;;;;1;1;1;;;;;;;;;;;;;;;;;;;1;;;1;;1;;
PBC014;#1336386;doc#182;;https://search.corpuskiparla.it/corpus/player/player.cgi?code=PBC014&begin=1789440&end=1794180;1789440;1794180;PBC014;;0,031655093;;https://search.corpuskiparla.it/corpus/conversations/PBC014.html;https://search.corpuskiparla.it/corpus/conversations/PBC014_jefferson.html;21-25;F;;stud;;;emilia-romagna;laurea in corso;2;intervista semistrutturata;o che vota // per il pd // sì son tutti di sinistra xxx ce ne son pochissimi che // ah // non son di sinistra // ah quindi;comunque;immagino che sarà stato anche cioè da quel che so bologna è sempre stata molto // diciamo governata da sinistraquindi;;;;1;1;1;;;;;;;;;;1;;;;;;;;;1;;;1;;1;;
PBC014;#1336669;doc#182;;https://search.corpuskiparla.it/corpus/player/player.cgi?code=PBC014&begin=1896870&end=1901780;1896870;1901780;PBC014;;0,031655093;;https://search.corpuskiparla.it/corpus/conversations/PBC014.html;https://search.corpuskiparla.it/corpus/conversations/PBC014_jefferson.html;21-25;F;;stud;;;emilia-romagna;laurea in corso;2;intervista semistrutturata;// ehm // non so stavo stavo ancora pensando ad esempio // ehm come si dice quando // cioè nel senso non lei diceva che;comunque;ha sempre comunque avuto questo diciamo // creduto ne~ nella part~ diciamo verso più // s~ sinistra no? quindi eh stavo;;;;1;1;;;;;;;;;;;;;;;;;;;;1;;;1;;1;;
PBC014;#1336672;doc#182;;https://search.corpuskiparla.it/corpus/player/player.cgi?code=PBC014&begin=1896870&end=1901780;1896870;1901780;PBC014;;0,031655093;;https://search.corpuskiparla.it/corpus/conversations/PBC014.html;https://search.corpuskiparla.it/corpus/conversations/PBC014_jefferson.html;21-25;F;;stud;;;emilia-romagna;laurea in corso;2;intervista semistrutturata;stavo stavo ancora pensando ad esempio // ehm come si dice quando // cioè nel senso non lei diceva che comunque ha sempre;comunque;avuto questo diciamo // creduto ne~ nella part~ diciamo verso più // s~ sinistra no? quindi eh stavo pensando lei anche;;;;1;1;;;;;;;;;;;;;;;;;;;;1;;;1;;1;;
PBC014;#1337158;doc#182;;https://search.corpuskiparla.it/corpus/player/player.cgi?code=PBC014&begin=2098920&end=2104700;2098920;2104700;PBC014;;0,031655093;;https://search.corpuskiparla.it/corpus/conversations/PBC014.html;https://search.corpuskiparla.it/corpus/conversations/PBC014_jefferson.html;21-25;F;;stud;;;emilia-romagna;laurea in corso;2;intervista semistrutturata;// cosa cioè avrebbe // diciamo secondo lei quindi sebbene lei comunque creda in un certo tipo diciamo di ideali quindi;comunque;secondo lei è stato // cioè diciamo a partire dalla russia quello è stato // diciamo è stato questo che ha creato la guerra;;;;1;1;1;;;;;;;;;;;;;;;;;;;1;;;1;;1;;
PBC014;#1337314;doc#182;;https://search.corpuskiparla.it/corpus/player/player.cgi?code=PBC014&begin=2163640&end=2169660;2163640;2169660;PBC014;;0,031655093;;https://search.corpuskiparla.it/corpus/conversations/PBC014.html;https://search.corpuskiparla.it/corpus/conversations/PBC014_jefferson.html;21-25;F;;stud;;;emilia-romagna;laurea in corso;2;intervista semistrutturata;sempre parzialmente chiesta non essendo di bologna // è ad esempio? ehm // il fatto che comunque qua a bologna cioè ci sia;comunque;sempre stata molti portici molte diciamo sia una città piena di portici // e // è diverso? non so ad esempio e in altre;;;;1;1;1;;;;;;;;;;;;;;;;;;;1;;;1;;1;;
PBC014;#1338138;doc#182;;https://search.corpuskiparla.it/corpus/player/player.cgi?code=PBC014&begin=2494620&end=2496380;2494620;2496380;PBC014;;0,031655093;;https://search.corpuskiparla.it/corpus/conversations/PBC014.html;https://search.corpuskiparla.it/corpus/conversations/PBC014_jefferson.html;21-25;F;;stud;;;emilia-romagna;laurea in corso;2;intervista semistrutturata;nonostante ci siano i portici è molto meno visitata rispetto ad altre parti // di bologna? // strano // ehm // quindi lei;comunque;diciamo // immagino diceva che non cioè è rimasto quindi molto legato anche proprio a bologna alla alla città da quel che;;;;1;1;1;;;;;;;;;;;;;;;;;;;1;;;1;;1;;
PTD004;#1348089;doc#184;;https://search.corpuskiparla.it/corpus/player/player.cgi?code=PTD004&begin=221900&end=226512;221900;226512;PTD004;;0,05224537;;https://search.corpuskiparla.it/corpus/conversations/PTD004.html;https://search.corpuskiparla.it/corpus/conversations/PTD004_jefferson.html;56-60;F;;intell;;;piemonte;laurea;4;intervista semistrutturata;// e si arriva alla pellerina in corso lecce // girando giù // avevo il cane xxx // sì ecco anche pozzo strada diciamo che //;comunque;ci sono diversi giardini non molto grandi ma comunque belli // mh mh // la tesoriera è qua // anche per noi siamo diciamo;;;;1;1;;;;;;;;;;;1;;;;;;;;;;;;;;1;;
PTD004;#1348098;doc#184;;https://search.corpuskiparla.it/corpus/player/player.cgi?code=PTD004&begin=221900&end=226512;221900;226512;PTD004;;0,05224537;;https://search.corpuskiparla.it/corpus/conversations/PTD004.html;https://search.corpuskiparla.it/corpus/conversations/PTD004_jefferson.html;56-60;F;;intell;;;piemonte;laurea;4;intervista semistrutturata;giù // avevo il cane xxx // sì ecco anche pozzo strada diciamo che // comunque ci sono diversi giardini non molto grandi ma;comunque;belli // mh mh // la tesoriera è qua // anche per noi siamo diciamo che siamo a metà tra il parco ruffini // da una parte // e la;1;1;;;;;;;;;;;;;;;;;;;;;;;;;;;;0;;
PTD004;#1349234;doc#184;;https://search.corpuskiparla.it/corpus/player/player.cgi?code=PTD004&begin=600651&end=602635;600651;602635;PTD004;;0,05224537;;https://search.corpuskiparla.it/corpus/conversations/PTD004.html;https://search.corpuskiparla.it/corpus/conversations/PTD004_jefferson.html;56-60;F;;intell;;;piemonte;laurea;4;intervista semistrutturata;parlando dell''inizio del novecento // e quindi // diciamo che quelle sono sempre state un po'' le zone popolari // no;comunque;di torino anche // sicuramente no~ non zone bene diciamo no // però // se diciamo quando ero bambina io // quella era stata;;;;1;1;;;;;;;;;;;;;;1;;;;;;;;;;;0;;
PTD004;#1350689;doc#184;;https://search.corpuskiparla.it/corpus/player/player.cgi?code=PTD004&begin=965180&end=967011;965180;967011;PTD004;;0,05224537;;https://search.corpuskiparla.it/corpus/conversations/PTD004.html;https://search.corpuskiparla.it/corpus/conversations/PTD004_jefferson.html;56-60;F;;intell;;;piemonte;laurea;4;intervista semistrutturata;giovani no // facevano magari la nottata in giro // bevevano // facevano casino // cioè insomma queste cose // okay // che;comunque;c''erano // poi macario è restato un''icona nei // chiedi a un torinese d''ottantanni // eh sì // è restato un''icona perché;1;;;;;;;;;;;;;;;;;;;;;;;;;;;;;0;;
PTD004;#1351629;doc#184;;https://search.corpuskiparla.it/corpus/player/player.cgi?code=PTD004&begin=1174590&end=1178011;1174590;1178011;PTD004;;0,05224537;;https://search.corpuskiparla.it/corpus/conversations/PTD004.html;https://search.corpuskiparla.it/corpus/conversations/PTD004_jefferson.html;66-70;M;;pens;;;piemonte;laurea;4;intervista semistrutturata;sì // di strada no // così di strada c''erano // e c''era // spettacolini di strada eh // questo personaggio che era famoso //;comunque;nota a margine sui casini non lontano di lì // infatti // ce n''era perché adesso è uscito // cioè adesso sarà quattro o;;;;1;1;;1;;;;1;;;;;1;;;;;;;;;;;;;;0;;
PTD004;#1356936;doc#184;;https://search.corpuskiparla.it/corpus/player/player.cgi?code=PTD004&begin=2636100&end=2638310;2636100;2638310;PTD004;;0,05224537;;https://search.corpuskiparla.it/corpus/conversations/PTD004.html;https://search.corpuskiparla.it/corpus/conversations/PTD004_jefferson.html;56-60;F;;intell;;;piemonte;laurea;4;intervista semistrutturata;sì xxx // poi hai un cane poveretto // perché se no il cane mi mi si infarta già // ci resta lì // ah ah ah ah ah // xxx questa è //;comunque;è un indizio forte // eh sì sì sì // di quello che è la // la gente che vive no cioè // e // e lei invece in che altri quartieri ha;;;;1;1;;;;;;;;;;;;;;1;;;1;;;;;;;;1;;
BOA3017;#1367569;doc#186;;https://search.corpuskiparla.it/corpus/player/player.cgi?code=BOA3017&begin=678250&end=678880;678250;678880;BOA3017;;0,021087963;;https://search.corpuskiparla.it/corpus/conversations/BOA3017.html;https://search.corpuskiparla.it/corpus/conversations/BOA3017_jefferson.html;21-25;M;;stud;;;emilia-romagna;laurea in corso;4;conversazione libera;del gatto quando gli ho raccontato della morte del gatto trascrivi quello // ah // ah // come trascrivere shining // // //;comunque;// finalmente l'' insalata // anche perché l'' ho mangiata tutta io tra un po'' // lo vuoi un un dolce? // mangia eh // mh sì vedo;;;;1;1;;1;;;;;;;;;1;;;;;;;;;;;;;;0;;
BOA3017;#1370428;doc#186;;https://search.corpuskiparla.it/corpus/player/player.cgi?code=BOA3017&begin=1654133&end=1657341;1654133;1657341;BOA3017;;0,021087963;;https://search.corpuskiparla.it/corpus/conversations/BOA3017.html;https://search.corpuskiparla.it/corpus/conversations/BOA3017_jefferson.html;21-25;F;;stud;;;emilia-romagna;laurea in corso;4;conversazione libera;// è un // sai quando nuoti // // fai snorkeling // e ti entra // // immaginavo // no era // una cagata l deve sparare sempre e;comunque;xxx // // // cos'' è che ha detto scusa? // niente // no no vo~ x mi piaccion le tue battute // // // no xx // ah certo se le fo io;1;;;;;;;;;;;;;;;;;;;;;;;;;;;;;1;;
TOA3005;#1374755;doc#188;;https://search.corpuskiparla.it/corpus/player/player.cgi?code=TOA3005&begin=13346&end=17040;13346;17040;TOA3005;;0,021828704;;https://search.corpuskiparla.it/corpus/conversations/TOA3005.html;https://search.corpuskiparla.it/corpus/conversations/TOA3005_jefferson.html;21-25;M;;stud;;;piemonte;laurea in corso;2;conversazione libera;più in basso // okay // è bellissimo // guarda // xx buoni buoni // okay // okay allora la facciamo veramente così //;comunque;non ho capito perché devi cercare di decifrare mia mio cugino // no niente non lo so è un buono studio sociale // è un buono;;;;1;1;;1;;;;;;;;;1;;;;;;;;;;;;;;0;;"""Sempre e comunque"" è un modo di dire"
TOA3005;#1377730;doc#188;;https://search.corpuskiparla.it/corpus/player/player.cgi?code=TOA3005&begin=1330019&end=1335729;1330019;1335729;TOA3005;;0,021828704;;https://search.corpuskiparla.it/corpus/conversations/TOA3005.html;https://search.corpuskiparla.it/corpus/conversations/TOA3005_jefferson.html;21-25;M;;stud;;;piemonte;laurea in corso;2;conversazione libera;si chiama? // chi era? chi era? // muntari // quando hanno espulso muntari l'' allenatore ha detto sì sì capisco il gesto ma;comunque;non doveva farlo // cioè che dichiarazione è? // questo fanno le società // non è che // vero però appunto // sono paladini;1;;;;;;;;;;;;;;;;;;;;;;;;;;;;;1;;
TOA3005;#1377971;doc#188;;https://search.corpuskiparla.it/corpus/player/player.cgi?code=TOA3005&begin=1414529&end=1419250;1414529;1419250;TOA3005;;0,021828704;;https://search.corpuskiparla.it/corpus/conversations/TOA3005.html;https://search.corpuskiparla.it/corpus/conversations/TOA3005_jefferson.html;21-25;M;;stud;;;piemonte;laurea in corso;2;conversazione libera;con passione la squadra poi secondo me se tu gli chiedi la formazione non la sanno neanche magari eh // ma cioè sono cioè;comunque;sono persone che si divertono di meno a guardare il calcio // cioè // forse // mihailović è andato a vedere // la partita la;;;;1;1;1;;;;;;;;;;1;;;;;;;;;;;;;;0;;
TOA3005;#1378869;doc#188;;https://search.corpuskiparla.it/corpus/player/player.cgi?code=TOA3005&begin=1789246&end=1792321;1789246;1792321;TOA3005;;0,021828704;;https://search.corpuskiparla.it/corpus/conversations/TOA3005.html;https://search.corpuskiparla.it/corpus/conversations/TOA3005_jefferson.html;21-25;F;;stud;;;liguria;laurea in corso;2;conversazione libera;uscita dal consorzio del grana padano // per via di liti burocratiche // comunque posso posso fare un'' osservazione? tu;comunque;tuo papà // cioè sei sempre lì a dire mio papà dice solo cazzate xxx // ahia // però poi tu lo ascolti eh // lo ascolti // ma;;;;1;1;;1;;;;1;;;;;1;;;;;;;;;;;;;;0;;
KPN013;#1393205;doc#191;;https://search.corpuskiparla.it/corpus/player/player.cgi?code=KPN013&begin=2198380&end=2201806;2198380;2201806;KPN013;;0,038020833;;https://search.corpuskiparla.it/corpus/conversations/KPN013.html;https://search.corpuskiparla.it/corpus/conversations/KPN013_jefferson.html;21-25;F;;stud;;;emilia-romagna;laurea in corso;3;pasto;ha detto se glieli fai ti risponde non è che non ti rispondo // eh infatti // cioè son tuo nipote // infatti // e però sai lei;comunque;è tua zia eh eh // le faccio se non vogliono venire non vengono cioè // non mi dire perchè me la sono presa perchè non ho fatto;1;;;;;;;;;;;;;;;;;;;;;;;;;;;;;1;;
KPC007;#1400911;doc#193;;https://search.corpuskiparla.it/corpus/player/player.cgi?code=KPC007&begin=225214&end=228701;225214;228701;KPC007;;0,033773148;;https://search.corpuskiparla.it/corpus/conversations/KPC007.html;https://search.corpuskiparla.it/corpus/conversations/KPC007_jefferson.html;21-25;F;;stud;;;marche;laurea in corso;3;pasto;// cacio e pepe // cacio e pepe // ehm ma insieme o è due robe separa~? // no la polenta con sopra un po'' de formaggio e pepe //;comunque;te l''avevamo detto che siamo state da due romani? te l''ho detto? // no // praticamente siamo state da due hai capito qual;;;;1;1;;1;;;;;;;;;1;;;;;;;;;;;;;;0;;
KPC007;#1403953;doc#193;;https://search.corpuskiparla.it/corpus/player/player.cgi?code=KPC007&begin=1087470&end=1092300;1087470;1092300;KPC007;;0,033773148;;https://search.corpuskiparla.it/corpus/conversations/KPC007.html;https://search.corpuskiparla.it/corpus/conversations/KPC007_jefferson.html;16-20;F;;stud;;;marche;laurea in corso;3;pasto;qua // quello in teoria dovrebbe essere tenuto sotto controllo dai farmaci // sta bambina i farmaci li prende ma non cioè;comunque;c''ha sti s~ sti spasmi e // mh // sì qualche scompenso // esatto // e ecco quando te glie parli ogni tanto lei proprio // è;1;;;;;;;;;;;;;;;;;;;;;;;;;;;;;1;;
KPC007;#1404747;doc#193;;https://search.corpuskiparla.it/corpus/player/player.cgi?code=KPC007&begin=1285455&end=1288600;1285455;1288600;KPC007;;0,033773148;;https://search.corpuskiparla.it/corpus/conversations/KPC007.html;https://search.corpuskiparla.it/corpus/conversations/KPC007_jefferson.html;16-20;F;;stud;;;marche;laurea in corso;3;pasto;lì da noi e ce fa // antonia aveva nascosto il telefono // xxx // #e noi gli famo // ma grazie ale che ce l''hai detto adesso;comunque;// provvederemo // #glie famo un culo così // provvederemo tutto così m''ha fatto // ma che gli dite? // e noi gli facciamo;;;;1;1;;;;;;;;;;;;;;;;;1;;;;;;;;0;;
KPC007;#1406458;doc#193;;https://search.corpuskiparla.it/corpus/player/player.cgi?code=KPC007&begin=1678822&end=1681074;1678822;1681074;KPC007;;0,033773148;;https://search.corpuskiparla.it/corpus/conversations/KPC007.html;https://search.corpuskiparla.it/corpus/conversations/KPC007_jefferson.html;21-25;M;;stud;;;marche;laurea in corso;3;pasto;e don matteo // t''ha risposto? a me m''ha scritto grazie mille // no // io non gli ho risposto // a me non m''aveva risposto //;comunque;alla fine ieri sera siamo andati da felix // ah sì? // ho preso la pizzetta // c''era gente? // sì // zente // c''era zente //;;;;1;1;;1;;;;;;;;;1;;;;;;;;;;;;;;0;;
BOA1013;#1414085;doc#195;;https://search.corpuskiparla.it/corpus/player/player.cgi?code=BOA1013&begin=183160&end=185671;183160;185671;BOA1013;;0,011655093;;https://search.corpuskiparla.it/corpus/conversations/BOA1013.html;https://search.corpuskiparla.it/corpus/conversations/BOA1013_jefferson.html;21-25;F;;stud;;;abruzzo;laurea in corso;2;ricevimento studenti;riprenderei la dimensione linguistica // sì perché // perché perché non è esattamente sininomo no? la dimensione //;comunque;è xx eh // è vero // ehmh // il l'' uso perché qui c'' è l'' uso e l'' evoluzione no direi proprio la dimensione linguistica o mh la;;;;1;1;1;;;;;;;;;;;;;;;;1;;;;;;;;1;;
PBB026;#1417917;doc#196;;https://search.corpuskiparla.it/corpus/player/player.cgi?code=PBB026&begin=473953&end=475616;473953;475616;PBB026;;0,042592593;;https://search.corpuskiparla.it/corpus/conversations/PBB026.html;https://search.corpuskiparla.it/corpus/conversations/PBB026_jefferson.html;56-60;M;;tec;;;emilia-romagna;dip_tec_prof;4;intervista semistrutturata;// okay // no è che adesso i ragazzi appena diventano abbastanza grandi vanno a bologna anche loro // no // sì // no perchè;comunque;// quando io ero più giovane si trovavano per strada a medicina stavano un po'' così in compagnia e poi decidevano dove;1;;;;;;;;;;;;;;;;;;;;;;;;;;;;;0;;
PBB026;#1418286;doc#196;;https://search.corpuskiparla.it/corpus/player/player.cgi?code=PBB026&begin=576400&end=582935;576400;582935;PBB026;;0,042592593;;https://search.corpuskiparla.it/corpus/conversations/PBB026.html;https://search.corpuskiparla.it/corpus/conversations/PBB026_jefferson.html;16-20;F;;stud;;;emilia-romagna;laurea in corso;4;intervista semistrutturata;cricca // // non lo so // cioè qui comunque anche i ragazzi se vogliono andar da qualche parte per non andare a bologna che;comunque;è più lontana e più scomoda // sì // mhmh // anche per il parcheggio vanno a imola // ah giusto sì sì sì // che comunque sono;;;;1;1;1;;;;;;;;;;1;;;;;;;;;;;;;;0;;
PBB026;#1421071;doc#196;;https://search.corpuskiparla.it/corpus/player/player.cgi?code=PBB026&begin=1436810&end=1440510;1436810;1440510;PBB026;;0,042592593;;https://search.corpuskiparla.it/corpus/conversations/PBB026.html;https://search.corpuskiparla.it/corpus/conversations/PBB026_jefferson.html;51-55;F;;tec;;;emilia-romagna;dip_tec_prof;4;intervista semistrutturata;curioso // sì sì sìsì eh // ricordiamocelo // hai detto te che può spaziare // sì sì però le domande purtroppo // eh sì sì beh;comunque;perchè riguardo del futuro // sì sì sì // però mi fa piacere eh // comunque le domande le deve far lui non tu // eh eh sì sì // //;;;;1;1;;;;;;;;;;;1;;;;;;;;;;;;;;0;;
PBB026;#1421087;doc#196;;https://search.corpuskiparla.it/corpus/player/player.cgi?code=PBB026&begin=1439660&end=1441799;1439660;1441799;PBB026;;0,042592593;;https://search.corpuskiparla.it/corpus/conversations/PBB026.html;https://search.corpuskiparla.it/corpus/conversations/PBB026_jefferson.html;56-60;M;;tec;;;emilia-romagna;dip_tec_prof;4;intervista semistrutturata;// sì sì però le domande purtroppo // eh sì sì beh comunque perchè riguardo del futuro // sì sì sì // però mi fa piacere eh //;comunque;le domande le deve far lui non tu // eh eh sì sì // // eh va bene // no sì no però poi magari ne parliamo certo // eh mh ma sì ma a;;;;1;1;;1;;;;1;;;;;1;;;;;;;;;;;;;;0;;
TOA3010;#1453804;doc#199;;https://search.corpuskiparla.it/corpus/player/player.cgi?code=TOA3010&begin=318841&end=320723;318841;320723;TOA3010;;0,018900463;;https://search.corpuskiparla.it/corpus/conversations/TOA3010.html;https://search.corpuskiparla.it/corpus/conversations/TOA3010_jefferson.html;21-25;F;;stud;;;piemonte;laurea in corso;2;conversazione libera;e poi // comunque ora sono in un periodo della mia vita positivo // quindi mi fa anche piacere mostrarmi // mh mh // perché;comunque;come storia // cioè io ho sempre sentito qualcosa di speciale // mh mh // proprio che non ho mai più risentito // mh mh //;1;;;;;;;;;;;;;;;;;;;;;;;;;;;;;1;;
TOA3010;#1455078;doc#199;;https://search.corpuskiparla.it/corpus/player/player.cgi?code=TOA3010&begin=916876&end=920837;916876;920837;TOA3010;;0,018900463;;https://search.corpuskiparla.it/corpus/conversations/TOA3010.html;https://search.corpuskiparla.it/corpus/conversations/TOA3010_jefferson.html;21-25;F;;stud;;;piemonte;laurea in corso;2;conversazione libera;// beh a parte che i sapori sono simili // infatti sì no ma poi comunque // cioè qui è proprio la consistenza che //;comunque;se fai te le cose o se vai in un ristorante in cui fanno bene le cose // le p~ puoi mangiarle con gli stessi sapori non è che //;;;;1;1;;1;;;;1;;;;;1;;;;;;;;;;;;;;0;;
TOA3010;#1455873;doc#199;;https://search.corpuskiparla.it/corpus/player/player.cgi?code=TOA3010&begin=1353494&end=1356865;1353494;1356865;TOA3010;;0,018900463;;https://search.corpuskiparla.it/corpus/conversations/TOA3010.html;https://search.corpuskiparla.it/corpus/conversations/TOA3010_jefferson.html;21-25;F;;stud;;;piemonte;laurea in corso;2;conversazione libera;non lo so // tipo xx // sì secon~ boh // non lo so // ah non ho internet // vuoi una siga? // no graz~ // minchia che fastidio //;comunque;al di là dell'' esito che avrà questo incontro // se ci sarà // mh mh // qualsiasi cosa io devo continuare a studiare come;;;;1;1;;1;;;;;;;;;1;;;;;;;;;;;;;;1;;
KPS012;#1456568;doc#200;;https://search.corpuskiparla.it/corpus/player/player.cgi?code=KPS012&begin=78319&end=82469;78319;82469;KPS012;;0,022546296;;https://search.corpuskiparla.it/corpus/conversations/KPS012.html;https://search.corpuskiparla.it/corpus/conversations/KPS012_jefferson.html;51-55;F;;disocc;;;puglia;dip_tec_prof;3;pasto;che già il volume dà la sua sazietà // menomale // forse non xxxx // meno male che c''è volume // #se no stamu misi fiacchi //;comunque;pure maurizia ha detto che l''hamburger di antonio è piccola // mo tu t''ha saziata? // ah no perchè ieri mi hai fatto;;;;1;1;;1;;;;;;;;;1;;;;;;;;;;;;;;1;;
KPS012;#1460141;doc#200;;https://search.corpuskiparla.it/corpus/player/player.cgi?code=KPS012&begin=1368900&end=1372090;1368900;1372090;KPS012;;0,022546296;;https://search.corpuskiparla.it/corpus/conversations/KPS012.html;https://search.corpuskiparla.it/corpus/conversations/KPS012_jefferson.html;16-20;F;;stud;;;puglia;med;3;pasto;mangi come un pulcino // ma lui intendeva non è che mangiamo poco che mangiamo salutare // sì infatti infatti è vero //;comunque;noi mangiamo sempre verdure xxxxx // infatti xxx ma tu stessa mi chiedi di contorno pure lei xxxx hamburger xxxxxxx e poi;;;;1;1;;1;;;;;;;;;1;;;;;;;;;;;;;;1;;
KPS012;#1461342;doc#200;;https://search.corpuskiparla.it/corpus/player/player.cgi?code=KPS012&begin=1763066&end=1765346;1763066;1765346;KPS012;;0,022546296;;https://search.corpuskiparla.it/corpus/conversations/KPS012.html;https://search.corpuskiparla.it/corpus/conversations/KPS012_jefferson.html;51-55;F;;disocc;;;puglia;dip_tec_prof;3;pasto;// eh che vabbè ho capito ma se lor~ per loro non ci sono grandi altri limiti perchè // lei dice una volta mo che vengo;comunque;// tra supermercati e le uscite che si faranno perchè sotto natale // dice comunque non è che pure anche se mi faccio il;;;;1;1;;;;;;;;;;;1;;;;;;;;;;;;;;1;;
PBB017;#1463572;doc#201;;https://search.corpuskiparla.it/corpus/player/player.cgi?code=PBB017&begin=511854&end=519980;511854;519980;PBB017;;0,046099537;;https://search.corpuskiparla.it/corpus/conversations/PBB017.html;https://search.corpuskiparla.it/corpus/conversations/PBB017_jefferson.html;46-50;F;;uff;;;sardegna;dip_lic;2;intervista semistrutturata;la cono~ l''hai mai vista te? // qui no // ah no // però per esempio al parco nord l''hanno mh // mh // notevolmente ridotta //;comunque;era bello a settembre quando rientravi dalle vacanze stare ancora quel mese fuori all''aperto tra i banchetti c''erano;;;;1;1;;;;;;;;;;;1;;;;;;;;;;;;;;0;;
PBB017;#1465456;doc#201;;https://search.corpuskiparla.it/corpus/player/player.cgi?code=PBB017&begin=1091898&end=1093288;1091898;1093288;PBB017;;0,046099537;;https://search.corpuskiparla.it/corpus/conversations/PBB017.html;https://search.corpuskiparla.it/corpus/conversations/PBB017_jefferson.html;21-25;M;;stud;;;sardegna;laurea in corso;2;intervista semistrutturata;// sì non l''hai mai visto? // no // meglio così perché io xx // beh è carino // // dai // non mi sono ancora ripreso // no //;comunque;tu il dialetto non lo parli // bolognese? // sì // ma no // e neanche capisci? // alcune paro~ no è incomprensibile no // ma;;;;1;1;;1;;;;;;;;;1;;;;;;;;;;;;;;0;;
PBB017;#1466273;doc#201;;https://search.corpuskiparla.it/corpus/player/player.cgi?code=PBB017&begin=1350493&end=1353205;1350493;1353205;PBB017;;0,046099537;;https://search.corpuskiparla.it/corpus/conversations/PBB017.html;https://search.corpuskiparla.it/corpus/conversations/PBB017_jefferson.html;46-50;F;;uff;;;sardegna;dip_lic;2;intervista semistrutturata;carta che se succede qualcosa è tua responsabilità questo insomma uno dice okay è sicuro ma intanto ti dà da pensare // //;comunque;all''epoca c''era l''ascensore e io ho preso l''ascensore // vai su per la // per questa terrazza e vedi la città dall''alto //;;;;1;1;;;;;;;;;;;1;;;;;;;;;;;;;;1;;
PBB017;#1469634;doc#201;;https://search.corpuskiparla.it/corpus/player/player.cgi?code=PBB017&begin=2340674&end=2346574;2340674;2346574;PBB017;;0,046099537;;https://search.corpuskiparla.it/corpus/conversations/PBB017.html;https://search.corpuskiparla.it/corpus/conversations/PBB017_jefferson.html;46-50;F;;uff;;;sardegna;dip_lic;2;intervista semistrutturata;soleggiata così vedi un po'' la città da lo~ mh // no~ non vedi tantissimo perché è sfocato e n~ è un po'' lontano // però;comunque;bello è una bella visione sì l''ideale sarebbe una bella giornata di sole // ehm // e poi basta poi magari // qualche parco;1;;;;;;;;;;;;;;;;;;;;;;;;;;;;;0;;
PBB017;#1471288;doc#201;;https://search.corpuskiparla.it/corpus/player/player.cgi?code=PBB017&begin=2865620&end=2874880;2865620;2874880;PBB017;;0,046099537;;https://search.corpuskiparla.it/corpus/conversations/PBB017.html;https://search.corpuskiparla.it/corpus/conversations/PBB017_jefferson.html;46-50;F;;uff;;;sardegna;dip_lic;2;intervista semistrutturata;così da dove stavano suonando così nean~ neanche cioé lontano dalle case così // piazza verdi è un problema perché;comunque;molte gli abitanti han~ subiscono e hanno subito molto l''effetto di quella zona perché comunque // è una zona m~ molto;1;;;;;;;;;;;;;;;;;;;;;1;;;;;;;;0;;
PTD003;#1475511;doc#202;;https://search.corpuskiparla.it/corpus/player/player.cgi?code=PTD003&begin=319045&end=321828;319045;321828;PTD003;;0,022268519;;https://search.corpuskiparla.it/corpus/conversations/PTD003.html;https://search.corpuskiparla.it/corpus/conversations/PTD003_jefferson.html;36-40;F;;intell;;;sardegna;laurea;2;intervista semistrutturata;vabbè la zona di // la piazzetta emanuele filiberto dove c''è lo storico pastisse eccetera // vabbè // è ressa però mh però;comunque;gestibile // mh mh // non so non mi dà quel senso di delirio che invece mi dà san salvario // o anche quello che sta;1;;;;;;;;;;;;;;;;;;;;;;;;;;;;;0;;
PTD003;#1476120;doc#202;;https://search.corpuskiparla.it/corpus/player/player.cgi?code=PTD003&begin=484832&end=491116;484832;491116;PTD003;;0,022268519;;https://search.corpuskiparla.it/corpus/conversations/PTD003.html;https://search.corpuskiparla.it/corpus/conversations/PTD003_jefferson.html;36-40;F;;intell;;;sardegna;laurea;2;intervista semistrutturata;// eh però ancora adesso se devo // ho l''idea di uscire // specialmente nella bella stagione sì vanchiglia // perché;comunque;è più spaziosa ti puoi sedere anche all''aperto a bere qualcosa senza mh i tipi che ti tirano l''acqua // mhmh // dal balcone;1;;;;;;;;;;;;;;;;;;;;;;;;;;;;;0;;
PTD003;#1479396;doc#202;;https://search.corpuskiparla.it/corpus/player/player.cgi?code=PTD003&begin=1426018&end=1430311;1426018;1430311;PTD003;;0,022268519;;https://search.corpuskiparla.it/corpus/conversations/PTD003.html;https://search.corpuskiparla.it/corpus/conversations/PTD003_jefferson.html;36-40;F;;intell;;;sardegna;laurea;2;intervista semistrutturata;più che altro quindi // mh poi è stata anche una motivazione in più anche per mh per laurearmi in specialistica // perchè;comunque;prevedevo che senza quella avrei avuto molte porte chiuse // // certo // e poi durante un corso qua all''università // del;1;;;;;;;;;;;;;;;;;;;;;;;;;;;;;0;;
PTD003;#1480922;doc#202;;https://search.corpuskiparla.it/corpus/player/player.cgi?code=PTD003&begin=1857119&end=1860110;1857119;1860110;PTD003;;0,022268519;;https://search.corpuskiparla.it/corpus/conversations/PTD003.html;https://search.corpuskiparla.it/corpus/conversations/PTD003_jefferson.html;36-40;F;;intell;;;sardegna;laurea;2;intervista semistrutturata;// tra l''altro con persone però che lavorano veramente bene // ci sono molti volontari ma ci sono // anche non volontari e;comunque;tutti quanti // hanno una formazione o la stanno prendendo per fare quello che fanno // e secondo me é una realtà di in cui;;;;1;1;;;;;;;;;;;1;;;;;;;;;;;;;;0;;
PBC021;#1484560;doc#203;;https://search.corpuskiparla.it/corpus/player/player.cgi?code=PBC021&begin=1093105&end=1094465;1093105;1094465;PBC021;;0,036006944;;https://search.corpuskiparla.it/corpus/conversations/PBC021.html;https://search.corpuskiparla.it/corpus/conversations/PBC021_jefferson.html;21-25;F;;stud;;;emilia-romagna;laurea;2;intervista semistrutturata;come sono scesa dal treno ho sentito che questa era la mia città // ah // era casa mia insomma mi son sentita // sì // cioè sì;comunque;// a casa // magari // se lo dico io è scontato perchè son nata qua comunque // sì sì // rispetto anche alle altre città che ho;;;;1;1;1;;;;;;;;;;;;;;;;1;;;;;;1;;0;;
PBB020;#1495889;doc#204;;https://search.corpuskiparla.it/corpus/player/player.cgi?code=PBB020&begin=1511778&end=1514180;1511778;1514180;PBB020;;0,023009259;;https://search.corpuskiparla.it/corpus/conversations/PBB020.html;https://search.corpuskiparla.it/corpus/conversations/PBB020_jefferson.html;36-40;F;;intell;;;emilia-romagna;laurea;2;intervista semistrutturata;secondo la geopolitica attuale // castelfranco è sotto modena // okay // ma secondo la diocesi // è sotto bologna quindi;comunque;rimane nostro // // che cosa ne pensi dunque dello stato attuale dei nostri portici? c''è qualcosa che si potrebbe;1;;;;;;;;;;;;;;;;;;;;;;;;;;;;;0;;
PTA012;#1516889;doc#208;;https://search.corpuskiparla.it/corpus/player/player.cgi?code=PTA012&begin=615810&end=617878;615810;617878;PTA012;;0,021157407;;https://search.corpuskiparla.it/corpus/conversations/PTA012.html;https://search.corpuskiparla.it/corpus/conversations/PTA012_jefferson.html;26-30;F;;intell;;;lombardia;phd;3;intervista semistrutturata;ho questa difficoltà a trovare persone voglio aiutare il prossimo // okay // facendogli provare su di me // mh mh c''é;comunque;uno scambio diciamo // assolutamente // okay // ma tipo a me diceva sto ragazzo che // che ho conosciuto che tatua anche;;;;1;1;1;;;;;;;;;;1;;;;;;;;1;;;;1;;0;;
PTA012;#1518173;doc#208;;https://search.corpuskiparla.it/corpus/player/player.cgi?code=PTA012&begin=1016651&end=1019000;1016651;1019000;PTA012;;0,021157407;;https://search.corpuskiparla.it/corpus/conversations/PTA012.html;https://search.corpuskiparla.it/corpus/conversations/PTA012_jefferson.html;26-30;F;;intell;;;lombardia;phd;3;intervista semistrutturata;lavorativa i mezzi // mh mh // tutte delle dinamiche che non oh no ho visto invariate ecco // okay quindi ti sembra;comunque;statica cioè // sì // mi sembra che la situazione non sia troppo diversa rispetto a qualche anno fa // okay e in termini per;1;;;;;;;;;;;;;;;;;;;;;;;;;;;;;1;;
PTA012;#1518899;doc#208;;https://search.corpuskiparla.it/corpus/player/player.cgi?code=PTA012&begin=1249503&end=1252400;1249503;1252400;PTA012;;0,021157407;;https://search.corpuskiparla.it/corpus/conversations/PTA012.html;https://search.corpuskiparla.it/corpus/conversations/PTA012_jefferson.html;16-20;M;;disocc;;;piemonte;dip_tec_prof;3;intervista semistrutturata;me le tue abitu~ // cioè sei inserito nelle abitudini di altre persone non // xxx // sì io sono fortunato // sì no sì // sono;comunque;fortunato perché vivo con mio papà // eh io ho la mia stanza mio papà ha la sua // é un po'' come a barcellona quando ero coi;;;;1;1;;;;;;;;;;;1;;;;;;;;;;;;;;0;;
TOC1006;#1532044;doc#212;;https://search.corpuskiparla.it/corpus/player/player.cgi?code=TOC1006&begin=239085&end=241308;239085;241308;TOC1006;;0,00962963;;https://search.corpuskiparla.it/corpus/conversations/TOC1006.html;https://search.corpuskiparla.it/corpus/conversations/TOC1006_jefferson.html;21-25;F;;stud;;;campania;laurea in corso;2;esame;eh presentato come un codice rivoluzionario anche se poi se andiamo a vedere non è che fosse tanto rivoluzionario //;comunque;sanciva comunque // però diciamo il movimento di pensiero che ha portato all'' idea che fosse una buona cosa quasi;;;;1;1;;1;;;;;;;;;1;;;;;;;;;;;;;;0;;
TOC1006;#1533081;doc#212;;https://search.corpuskiparla.it/corpus/player/player.cgi?code=TOC1006&begin=753579&end=765928;753579;765928;TOC1006;;0,00962963;;https://search.corpuskiparla.it/corpus/conversations/TOC1006.html;https://search.corpuskiparla.it/corpus/conversations/TOC1006_jefferson.html;21-25;F;;stud;;;campania;laurea in corso;2;esame;// // non vigeva un solo diritto in india quindi poter mh far apprendere quello che era il diritto inglese risolto;comunque;difficile all'' inizio proprio perché non riuscì ad essere permeabile // ma gli inglesi secondo lei volevano fare;;;;1;1;;;;;;;;;;;;;;;;;1;;;;;;1;;1;;
BOD2009;#1534907;doc#213;;https://search.corpuskiparla.it/corpus/player/player.cgi?code=BOD2009&begin=374459&end=379171;374459;379171;BOD2009;;0,016458333;;https://search.corpuskiparla.it/corpus/conversations/BOD2009.html;https://search.corpuskiparla.it/corpus/conversations/BOD2009_jefferson.html;21-25;F;;stud;;;emilia-romagna;laurea in corso;2;intervista semistrutturata;sì // cioè se io tipo avevo lezione alle otto e mezza lei alle dieci per dire // uscivo prima andavo a prepararmi in bagno o;comunque;lì fuori cioè fuori comunque // in bagno magari sì // quindi sono andata a casa e ho iniziato a fare del terrorismo ai miei;1;;;;;;;;;;;;;;;;;;;;;;;;;;;;;0;;
BOD2009;#1535739;doc#213;;https://search.corpuskiparla.it/corpus/player/player.cgi?code=BOD2009&begin=550711&end=552490;550711;552490;BOD2009;;0,016458333;;https://search.corpuskiparla.it/corpus/conversations/BOD2009.html;https://search.corpuskiparla.it/corpus/conversations/BOD2009_jefferson.html;21-25;M;;stud;;;emilia-romagna;laurea in corso;2;intervista semistrutturata;si risentono loro continuano a farlo se ne fregano non è che si risentono è come se non dicessi nien~ // ah sì sì // guarda;comunque;mia sorella uguale // cioè comunque vai // no no vabbè no // meno grave ma uguale come atteggiamento cioè // lei è una che;;;;1;1;;;;;;;;;;;1;;;;;;;;;;;;;;0;;
BOD2009;#1537573;doc#213;;https://search.corpuskiparla.it/corpus/player/player.cgi?code=BOD2009&begin=969557&end=974142;969557;974142;BOD2009;;0,016458333;;https://search.corpuskiparla.it/corpus/conversations/BOD2009.html;https://search.corpuskiparla.it/corpus/conversations/BOD2009_jefferson.html;21-25;M;;stud;;;emilia-romagna;laurea in corso;2;intervista semistrutturata;eh sai lui anche lui di origine albanese come afrin // però lui al contrario di afrin penso che sia addirittura nato qui o;comunque;nato là e si è trasferito qua che era piccolissimo // mh okay // cioè lui alla fine è italiano sì sì sì sì // cioè ha preso;1;;;;;;;;;;;;;;;;;;;;;;;;;;;;;0;;
BOD2009;#1538570;doc#213;;https://search.corpuskiparla.it/corpus/player/player.cgi?code=BOD2009&begin=1186146&end=1188601;1186146;1188601;BOD2009;;0,016458333;;https://search.corpuskiparla.it/corpus/conversations/BOD2009.html;https://search.corpuskiparla.it/corpus/conversations/BOD2009_jefferson.html;21-25;M;;stud;;;emilia-romagna;laurea in corso;2;intervista semistrutturata;sarà // sai che penso avvocata? no però è brutto // no avvocatess~ sindaca magari // sì però erano eh non mi ricordo;comunque;// vabbè comunque // e vabbè e tipo e questo avvocatessa proprietaria di casa nostra aveva la sorella di questo ragazzo;1;;;;;;;;;;;;;;;;;;;;;;;;;;;;;0;;
TOA3014;#1539630;doc#214;;https://search.corpuskiparla.it/corpus/player/player.cgi?code=TOA3014&begin=8990&end=9889;8990;9889;TOA3014;;0,545833333;;https://search.corpuskiparla.it/corpus/conversations/TOA3014.html;https://search.corpuskiparla.it/corpus/conversations/TOA3014_jefferson.html;21-25;F;;stud;;;umbria;laurea in corso;3;conversazione libera;// quindi conoscete la gente andate in giro salutate la gente cazzo bello // vabbè che poi a perugia è diverso // perché;comunque;// vabbè però metti che comunque esci conosci la gente ed è il tuo posto no? // cioè // sì // e lei se mette a fa'' la cogliona;1;;;;;;;;;;;;;;;;;;;;;1;;;;;;;;0;;
KPS022;#1557900;doc#216;;https://search.corpuskiparla.it/corpus/player/player.cgi?code=KPS022&begin=941479&end=942470;941479;942470;KPS022;;0,032650463;;https://search.corpuskiparla.it/corpus/conversations/KPS022.html;https://search.corpuskiparla.it/corpus/conversations/KPS022_jefferson.html;26-30;M;;stud;;;campania;laurea in corso;3;pasto;nella polo // o forse te // a me piace camminare a piedi // // // vabbè dico // a parte questo piccolo dettaglio // mh //;comunque;pensavo // quando // a te ti capita mai che tipo c''è qualcuno che guida al posto tu~ cioè tu sei davanti c''è qualcuno a;;;;1;1;;1;;;;;;;;;1;;;;;;;;;;;;;;0;;
KPS022;#1560480;doc#216;;https://search.corpuskiparla.it/corpus/player/player.cgi?code=KPS022&begin=1807339&end=1808300;1807339;1808300;KPS022;;0,032650463;;https://search.corpuskiparla.it/corpus/conversations/KPS022.html;https://search.corpuskiparla.it/corpus/conversations/KPS022_jefferson.html;26-30;F;;comm;;;campania;dip_tec_prof;3;pasto;la ma~ // è una persona falsa pure la mamma eh perché non sono persone leali // e persone di cuore // non lo sono // però;comunque;// ma lei e il padre // e chi lo è non c''è più // lei e il padre alberto mi devi credere // entrano non dicono nemmeno;1;;;;;;;;;;;;;;;;;;;;;;;;;;;;;1;;
KPS022;#1562594;doc#216;;https://search.corpuskiparla.it/corpus/player/player.cgi?code=KPS022&begin=2407820&end=2413790;2407820;2413790;KPS022;;0,032650463;;https://search.corpuskiparla.it/corpus/conversations/KPS022.html;https://search.corpuskiparla.it/corpus/conversations/KPS022_jefferson.html;26-30;F;;comm;;;campania;dip_tec_prof;3;pasto;ha preso un patto dici è un problema tuo come vieni a lavoro non è un problema mio // però forse qua è un poco diverso perchè;comunque;tu ti sei seduta a tavolino e stiamo perlando di una perso~ e io ti giuro alberto // mi ha tartassato l''esistenza // che;1;;;;;;;;;;;;;;;;;;;;;;;;;;;;;0;;
KPS022;#1562753;doc#216;;https://search.corpuskiparla.it/corpus/player/player.cgi?code=KPS022&begin=2456650&end=2460762;2456650;2460762;KPS022;;0,032650463;;https://search.corpuskiparla.it/corpus/conversations/KPS022.html;https://search.corpuskiparla.it/corpus/conversations/KPS022_jefferson.html;26-30;F;;comm;;;campania;dip_tec_prof;3;pasto;r~ // e gina faceva guarda che io c''ho un altro lavoro // comunque non mi sembra il caso di lasciarlo eccetera eccetera;comunque;ho una certa stabilità // no // eh io ti do di più ch''io mo fa~ mo lascia stare che è successo il fatto della covid nessuno;;;;1;1;;;;;;;;;;;1;;;;;;;;;;;;;;0;;
KPS022;#1563265;doc#216;;https://search.corpuskiparla.it/corpus/player/player.cgi?code=KPS022&begin=2610250&end=2612724;2610250;2612724;KPS022;;0,032650463;;https://search.corpuskiparla.it/corpus/conversations/KPS022.html;https://search.corpuskiparla.it/corpus/conversations/KPS022_jefferson.html;26-30;F;;comm;;;campania;dip_tec_prof;3;pasto;di soldi chiù // cioè in cinque di noi sempre io ti devo venire incontro? // anche perché io gliel''ho detto // io che sono;comunque;la responsabile dei ragazzi // ho detto albe'' // cioè per me non sta né in cielo né in terra che alla fine di tutto è gina // mo;;;;1;1;;;;;;;;;;;;;;;;;;;;;;1;;;0;;
KPS022;#1563534;doc#216;;https://search.corpuskiparla.it/corpus/player/player.cgi?code=KPS022&begin=2691647&end=2693216;2691647;2693216;KPS022;;0,032650463;;https://search.corpuskiparla.it/corpus/conversations/KPS022.html;https://search.corpuskiparla.it/corpus/conversations/KPS022_jefferson.html;26-30;F;;comm;;;campania;dip_tec_prof;3;pasto;// la presi da parte e dissi guarda alberta arrivata a questo punto an~ visto che anche due persone sono andate via // e;comunque;il brodo questo è // eh eh perché albe'' a fine mese questo è // soprattutto all''inizio che abbiamo aperto non veniva;1;;;;;;;;;;;;;;;;;;;;;;;;;;;;;0;;
TOD2004;#1565588;doc#217;;https://search.corpuskiparla.it/corpus/player/player.cgi?code=TOD2004&begin=542671&end=545488;542671;545488;TOD2004;;0,007662037;;https://search.corpuskiparla.it/corpus/conversations/TOD2004.html;https://search.corpuskiparla.it/corpus/conversations/TOD2004_jefferson.html;21-25;F;;stud;;;piemonte;laurea in corso;2;intervista semistrutturata;a ritmo del della musica che nonostante tutto il diluvio non si era fermata // e vabbè poi scivoloni // cose del genere;comunque;quella è stata une balla scena // divertente // anche quella mi ha // è stato molto molto interessante come serata // // e;;;;1;1;;;;;;;;;;;1;;;;;;;;;;;;;;0;;
TOD2004;#1565766;doc#217;;https://search.corpuskiparla.it/corpus/player/player.cgi?code=TOD2004&begin=607273&end=609826;607273;609826;TOD2004;;0,007662037;;https://search.corpuskiparla.it/corpus/conversations/TOD2004.html;https://search.corpuskiparla.it/corpus/conversations/TOD2004_jefferson.html;21-25;F;;stud;;;piemonte;laurea in corso;2;intervista semistrutturata;di xx con mamma e papà // sì sì sì // sì sì sì // mimh // avrei proprio tanta voglia di // di f~ di fare questa esperienza perché;comunque;// arrivatamh // arrivata ad una certa // a una certa età // comunque penso si debba fare per quello // certo e ti;1;;;;;;;;;;;;;;;;;;;;;;;;;;;;;0;;
TOD1017;#1574896;doc#218;;https://search.corpuskiparla.it/corpus/player/player.cgi?code=TOD1017&begin=4941975&end=4946842;4941975;4946842;TOD1017;;0,070428241;;https://search.corpuskiparla.it/corpus/conversations/TOD1017.html;https://search.corpuskiparla.it/corpus/conversations/TOD1017_jefferson.html;61-65;M;;intell;;;piemonte;phd;1;lezione;l'' assenso del re e il voto di fiducia // della camera e per contro tutti quei caratteri palesemente // di illegalità o che;comunque;alludevano chiaramente // all'' idea di uno stravolgimento dello stato liberale // il fascismo italiano qui cerco un;1;;;;;;;;;;;;;;;;;;;;;;;;;;;;;0;;
TOD1017;#1575052;doc#218;;https://search.corpuskiparla.it/corpus/player/player.cgi?code=TOD1017&begin=5032548&end=5035308;5032548;5035308;TOD1017;;0,070428241;;https://search.corpuskiparla.it/corpus/conversations/TOD1017.html;https://search.corpuskiparla.it/corpus/conversations/TOD1017_jefferson.html;61-65;M;;intell;;;piemonte;phd;1;lezione;di vista formale // eh // ormai come si di~ si usa un termine gior~ che non mi piace molto ormai si dice // bypassare no?;comunque;// bypassandolo // la lettera dello statuto albertino // si andava verso misure // cioè quando un governo decreta la;;;;1;1;;;;;;;;;;;1;;;;;;;;;;;;;;0;;
PBC011;#1581479;doc#219;;https://search.corpuskiparla.it/corpus/player/player.cgi?code=PBC011&begin=1410492&end=1414068;1410492;1414068;PBC011;;0,052824074;;https://search.corpuskiparla.it/corpus/conversations/PBC011.html;https://search.corpuskiparla.it/corpus/conversations/PBC011_jefferson.html;76-80;F;;pens;;;emilia-romagna;dip_tec_prof;2;intervista semistrutturata;gli adulti lo vedevano volentieri cioé come a scuola no? xxxxxx però ci dicevano state zitti allora // // è rimasto;comunque;qualcosa anche se non hai // poi qualcuno è stato più spinto era interessato eccetera qualcun''altro poi dipendeva;1;;;;;;;;;;;;;;;;;;;;;;;;;;;;;0;;
KPN019;#1593740;doc#220;;https://search.corpuskiparla.it/corpus/player/player.cgi?code=KPN019&begin=892550&end=897720;892550;897720;KPN019;;0,020902778;;https://search.corpuskiparla.it/corpus/conversations/KPN019.html;https://search.corpuskiparla.it/corpus/conversations/KPN019_jefferson.html;61-65;M;;intell;;;veneto;laurea;4;pasto;in appartamento ghe ze sta'' ''na sparatoria // mhmh // okay // #a un certo punto i ghe spara eo casca // #no se ga capìo cosa;comunque;ze ze morto in quel momento là ghe ga trovà un frammento sopra l''ombelico // mhmh // e e sembra che siccome usava uhm;;;;1;1;;;;;;;;;;;1;;;;;;;;;;;;;;0;;
PBA009;#1616305;doc#223;;https://search.corpuskiparla.it/corpus/player/player.cgi?code=PBA009&begin=585562&end=589989;585562;589989;PBA009;;0,018009259;;https://search.corpuskiparla.it/corpus/conversations/PBA009.html;https://search.corpuskiparla.it/corpus/conversations/PBA009_jefferson.html;16-20;F;;oper;;;emilia-romagna;dip_tec_prof;2;intervista semistrutturata;molto giovane era tipo mi sa il suo primo anno come prof di ruolo quindi // mhmh // mh // eh mh // cioè // mi piaceva // #perchè;comunque;era un prof molto scialla nel senso molto polleg ecco // però // comunque // non era serio quanto la prof che avevo avuto i;1;;;;;;;;;;;;;;;;;;;;;;;;;;;;;0;;
PBB031;#1620488;doc#224;;https://search.corpuskiparla.it/corpus/player/player.cgi?code=PBB031&begin=431050&end=431860;431050;431860;PBB031;;0,034699074;;https://search.corpuskiparla.it/corpus/conversations/PBB031.html;https://search.corpuskiparla.it/corpus/conversations/PBB031_jefferson.html;56-60;F;;comm;;;emilia-romagna;laurea;3;intervista semistrutturata;proprio in questo modo per farti vedere certe cose o ti fanno entrare in certe chiese perché ci sono certe situazioni // e;comunque;// non ah // eh mh sì noi abbiamo un po'' utilizzato queste situa~ queste cose // e mh con queste visite abbiamo fatto;;;;1;1;1;;;;;;;;;;1;;;;;;;;;;;;;;0;;
PBB031;#1622364;doc#224;;https://search.corpuskiparla.it/corpus/player/player.cgi?code=PBB031&begin=924430&end=932680;924430;932680;PBB031;;0,034699074;;https://search.corpuskiparla.it/corpus/conversations/PBB031.html;https://search.corpuskiparla.it/corpus/conversations/PBB031_jefferson.html;56-60;F;;comm;;;emilia-romagna;laurea;3;intervista semistrutturata;fuori // sì eh è ve~ è vero // no ma infatti anche perché noi magari qua // non lo sentiam così tanto perché è mh più fresco;comunque;siamo fuori ma chi abita a bologna sicuramente // mh // o stai dentro con l''aria condizionata oppure queste~ queste;1;;;;;;;;;;;;;;;;;;;;;;;;;;;;;0;;
PBB031;#1623299;doc#224;;https://search.corpuskiparla.it/corpus/player/player.cgi?code=PBB031&begin=1196550&end=1201560;1196550;1201560;PBB031;;0,034699074;;https://search.corpuskiparla.it/corpus/conversations/PBB031.html;https://search.corpuskiparla.it/corpus/conversations/PBB031_jefferson.html;56-60;F;;comm;;;emilia-romagna;laurea;3;intervista semistrutturata;adesso è pieno // mhmh // adesso è pieno // eh // poi magari non sono loro che creano problemi ci sono altre situazioni però;comunque;anche questa // mhmh // questa mh // questa situazione non aiuta // perché io mi ricordo eh non dovevi stare attento a non;1;;;;;;;;;;;;;;;;;;;;;;;;;;;;;0;;
PBB031;#1627202;doc#224;;https://search.corpuskiparla.it/corpus/player/player.cgi?code=PBB031&begin=2415750&end=2420490;2415750;2420490;PBB031;;0,034699074;;https://search.corpuskiparla.it/corpus/conversations/PBB031.html;https://search.corpuskiparla.it/corpus/conversations/PBB031_jefferson.html;56-60;M;;comm;;;emilia-romagna;dip_lic;3;intervista semistrutturata;divertirsi per fare baracca per per autofinianziarsi per piccole cosine quindi // bah // nell''autonomia ti lasciano;comunque;fare e quindi uno ci ci va ecco // bello // poi tutti e poi tutti appunto // l~ l~ l~ la // sono tre giorni che poi c''é tutta la;1;;;;;;;;;;;;;;;;;;;;;;;;;;;;;0;;
PBB031;#1628423;doc#224;;https://search.corpuskiparla.it/corpus/player/player.cgi?code=PBB031&begin=2787460&end=2790480;2787460;2790480;PBB031;;0,034699074;;https://search.corpuskiparla.it/corpus/conversations/PBB031.html;https://search.corpuskiparla.it/corpus/conversations/PBB031_jefferson.html;56-60;M;;comm;;;emilia-romagna;dip_lic;3;intervista semistrutturata;cose particolari ci siano // però sì // più o meno noi siamo emiliani // cioè // okay // mh le nonne ci hanno ins~ ci ha //;comunque;tra qui e bologna sì mh più o meno sono sempre quelle // sì // okay // simile molto simile immaginavo sì // sì molto simile sì;1;;;;;;;;;;;;;;;;;;;;;;;;;;;;;0;;
TOA3009;#1633899;doc#226;;https://search.corpuskiparla.it/corpus/player/player.cgi?code=TOA3009&begin=268725&end=269496;268725;269496;TOA3009;;0,015613426;;https://search.corpuskiparla.it/corpus/conversations/TOA3009.html;https://search.corpuskiparla.it/corpus/conversations/TOA3009_jefferson.html;26-30;M;;stud;;;sicilia;laurea in corso;3;conversazione libera;miei cantanti preferiti // ah la guerra del sale // io non l'' ho mai sentita xx // e invece è un pezzo di merda // eh ehmh // o;comunque;// mediocre eh ehmh // non è fantatisca // ora ha fatto xx un featuring con gli exotago come si chiamano // non so non me li;1;;;;;;;;;;;;;;;;;;;;;;;;;;;;;0;;
TOA3009;#1634986;doc#226;;https://search.corpuskiparla.it/corpus/player/player.cgi?code=TOA3009&begin=697108&end=698422;697108;698422;TOA3009;;0,015613426;;https://search.corpuskiparla.it/corpus/conversations/TOA3009.html;https://search.corpuskiparla.it/corpus/conversations/TOA3009_jefferson.html;26-30;M;;stud;;;sicilia;laurea in corso;3;conversazione libera;x c'' è un messaggio solo si è caricato che ha fatto vvvv // vedi se sopra c'' è un'' icona // what''sapp telegram polpette //;comunque;i~ xx // what''sapp e telegram e una e una d che non capisco // comunque alla fine volevo dire che // il primo motivo per cui;;;;1;1;;1;;;;1;;;;;;;;;;;;;;;;;;;0;;
TOA3009;#1635998;doc#226;;https://search.corpuskiparla.it/corpus/player/player.cgi?code=TOA3009&begin=1114886&end=1117123;1114886;1117123;TOA3009;;0,015613426;;https://search.corpuskiparla.it/corpus/conversations/TOA3009.html;https://search.corpuskiparla.it/corpus/conversations/TOA3009_jefferson.html;21-25;F;;stud;;;sicilia;laurea in corso;3;conversazione libera;volo di di // xxxxxxxxxxxx // il nuovo saggio di brecht // // l~ l'' ultimo saggio di xxx // e fabio volo // xx xx proprio tu;comunque;// minchia se ti regalava fabio volo non legge fabio volo vero? // no no // sicuro? // no no sicuro sicuro // il suo migliore;;;;1;1;;;;;;;;;;;;;;;;;;;;;;1;;;1;;
PBB010;#1636894;doc#227;;https://search.corpuskiparla.it/corpus/player/player.cgi?code=PBB010&begin=127280&end=133787;127280;133787;PBB010;;0,021851852;;https://search.corpuskiparla.it/corpus/conversations/PBB010.html;https://search.corpuskiparla.it/corpus/conversations/PBB010_jefferson.html;21-25;F;;stud;;;lombardia;laurea in corso;2;intervista semistrutturata;mh ti trovi t~ in generale ti trovi bene a bologna // no no mi trovo bene mi trovo bene // mhmh // e torneresti nel tuo paese o;comunque;hai intenzione di rimare qua comunque a continuare a lavorare non so // allora ho intenzione di t~ di ritornare per non;1;;;;;;;;;;;;;;;;;;;;;;;;;;;;;0;;Funzione fatica
PBB010;#1638382;doc#227;;https://search.corpuskiparla.it/corpus/player/player.cgi?code=PBB010&begin=620090&end=623521;620090;623521;PBB010;;0,021851852;;https://search.corpuskiparla.it/corpus/conversations/PBB010.html;https://search.corpuskiparla.it/corpus/conversations/PBB010_jefferson.html;31-35;F;;comm;;;estero;med;2;intervista semistrutturata;eh @nomeluogo // sì // guarda io ho trovato un altro posto e // quindi // dovrei andar via ma loro mi cioè c~ volevan tenermi;comunque;alla fine // mhmh // lei mi diceva va bene // mi dispiace però // se abbiam bisogno come ex xxx certo // sì // io ci sono sempre;;;;1;1;;;;;;;;;;;1;;;;;;;;;;;;;;0;;
PBB010;#1641803;doc#227;;https://search.corpuskiparla.it/corpus/player/player.cgi?code=PBB010&begin=1741689&end=1744460;1741689;1744460;PBB010;;0,021851852;;https://search.corpuskiparla.it/corpus/conversations/PBB010.html;https://search.corpuskiparla.it/corpus/conversations/PBB010_jefferson.html;21-25;F;;stud;;;lombardia;laurea in corso;2;intervista semistrutturata;parole // eh sì // mhmh // ehm // chissà se un giorno vincerò il gratta e vinci comprerò una villa là // // una bella vista;comunque;su bologna eh // se vicin~ sei più vicina a san luca fai senza fare tutta quella fatica sì sì // mamma mia guarda // e invece;;;;1;1;;;;;;;;;;;1;;;;;;1;;;;;;;;0;;
TOC1005;#1642849;doc#228;;https://search.corpuskiparla.it/corpus/player/player.cgi?code=TOC1005&begin=218695&end=223927;218695;223927;TOC1005;;0,017314815;;https://search.corpuskiparla.it/corpus/conversations/TOC1005.html;https://search.corpuskiparla.it/corpus/conversations/TOC1005_jefferson.html;21-25;F;;stud;;;piemonte;laurea in corso;2;esame;che il patrimonio si perpetrasse all'' interno della sua dinastia // perpe~? // s~ si si continua~ cioè ehrimanesse;comunque;all'' interno deleh della propria dinastia di conseguen~ // alloraperpetuasse // si perp~ sì si perpetuasse all'';;;;1;1;1;;;;;;;;;;;;;;;;1;;;;;;;;0;;
TOC1005;#1643138;doc#228;;https://search.corpuskiparla.it/corpus/player/player.cgi?code=TOC1005&begin=320835&end=331450;320835;331450;TOC1005;;0,017314815;;https://search.corpuskiparla.it/corpus/conversations/TOC1005.html;https://search.corpuskiparla.it/corpus/conversations/TOC1005_jefferson.html;21-25;F;;stud;;;piemonte;laurea in corso;2;esame;coluiche detiene la lamh la moralità deleh del sovrano di conseguenza attraverso questi criteri che possono sembrare;comunque;vaghi // si riusciva non a contraddire il common law perché equity follows the law abbiamo detto // ma ehmh si si cercava;;;;1;1;;;;;;;;;;;;;;;;;;;;;;;1;;0;;
PBA018;#1647283;doc#229;;https://search.corpuskiparla.it/corpus/player/player.cgi?code=PBA018&begin=379402&end=382116;379402;382116;PBA018;;0,02431713;;https://search.corpuskiparla.it/corpus/conversations/PBA018.html;https://search.corpuskiparla.it/corpus/conversations/PBA018_jefferson.html;21-25;M;;oper;;;campania;dip_lic;2;intervista semistrutturata;// allora sì // un pochino potresti capirlo // e niente poi // in realtà io già durante il primo mese // non non volevo //;comunque;s~ sembra tipo una seduta di psicologia cioè sta // no ma a me va bene cioè ste son cose di cui non parlo mai // quindi perché;;;;1;1;;;;;;;;;;;1;;;;;;;;;;;;;;0;;
BOD2017;#1652528;doc#230;;https://search.corpuskiparla.it/corpus/player/player.cgi?code=BOD2017&begin=208308&end=213686;208308;213686;BOD2017;;0,017476852;;https://search.corpuskiparla.it/corpus/conversations/BOD2017.html;https://search.corpuskiparla.it/corpus/conversations/BOD2017_jefferson.html;21-25;M;;stud;;;abruzzo;laurea in corso;2;intervista semistrutturata;conservare un ricordo meraviglioso di bologna quindi quando vedrò che la mia vita sarà o // in una fase discendente o;comunque;non avrò più dentro quella felicità che mi spinge a stare qui // deciderò che forse quello sarà il momento in cui;1;;;;;;;;;;;;;;;;;;;;;;;;;;;;;0;;
BOD2017;#1653384;doc#230;;https://search.corpuskiparla.it/corpus/player/player.cgi?code=BOD2017&begin=521900&end=525326;521900;525326;BOD2017;;0,017476852;;https://search.corpuskiparla.it/corpus/conversations/BOD2017.html;https://search.corpuskiparla.it/corpus/conversations/BOD2017_jefferson.html;21-25;M;;stud;;;abruzzo;laurea in corso;2;intervista semistrutturata;possibile // e curo molto gli aspetti estetici della casa // e per quanto mi riesce per quanto è nei limiti // dato che vivi;comunque;fai convivenza con altre persone // con altre persone // ehm // questo // poi la terza domanda era? // bologna // bologna;;;;1;1;;;;;;;;;;;;;;1;;;;;;;;;;;0;;
BOD2017;#1655536;doc#230;;https://search.corpuskiparla.it/corpus/player/player.cgi?code=BOD2017&begin=1228173&end=1235406;1228173;1235406;BOD2017;;0,017476852;;https://search.corpuskiparla.it/corpus/conversations/BOD2017.html;https://search.corpuskiparla.it/corpus/conversations/BOD2017_jefferson.html;21-25;M;;stud;;;abruzzo;laurea in corso;2;intervista semistrutturata;cacciavo dalle tasche che ne so // un rimmel un rossetto che avevo rubato uno per mamma e una per sabrina // ma è qualcosa;comunque;è un amore normale in quegli anni così come è normale l'' odio che magari seguiva dieci minuti dopo per una cazzata // e odio;;;;1;1;;;;;;;;;;;;;;1;;;;;;;;;;;0;;
BOD2017;#1655655;doc#230;;https://search.corpuskiparla.it/corpus/player/player.cgi?code=BOD2017&begin=1269009&end=1271268;1269009;1271268;BOD2017;;0,017476852;;https://search.corpuskiparla.it/corpus/conversations/BOD2017.html;https://search.corpuskiparla.it/corpus/conversations/BOD2017_jefferson.html;21-25;M;;stud;;;abruzzo;laurea in corso;2;intervista semistrutturata;un po'' che non hai equilibri quindi non puoi sentire troppo questa mancanza ti piace magari anche // il fatto di non avere;comunque;un altro // un'' altra appendice materna che ti è vicina ma comunque sentirsi un po'' più liberi // mh mh // arrivato all'';;;;1;1;;;;;;;;;;;;;;;;;1;;;;;;1;;0;;
BOD2017;#1655668;doc#230;;https://search.corpuskiparla.it/corpus/player/player.cgi?code=BOD2017&begin=1271610&end=1275712;1271610;1275712;BOD2017;;0,017476852;;https://search.corpuskiparla.it/corpus/conversations/BOD2017.html;https://search.corpuskiparla.it/corpus/conversations/BOD2017_jefferson.html;21-25;M;;stud;;;abruzzo;laurea in corso;2;intervista semistrutturata;mancanza ti piace magari anche // il fatto di non avere comunque un altro // un'' altra appendice materna che ti è vicina ma;comunque;sentirsi un po'' più liberi // mh mh // arrivato all'' università eh // è di nuovo cambiato il nostro rapporto perché all'';1;;;;;;;;;;;;;;;;;;;;;;;;;;;;;0;;
BOD2017;#1655704;doc#230;;https://search.corpuskiparla.it/corpus/player/player.cgi?code=BOD2017&begin=1285168&end=1289998;1285168;1289998;BOD2017;;0,017476852;;https://search.corpuskiparla.it/corpus/conversations/BOD2017.html;https://search.corpuskiparla.it/corpus/conversations/BOD2017_jefferson.html;21-25;M;;stud;;;abruzzo;laurea in corso;2;intervista semistrutturata;nuovo cambiato il nostro rapporto perché all'' università abbiamoehm // dovendo vivere in quegli anni che sono gli anni;comunque;appunto del distacco dalla casa // certo // dell'' abbandono dei luoghi più familiari e normali // eh il nostro rapporto è;;;;1;1;1;;;;;;;;;;;;1;;;;;;;;;;;;0;;
BOD2017;#1655950;doc#230;;https://search.corpuskiparla.it/corpus/player/player.cgi?code=BOD2017&begin=1383127&end=1389193;1383127;1389193;BOD2017;;0,017476852;;https://search.corpuskiparla.it/corpus/conversations/BOD2017.html;https://search.corpuskiparla.it/corpus/conversations/BOD2017_jefferson.html;21-25;M;;stud;;;abruzzo;laurea in corso;2;intervista semistrutturata;così vicino a te // quindi magari certe volte mi // mi piacerebbe essere più // più libero e allo stesso tempo vedo che;comunque;mia sorella anche sta cominciando a sentire un po'' l'' esigenza di // mh // eh di essere un po'' più // lontana e autonoma da;;;;1;1;;;;;;;;;;;1;;;;;;;;;;;;;;0;;
TOA3001;#1660429;doc#231;;https://search.corpuskiparla.it/corpus/player/player.cgi?code=TOA3001&begin=1297064&end=1299299;1297064;1299299;TOA3001;;0,022060185;;https://search.corpuskiparla.it/corpus/conversations/TOA3001.html;https://search.corpuskiparla.it/corpus/conversations/TOA3001_jefferson.html;21-25;F;;stud;;;piemonte;laurea in corso;3;conversazione libera;// eh xxx va da erika // e dice scusa ma // no ad alta vo~ o no? // no no secondo me è andato // no perché forse matteo no ma xxx //;comunque;si si stavano sì perché // sottovoce // c'' era una tensione tra di loro una cosa // esatto tipo alla terza persona che;;;;1;1;;1;;;;1;;;;;1;;;;;;;;;;;;;;0;;
BOA1012;#1663159;doc#232;;https://search.corpuskiparla.it/corpus/player/player.cgi?code=BOA1012&begin=187861&end=189761;187861;189761;BOA1012;;0,002488426;;https://search.corpuskiparla.it/corpus/conversations/BOA1012.html;https://search.corpuskiparla.it/corpus/conversations/BOA1012_jefferson.html;56-60;F;;intell;;;basilicata;phd;2;ricevimento studenti;di cioè penso di farcela in un modo o nell'' altro // allora // emh // possibilmente non il dodici // esatto // luglio //;comunque;lei poi guarda nelle liste // certo // che saranno online è d'' accordo? // sì // e va bene // non il dodici perché anche se;;;;1;1;;1;;;;;;;;;1;;;;;;;;;;;;;;1;;
PBC006;#1687881;doc#236;;https://search.corpuskiparla.it/corpus/player/player.cgi?code=PBC006&begin=516060&end=519153;516060;519153;PBC006;;0,036203704;;https://search.corpuskiparla.it/corpus/conversations/PBC006.html;https://search.corpuskiparla.it/corpus/conversations/PBC006_jefferson.html;66-70;F;;artig;;;emilia-romagna;dip_lic;3;intervista semistrutturata;eh che comunque ovviamente ci possono aiutare nella realizzazione di questa anche se // non sono eh artisti ma sono mh e;comunque;ehm // profondi conoscitori della storia di bologna // e o comunque insegnanti quindi insomma // ehm e quindi appunto //;1;;;;;;;;;;;;;;;;;;;;;;;;;;;;;1;;
PBC006;#1692565;doc#236;;https://search.corpuskiparla.it/corpus/player/player.cgi?code=PBC006&begin=2051468&end=2054410;2051468;2054410;PBC006;;0,036203704;;https://search.corpuskiparla.it/corpus/conversations/PBC006.html;https://search.corpuskiparla.it/corpus/conversations/PBC006_jefferson.html;66-70;F;;artig;;;emilia-romagna;dip_lic;3;intervista semistrutturata;cose appunto un po'' per venire sempre // eh al discorso che faceva al l~ la domanda che faceva prima lei // e puntare sempre;comunque;ad una // eh // a a ad una caratterizzazione didattico divulgativa // utilizzando sempre l''arte come medium // sì // mhmh;1;;;;;;;;;;;;;;;;;;;;;;;;;;;;;0;;
TOD1002;#1697798;doc#238;;https://search.corpuskiparla.it/corpus/player/player.cgi?code=TOD1002&begin=906165&end=907235;906165;907235;TOD1002;;0,06212963;;https://search.corpuskiparla.it/corpus/conversations/TOD1002.html;https://search.corpuskiparla.it/corpus/conversations/TOD1002_jefferson.html;;M;;intell;;;NONE;phd;\;\;// evidente // sono appunto // le espressioni del volto che in molti casi sono inconsapevoli ma sono comunicative //;comunque;// perché una delle cose su cui ci soffermeremo // è che molte volte comunichiamo senza rendercene conto // addirittura;1;;;;;;;;;;;;;;;;;;;;;;;;;;;;;0;;
TOD1002;#1699022;doc#238;;https://search.corpuskiparla.it/corpus/player/player.cgi?code=TOD1002&begin=1468510&end=1471550;1468510;1471550;TOD1002;;0,06212963;;https://search.corpuskiparla.it/corpus/conversations/TOD1002.html;https://search.corpuskiparla.it/corpus/conversations/TOD1002_jefferson.html;;M;;intell;;;NONE;phd;\;\;implicite // però diciamo che formalmente tutti hanno lo stesso diritto alla parola // e tutti parlano a tutti // ma;comunque;è una situazione complessiva di re~ // di reciprocità sia pure // una reciprocità che può mascherare // una effettiva //;1;;;;;;;;;;;;;;;;;;;;;;;;;;;;;0;;
TOD1002;#1699258;doc#238;;https://search.corpuskiparla.it/corpus/player/player.cgi?code=TOD1002&begin=1590655&end=1600617;1590655;1600617;TOD1002;;0,06212963;;https://search.corpuskiparla.it/corpus/conversations/TOD1002.html;https://search.corpuskiparla.it/corpus/conversations/TOD1002_jefferson.html;;M;;intell;;;NONE;phd;\;\;// il che non significa che non possiate scrivere // a // bruno vespa // bisogna vedere se bruno vespa vi risponde // o se //;comunque;vi dà spazio magari qualche volta può capitare bruno vespa che dice mi ha scritto una signora di novant'' anni sapete;1;;;;;;;;;;;;;;;;;;;;;;;;;;;;;0;;
TOD1002;#1700479;doc#238;;https://search.corpuskiparla.it/corpus/player/player.cgi?code=TOD1002&begin=2145923&end=2150536;2145923;2150536;TOD1002;;0,06212963;;https://search.corpuskiparla.it/corpus/conversations/TOD1002.html;https://search.corpuskiparla.it/corpus/conversations/TOD1002_jefferson.html;;M;;intell;;;NONE;phd;\;\;a molti // che poteva esistere prima del web? // dam~ da scusatemi da massa a massa no da molti a molti è ancora diverso ma;comunque;diciamo // sì // tendenzialmente da massa a massa ma // avete capito // vogliamo fare un esempio? // un corteo // in un;1;;;;;;;;;;;;;;;;;;;;;;;;;;;;;0;;
PBC007;#1710375;doc#239;;https://search.corpuskiparla.it/corpus/player/player.cgi?code=PBC007&begin=1396370&end=1399570;1396370;1399570;PBC007;;0,04369213;;https://search.corpuskiparla.it/corpus/conversations/PBC007.html;https://search.corpuskiparla.it/corpus/conversations/PBC007_jefferson.html;over 85;F;;pens;;;emilia-romagna;dip_lic;2;intervista semistrutturata;// dunque la poi è stata dedicata una parte della biblioteca // alla a una partigiana che ha voluto questo monumento //;comunque;letizia manzuccato è stata l''architetto // eh // sono non non mi sovviene il nome del~ della partigiana // nella mi pare;;;;1;1;;;;;;;;;;;1;;;;;;;;;;;;;;0;;
PBC007;#1713657;doc#239;;https://search.corpuskiparla.it/corpus/player/player.cgi?code=PBC007&begin=2785950&end=2787610;2785950;2787610;PBC007;;0,04369213;;https://search.corpuskiparla.it/corpus/conversations/PBC007.html;https://search.corpuskiparla.it/corpus/conversations/PBC007_jefferson.html;21-25;M;;stud;;;marche;laurea in corso;2;intervista semistrutturata;// e quindi sono stati un po'' diciamo tu~ // tutto quello che lei ha vissuto che l''hanno portata ad unirsi ad anpi? // o;comunque;ha collaborato con anpi? // certo certo certo anche perchè mio marito era iscritto all''anpi // ti dirò mi sono iscritta;1;;;;;;;;;;;;;;;;;;;;;;;;;;;;;0;;
BOA3001;#1720079;doc#240;;https://search.corpuskiparla.it/corpus/player/player.cgi?code=BOA3001&begin=1366300&end=1371082;1366300;1371082;BOA3001;;0,047476852;;https://search.corpuskiparla.it/corpus/conversations/BOA3001.html;https://search.corpuskiparla.it/corpus/conversations/BOA3001_jefferson.html;21-25;F;;stud;;;toscana;laurea in corso;2;conversazione libera;a stare con te a dirti i gossip // sì ci divertiahm~ // poi sono contenta perché la sofia mi diceva sempre eh la ex di marco;comunque;// mi diceva sei più bellina teeh // però diceva eh sai ha un bel fisico comunque // sì però non è quello perché alla fine il;;;;1;1;;;;;;;;;;;;;;;;;1;;;;;;;;0;;
BOA3001;#1720676;doc#240;;https://search.corpuskiparla.it/corpus/player/player.cgi?code=BOA3001&begin=1600638&end=1603558;1600638;1603558;BOA3001;;0,047476852;;https://search.corpuskiparla.it/corpus/conversations/BOA3001.html;https://search.corpuskiparla.it/corpus/conversations/BOA3001_jefferson.html;21-25;F;;stud;;;toscana;laurea in corso;2;conversazione libera;poi ci deve fare tutte le domande // ah ci deve fare le domande // sì dove siamo nati dove siamo andati a scuola // ah già // no;comunque;io glielo chiedo tanto pe sta'' tranquilla // sì sì sì chiediglielo // non penso sia del secondo anno // ah sì poi metti che;;;;1;1;1;1;;;;;;;;;1;;;;;;;;;;;;;;0;;
BOA3001;#1724233;doc#240;;https://search.corpuskiparla.it/corpus/player/player.cgi?code=BOA3001&begin=2911031&end=2914780;2911031;2914780;BOA3001;;0,047476852;;https://search.corpuskiparla.it/corpus/conversations/BOA3001.html;https://search.corpuskiparla.it/corpus/conversations/BOA3001_jefferson.html;21-25;F;;stud;;;toscana;laurea in corso;2;conversazione libera;// ah ti piace d~ sì // sì perché è più alto è più // mi piace di più // coi capelli ro~ è particolare // sì è bellino rupert //;comunque;a me per dire piace molto anche eddie redmayne // sì // è bello // sì sì lui sì // ha due occhi // cioè da~ è particolare // sì sì;;;;1;1;;1;;;;;;;;;1;;;;;;;;;;;;;;1;;
KPS008;#1773069;doc#248;;https://search.corpuskiparla.it/corpus/player/player.cgi?code=KPS008&begin=635687&end=641270;635687;641270;KPS008;;0,020752315;;https://search.corpuskiparla.it/corpus/conversations/KPS008.html;https://search.corpuskiparla.it/corpus/conversations/KPS008_jefferson.html;21-25;F;;intell;;;puglia;dip_lic;3;pasto;finestre // con le finestre spalancate // x la bicicletta di // cos''è bologna? // penso firenze // firenze // vedi ve'' //;comunque;a sto punto possiamo dire che tutto il mondo è paese mica solo i napoletani hanno fatto ste cose // almeno a brindisi non;;;;1;1;;1;;;;;;;;;1;;;;;;;;;;;;;;1;;
PTB008;#1778140;doc#250;;https://search.corpuskiparla.it/corpus/player/player.cgi?code=PTB008&begin=414169&end=415365;414169;415365;PTB008;;0,017592593;;https://search.corpuskiparla.it/corpus/conversations/PTB008.html;https://search.corpuskiparla.it/corpus/conversations/PTB008_jefferson.html;===NONE===;===NONE===;;===NONE===;;;===NONE===;===NONE===;3;intervista semistrutturata;se è oggi // dovevano mettere oggi ne abbiamo tre // tre quattordici // oggi è quattordici? // x metter quat~ eh vabbè // ma;comunque;// chi lavora sbaglia eh // comunque aldo aldo mi aveva detto // questo giovedì // eh e allora aspetti aspetti // aspetti;1;;;;;;;;;;;;;;;;;;;;;;;;;;;;;1;;
PTB008;#1778147;doc#250;;https://search.corpuskiparla.it/corpus/player/player.cgi?code=PTB008&begin=416857&end=419949;416857;419949;PTB008;;0,017592593;;https://search.corpuskiparla.it/corpus/conversations/PTB008.html;https://search.corpuskiparla.it/corpus/conversations/PTB008_jefferson.html;===NONE===;===NONE===;;===NONE===;;;===NONE===;===NONE===;3;intervista semistrutturata;abbiamo tre // tre quattordici // oggi è quattordici? // x metter quat~ eh vabbè // ma comunque // chi lavora sbaglia eh //;comunque;aldo aldo mi aveva detto // questo giovedì // eh e allora aspetti aspetti // aspetti // con fiducia // aspetti con fiducia;1;;;;;;;;;;;;;;;;;;;;;;;;;;;;;0;;
KPC001;#1783583;doc#251;;https://search.corpuskiparla.it/corpus/player/player.cgi?code=KPC001&begin=578886&end=581716;578886;581716;KPC001;;0,022905093;;https://search.corpuskiparla.it/corpus/conversations/KPC001.html;https://search.corpuskiparla.it/corpus/conversations/KPC001_jefferson.html;51-55;F;;uff;;;marche;dip_tec_prof;2;pasto;piacere magari sabato lo riceve no? // invece sabato // eravamo a marotta prima visto che la cena era alle dieci // siete;comunque;siete stati gli ultimi ad arrivare // eh ma gigi lavorava // eh // a parte che la il sabato scorso sara aveva prenotato alle;;;;1;1;;1;;;;;;;;;1;;;;;;;;;;;;;;0;;
KPC001;#1786007;doc#251;;https://search.corpuskiparla.it/corpus/player/player.cgi?code=KPC001&begin=1403497&end=1406189;1403497;1406189;KPC001;;0,022905093;;https://search.corpuskiparla.it/corpus/conversations/KPC001.html;https://search.corpuskiparla.it/corpus/conversations/KPC001_jefferson.html;51-55;F;;uff;;;marche;dip_tec_prof;2;pasto;bisogna che // secondo me si è comprata qualcosa de nuovo // no oh // dai // mamma non lo vuole manco fare // è comunque c''ha;comunque;le foto poi // no non c''è neanche il fotografo // non lo vuole proprio // non so sembra una roba un po'' strana // eh gli serve;;;;1;1;;;;;;;;;;;1;;;;;;;;;;;;;;1;;
BOA1009;#1787474;doc#252;;https://search.corpuskiparla.it/corpus/player/player.cgi?code=BOA1009&begin=72965&end=76789;72965;76789;BOA1009;;0,005081019;;https://search.corpuskiparla.it/corpus/conversations/BOA1009.html;https://search.corpuskiparla.it/corpus/conversations/BOA1009_jefferson.html;21-25;F;;stud;;;trentino-alto-adige;laurea in corso;2;ricevimento studenti;sulla // mh // sì // eh sulla professoressa rossi // sulla rossi // che comunque lei ha già seguito tesi di questo tipo;comunque;sulla lingua dei segni // ma anche sulla lingua dei segni proprio // sì mi ha già dato del materiale da leggere un po'' di;;;;1;1;;;;;;;;;;;1;;;;;;;;;;;;;;0;;
BOA1009;#1787749;doc#252;;https://search.corpuskiparla.it/corpus/player/player.cgi?code=BOA1009&begin=143030&end=148610;143030;148610;BOA1009;;0,005081019;;https://search.corpuskiparla.it/corpus/conversations/BOA1009.html;https://search.corpuskiparla.it/corpus/conversations/BOA1009_jefferson.html;21-25;F;;stud;;;trentino-alto-adige;laurea in corso;2;ricevimento studenti;// qualcosa c'' è molto molto poco tendenzialmente tutti i lav~ // perché lo fanno per i genitori // eh mh no lo fanno;comunque;su persone che l'' hanno fatto da da bambine ma intervistandoli da adulti // sì esattamente come per il brokering delle;;;;1;1;;;;;;;;;;;;;;;;;1;;;;;;;;0;;
BOA1009;#1788494;doc#252;;https://search.corpuskiparla.it/corpus/player/player.cgi?code=BOA1009&begin=363271&end=375520;363271;375520;BOA1009;;0,005081019;;https://search.corpuskiparla.it/corpus/conversations/BOA1009.html;https://search.corpuskiparla.it/corpus/conversations/BOA1009_jefferson.html;21-25;F;;stud;;;trentino-alto-adige;laurea in corso;2;ricevimento studenti;di questi bambini della cioè tutto diciamo la particolarità è la cultura sorda a confronto con la cultura udente sono;comunque;cose che poi nella tesi sicuramente vanno spiegate // mhmh sì // sì // certo // e da quel punto di vista comunque ho tutto il;;;;1;1;;;;;;;;;;;;;1;;;;;;;;;;;;0;;
BOD2019;#1808332;doc#255;;https://search.corpuskiparla.it/corpus/player/player.cgi?code=BOD2019&begin=354132&end=356953;354132;356953;BOD2019;;0,02224537;;https://search.corpuskiparla.it/corpus/conversations/BOD2019.html;https://search.corpuskiparla.it/corpus/conversations/BOD2019_jefferson.html;21-25;F;;stud;;;umbria;laurea in corso;2;intervista semistrutturata;rapporto se può anche superfortifica'' quello dipende da // sì sì vabbè quello // può anche anda'' de pari passo poi magari;comunque;// esatto // quello alla fine so le difficoltà che uniscono quindi // che ne sai? // ehm vabbè comunque // ehm la zona no? di;;;;1;1;1;;;;;;;;;;;;;;;;;;;;;;1;;0;;
BOD2019;#1808352;doc#255;;https://search.corpuskiparla.it/corpus/player/player.cgi?code=BOD2019&begin=361899&end=364269;361899;364269;BOD2019;;0,02224537;;https://search.corpuskiparla.it/corpus/conversations/BOD2019.html;https://search.corpuskiparla.it/corpus/conversations/BOD2019_jefferson.html;21-25;F;;stud;;;umbria;laurea in corso;2;intervista semistrutturata;passo poi magari comunque // esatto // quello alla fine so le difficoltà che uniscono quindi // che ne sai? // ehm vabbè;comunque;// ehm la zona no? di casa tua è un po'' più diciamo esterna anche se so che a te non t'' ha mai // no no // non t'' è mai pesata sta;;;;1;1;1;;;;;;;;;;1;;;;;;;;;;;;;;0;;
BOD2019;#1809153;doc#255;;https://search.corpuskiparla.it/corpus/player/player.cgi?code=BOD2019&begin=580991&end=584472;580991;584472;BOD2019;;0,02224537;;https://search.corpuskiparla.it/corpus/conversations/BOD2019.html;https://search.corpuskiparla.it/corpus/conversations/BOD2019_jefferson.html;21-25;F;;stud;;;umbria;laurea in corso;2;intervista semistrutturata;''sta casa no? // sì? // col fatto appunto che studi musica tanto per rimanere in tema // c'' avrai bisogno di una stranza;comunque;magari tua con // cioè un modo per aver più privacy eh // coinquilini più flessibili no? // sì sicuramente sì // magari;;;;1;1;1;;;;;;;;;;;;;;;;;;;;;;1;;0;;
BOD2019;#1809580;doc#255;;https://search.corpuskiparla.it/corpus/player/player.cgi?code=BOD2019&begin=692695&end=695530;692695;695530;BOD2019;;0,02224537;;https://search.corpuskiparla.it/corpus/conversations/BOD2019.html;https://search.corpuskiparla.it/corpus/conversations/BOD2019_jefferson.html;21-25;F;;stud;;;umbria;laurea in corso;2;intervista semistrutturata;tranquillo e non scazzato perché in certi momenti anche una cosa stupida come quella te po'' fa'' // innervosi'' // beh sì;comunque;si tratta della tua libertà // cioè di quanta libertà c'' hai e poi // ci sta che uno s'' adatta però dopo un po'' insomma // dopo;;;;1;1;1;;;;;;;;;;1;;;;;;;;;;;;;;0;;
BOD2019;#1813586;doc#255;;https://search.corpuskiparla.it/corpus/player/player.cgi?code=BOD2019&begin=1878895&end=1880922;1878895;1880922;BOD2019;;0,02224537;;https://search.corpuskiparla.it/corpus/conversations/BOD2019.html;https://search.corpuskiparla.it/corpus/conversations/BOD2019_jefferson.html;21-25;F;;stud;;;umbria;laurea in corso;2;intervista semistrutturata;beh sì // non che sia poi facile ritrovarlo // da altre parti // ce sto ave'' un déjàvu incredibile // e non so perché // e però;comunque;// magari per quello che fai sì è meglio un ambiente come bologna // per quello che magari preferisci o per quello che sei;1;;;;;;;;;;;;;;;;;;;;;;;;;;;;;0;;
PTB023;#1819877;doc#256;;https://search.corpuskiparla.it/corpus/player/player.cgi?code=PTB023&begin=2177071&end=2180696;2177071;2180696;PTB023;;0,033321759;;https://search.corpuskiparla.it/corpus/conversations/PTB023.html;https://search.corpuskiparla.it/corpus/conversations/PTB023_jefferson.html;61-65;M;;intell;;;piemonte;laurea;2;intervista semistrutturata;pro~ fessore di una donna // che ti conosce come questa fiamma // dicono che non l''hai dimenticata // lei se ne andò // ma;comunque;non si è mai sposata e da quel giorno // // ti sei cucito il cuore // anche per questo ti chiamo professore // e poi l''ultimo;1;;;;;;;;;;;;;;;;;;;;;;;;;;;;;0;;
TOA3004;#1827852;doc#258;;https://search.corpuskiparla.it/corpus/player/player.cgi?code=TOA3004&begin=1184452&end=1187825;1184452;1187825;TOA3004;;0,024178241;;https://search.corpuskiparla.it/corpus/conversations/TOA3004.html;https://search.corpuskiparla.it/corpus/conversations/TOA3004_jefferson.html;21-25;M;;stud;;;piemonte;laurea in corso;4;conversazione libera;beh // beh non son foodora // è uguale // funziona uguale i contratti son dello stesso tipo // poi parliamoneeh di foodora;comunque;so sempre sordi // non so non so quanto // beh però così uno due tre quattro comulativo ci faceva almeno due pizze // non;;;;1;1;;;;;;;;;;;1;;;;;;;;;;;;;;0;;
BOC1006;#1844539;doc#261;;https://search.corpuskiparla.it/corpus/player/player.cgi?code=BOC1006&begin=679580&end=682470;679580;682470;BOC1006;;0,015972222;;https://search.corpuskiparla.it/corpus/conversations/BOC1006.html;https://search.corpuskiparla.it/corpus/conversations/BOC1006_jefferson.html;F;2;;esame;;;laurea in corso;comunque;stud;appunto della linguistica acquisizionale // risulta essere // bene o male in parte anche soggettivo nel senso che;ha=mh, (.) insomma=m:h, (.) secondo appunto i vari studi appunto della linguistica acquisizionale // risulta essere // bene o male, in parte anche soggettivo, nel senso che;comunque;come: // appunto diceva corder, noi impariamo:, (.) in maniera conforme, al nostro sillabo interno,;;;;1;1;1;;;;;;;;;;;;1;;;;;;;;;;;;0;;
BOC1006;#1845041;doc#261;;https://search.corpuskiparla.it/corpus/player/player.cgi?code=BOC1006&begin=837288&end=845347;837288;845347;BOC1006;;0,015972222;;https://search.corpuskiparla.it/corpus/conversations/BOC1006.html;https://search.corpuskiparla.it/corpus/conversations/BOC1006_jefferson.html;F;2;;esame;;;laurea in corso;comunque;stud;strategica // ma appunto // è // diciamo // viene appunto valorizzato molto anche negli ultimi tempi anche l'' autonomia;viene appunto valorizzato molto anche::, negli ultimi tempi, anche l' autonomia, ;comunque;e l' autoapprendimento, quindi appunto self learning, che appunto è la modalità di studio.;;;;1;1;;;;;;;;;;;;;;1;;;;;;;;;;;0;;
PTB024;#1846682;doc#262;;https://search.corpuskiparla.it/corpus/player/player.cgi?code=PTB024&begin=112523&end=113800;112523;113800;PTB024;;0,016238426;;https://search.corpuskiparla.it/corpus/conversations/PTB024.html;https://search.corpuskiparla.it/corpus/conversations/PTB024_jefferson.html;31-35;M;;intell;;;piemonte;phd;3;intervista semistrutturata;// due anni // due anni // e poi? dove siete andati? // poi siamo andati verso // eh verso san mauro // ah ho capito // beh;comunque;lì vicino no? // sì // sì? okay // verso san mauro perché // mh // eh mio padre // mh mh // era disoccupato anche giù nel veneto;1;;;;;;;;;;;;;;;;;;;;;;;;;;;;;0;;
BOD1003;#1859255;doc#263;;https://search.corpuskiparla.it/corpus/player/player.cgi?code=BOD1003&begin=4723141&end=4731224;4723141;4731224;BOD1003;;0,058460648;;https://search.corpuskiparla.it/corpus/conversations/BOD1003.html;https://search.corpuskiparla.it/corpus/conversations/BOD1003_jefferson.html;61-65;M;;intell;;;emilia-romagna;phd;1;lezione;// quello che faremo è semplicemente utilizzare i dati per costruirci delle gaussiane o qualcosa che ci assomiglia;comunque;delle curve a campana centrate // e queste curve a campana ognuna per insieme // ci permetteranno di andare ad a dare;1;;;;;;;;;;;;;;;;;;;;;;;;;;;;;0;;
KPS003;#1865861;doc#265;;https://search.corpuskiparla.it/corpus/player/player.cgi?code=KPS003&begin=491530&end=494720;491530;494720;KPS003;;0,026018519;;https://search.corpuskiparla.it/corpus/conversations/KPS003.html;https://search.corpuskiparla.it/corpus/conversations/KPS003_jefferson.html;51-55;F;;uff;;;abruzzo;laurea;2;pasto;due sezione eh // sì sì sì ne fai arrivi fino alla che ne so // elle però le fai da // quindici // ehm sì cioè // eh perchè;comunque;le classi che abbiamo // le abbiamo le eh effettivamente n~ tutte le scuole italiane sono classi pollaio // sono ah si'' //;1;;;;;;;;;;;;;;;;;;;;;;;;;;;;;0;;
KPS003;#1870845;doc#265;;https://search.corpuskiparla.it/corpus/player/player.cgi?code=KPS003&begin=2191036&end=2195518;2191036;2195518;KPS003;;0,026018519;;https://search.corpuskiparla.it/corpus/conversations/KPS003.html;https://search.corpuskiparla.it/corpus/conversations/KPS003_jefferson.html;51-55;F;;uff;;;abruzzo;laurea;2;pasto;// un po'' dipende dalla nonna un po'' vedendomi io // e così // quello mi spaventa mi spaventa perchè // eh mi mi mi vedo // che;comunque;st~ st~ stiamo io quanto tuo padre stiamo vivendo una storia // che non è più la nostra che non sa così // quindi non ci;1;;;;;;;;;;;;;;;;;;;;;;;;;;;;;0;;
;;;;;;;;;;;;;;;;;;;;;;;;;;;;;;;;;;;;;;;;;;;;;;;;;;;;;;;0;;
