Reference;Token number;Document number;Anno di raccolta;annotation.audio_file;annotation.begin;annotation.end;annotation.participant_code;conversation.code;conversation.duration;conversation.topic;doc.full_conversation;doc.full_jefferson;Età;Genere;Luogo di raccolta;Occupazione;Presenza di moderatore;Rapporto tra i partecipanti;Regione di provenienza;Titolo di studio;Numero di partecipanti;Tipo di interazione;Left;KWIC;Right;Non SD;"""Eravamo giovani allora e potevamo fare quello che volevamo"". Allora è un avverbio di tempo e significa ""in quel tempo"". ";"""Se piove, allora non usciremo"". Allora vuol dire ""di conseguenza"" e ha funzione di congiunzione. ";"""L'allora presidente firmò un decreto importante"". Allora ha funzione di aggettivo qui e vuol dire ""il presidente in carica in quel periodo"". ";SD;Cumulo;Presa di turno;Richiesta di accordo/conferma;Manifestazione di accordo;Conferma dell'attenzione;Interruzione;Cessione del turno;Marcatura della conoscenza condivisa;Richiesta di attenzione;Strategie di cortesia;Gestione del topic: introduzione o ripresa di topic;Chiusura di un topic;Prolettico, marca di formulazione: ecco;Riformulazione;Marcatura di citazione/discorso riportato;Esemplificazione;Filler, riempimento dei tempi di formulazione;General extenders e marche di generalizzazione;Marcatura dell'inferenza;Modulazione del grado di confidenza del parlante;Approssimazione;Specificazione;Attenuazione;Intensificazione;Polifunzionalità;Dubbî;Commenti
TOA1002;#826;doc#0;2017/18;https://search.corpuskiparla.it/corpus/player/player.cgi?code=TOA1002&begin=270992&end=278842;270992;278842;TOA1002;;0,009733796;libero;https://search.corpuskiparla.it/corpus/conversations/TOA1002.html;https://search.corpuskiparla.it/corpus/conversations/TOA1002_jefferson.html;;;;;no;asimmetrico;;;2;ricevimento studenti;rinuncia alla borsa sarebbe dal quinto mese in poi no~ah ho capito ho capito // sì esatto // esatto // sì // sì sì // ehm // no;allora;diciamo per quanto riguarda la compilazione del learning agreement secondo me può mettere trenta crediti pur diciamo;;;;;1;1;;;;;;;;;;1;;1;;;;;;;;;;;;;;
TOA1002;#1705;doc#0;2017/18;https://search.corpuskiparla.it/corpus/player/player.cgi?code=TOA1002&begin=534839&end=536187;534839;536187;TOA1002;;0,009733796;libero;https://search.corpuskiparla.it/corpus/conversations/TOA1002.html;https://search.corpuskiparla.it/corpus/conversations/TOA1002_jefferson.html;;;;;no;asimmetrico;;;2;ricevimento studenti;è da sei e quello sotto è da nove // e questo sarebbe da sei? // quello sopra // sì va bene sì sì sei e sei sì sì // bon // okay //;allora;io compilo // semplifica anche il coso ma mi pare che ci sia una certa coerenza no? // perfetto // sì sì sì // eh bon così il;1;;1;;;;;;;;;;;;;;;;;;;;;;;;;;;1;;
TOA1002;#2666;doc#0;2017/18;https://search.corpuskiparla.it/corpus/player/player.cgi?code=TOA1002&begin=832641&end=833644;832641;833644;TOA1002;;0,009733796;libero;https://search.corpuskiparla.it/corpus/conversations/TOA1002.html;https://search.corpuskiparla.it/corpus/conversations/TOA1002_jefferson.html;;;;;no;asimmetrico;;;2;ricevimento studenti;a fare tutto // sì sì quello // sì sì va bene eh me lo mandi poi e glielo firmo e rimando via mail diciamo // grazie mille;allora;// okay grazie mille // arrivederci di niente // arrivederci // allora // inizio subito chiedendole in che quartiere di;;;;;;;;;;;;;;;;;;;;;;;;;;;;;;0;1;Mi sembra che in casi come questi Allora sia una vera e propria congiunzione conclusiva o avverbio conclusivo (i.e. detto questo, se è così) e sia assimilabile ai casi previsti dal Test 2
PTD010;#37041;doc#4;2019;https://search.corpuskiparla.it/corpus/player/player.cgi?code=PTD010&begin=1861329&end=1862340;1861329;1862340;PTD010;;0,041064815;fisso;https://search.corpuskiparla.it/corpus/conversations/PTD010.html;https://search.corpuskiparla.it/corpus/conversations/PTD010_jefferson.html;;;;;sì;asimmetrico;;;3;intervista semistrutturata;dicevano infatti tutto questo era sparito // // perché allora // tutto questo era sparito // // io penso purtroppo //;allora;al netto // del // rimpianto per non esserci stati // i~ in nella fase di grande movimentazione di fine anni sessanta // e;;;;;1;;1;;;;;;;;;;;1;;;;;;;1;;;;;0;;ERRORE nella trascrizione. Dopo grazie mille non c'è nessun allora, ma chiusura di turno.
PTD010;#40514;doc#4;2019;https://search.corpuskiparla.it/corpus/player/player.cgi?code=PTD010&begin=2803302&end=2804344;2803302;2804344;PTD010;;0,041064815;fisso;https://search.corpuskiparla.it/corpus/conversations/PTD010.html;https://search.corpuskiparla.it/corpus/conversations/PTD010_jefferson.html;;;;;sì;asimmetrico;;;3;intervista semistrutturata;quattro obbligatori del primo // okay // ma eh // io ce n''era ne avevo dati due gli altri due erano enormi // quindi no //;allora;ho smesso di seguire // è stato anche il periodo in cui hanno iniziato a fare // la bonifica da // di palazzo nuovo;1;1;1;;;;;;;;;;;;;;;;;;;;;;;;;;;1;1;"Ho inteso come modulazione della confidence il fatto che la locutrice sembra voler dire ""devo dire questa cosa che sfugge"""
KPS001;#43650;doc#5;2022;https://search.corpuskiparla.it/corpus/player/player.cgi?code=KPS001&begin=115930&end=116698;115930;116698;KPS001;;0,061747685;libero;https://search.corpuskiparla.it/corpus/conversations/KPS001.html;https://search.corpuskiparla.it/corpus/conversations/KPS001_jefferson.html;;;;;no;simmetrico;;;4;pasto;non è male // buono // buono buono // hai visto // arianna diceva di fare il ventinove con i cugini // okay // il ven~ // eh //;allora;aspetta che // che cos''hai il ventinove // no solo che il ventotto ho la tombolata da andrea // e il trenta devo partire;;;;;;;;;;;;;;;;;;;;;;;;;;;;;;0;;
KPS001;#45685;doc#5;2022;https://search.corpuskiparla.it/corpus/player/player.cgi?code=KPS001&begin=617801&end=618619;617801;618619;KPS001;;0,061747685;libero;https://search.corpuskiparla.it/corpus/conversations/KPS001.html;https://search.corpuskiparla.it/corpus/conversations/KPS001_jefferson.html;;;;;no;simmetrico;;;4;pasto;so no lui ha mollato lei eh ma // no è stata lei // no eh l''ha tradita lui mi sa // ah sì? // ah io sapevo così poi non lo so eh // e;allora;//[e poi:: mh] è stata con alle:gri e allegri invece (l'ha piantata x x pure) ((ride));;;;;;;;;;;;;;;;;;;;;;;;;;;;;;0;;Allora è trascritto ma a me sembra di non sentirlo
KPS001;#46019;doc#5;2022;https://search.corpuskiparla.it/corpus/player/player.cgi?code=KPS001&begin=718523&end=721237;718523;721237;KPS001;;0,061747685;libero;https://search.corpuskiparla.it/corpus/conversations/KPS001.html;https://search.corpuskiparla.it/corpus/conversations/KPS001_jefferson.html;;;;;no;simmetrico;;;4;pasto;noi di sicuro // eh infa~ no ma questo è sicuro eh // secondo veramente andrà così eh il karma // ma p~ // no poi // ma c''è;allora;l''amico di di matteo // che lui stesso dice cioè matteo dice che è poco è troppo accondiscendente perchè tipo fa gli audio;;;;;1;;;;;;;;;;;1;;1;;;;;;;;;;;;0;;"1. Ho aggiustato il  RIGHT context copiandolo dalla trascrizione perché al suo posto c'erà il testo del test 1 
2. in realtà nel turno di PKP101 che dovrebbe contenere allora non si sente nessun allora"
KPS001;#46643;doc#5;2022;https://search.corpuskiparla.it/corpus/player/player.cgi?code=KPS001&begin=891403&end=894638;891403;894638;KPS001;;0,061747685;libero;https://search.corpuskiparla.it/corpus/conversations/KPS001.html;https://search.corpuskiparla.it/corpus/conversations/KPS001_jefferson.html;;;;;no;simmetrico;;;4;pasto;mh // sì // m boi eh mh boiate // e poi questi qua che poi devo vedere da da x // ci siamo eh // senti la metto su la mando su coso;allora;sta foto che dici eh? // eh? // la metto su // x x tu come vuoi tu // che dite? // come vuoi pa // chiedi a loro // va bene? la;1;;1;;;;;;;;;;;;;;;;;;;;;;;;;;;1;;
KPS001;#48223;doc#5;2022;https://search.corpuskiparla.it/corpus/player/player.cgi?code=KPS001&begin=1316051&end=1316680;1316051;1316680;KPS001;;0,061747685;libero;https://search.corpuskiparla.it/corpus/conversations/KPS001.html;https://search.corpuskiparla.it/corpus/conversations/KPS001_jefferson.html;;;;;no;simmetrico;;;4;pasto;// mh // x x // x x x // mh // mh // ma tu x x x // sì sì li hai già mangiati // è vero con un po'' di salsa // sì sì // chi mangia? // mhmh //;allora;lo mangio io sto qua // guarda qua // x // e poi olga // era in calsse con mariella bianchi // ah // al liceo // mh // // forse;;;;;;;;;;;;;;;;;;;;;;;;;;;;;;0;;
KPS001;#51547;doc#5;2022;https://search.corpuskiparla.it/corpus/player/player.cgi?code=KPS001&begin=2185041&end=2188382;2185041;2188382;KPS001;;0,061747685;libero;https://search.corpuskiparla.it/corpus/conversations/KPS001.html;https://search.corpuskiparla.it/corpus/conversations/KPS001_jefferson.html;;;;;no;simmetrico;;;4;pasto;fino a ieri c''era mo fa oggi non ho guardato // o mh questo qua x x qua mo x x x tu // eh? // eh avevo guardato ieri e non c''era //;allora;comunque il ventinove forse avevano scritto che lo lo facevano // x x x // che cosa? // il ventinove la // gl e gli arretrati;;;;;1;1;1;;;;;;;;;1;;1;;;;;;;;;;;;0;;L'audio non è chiaro. Non mi sembra di rilevare allora.
KPS001;#56871;doc#5;2022;https://search.corpuskiparla.it/corpus/player/player.cgi?code=KPS001&begin=3454819&end=3457033;3454819;3457033;KPS001;;0,061747685;libero;https://search.corpuskiparla.it/corpus/conversations/KPS001.html;https://search.corpuskiparla.it/corpus/conversations/KPS001_jefferson.html;;;;;no;simmetrico;;;4;pasto;// prendi le // prendi un e una scodella più grande // volui velle // volui velle // è il paradigma il presente volo vis? //;allora;volo vis voluit? // x x x x no // vult // volo vis? no eh eh no // volo vis volit // volo vis // s // vult // x x x x // vult sì sì sì // no;;;;;1;;1;;;;;;;;;;;1;;;;;;;;;;;;1;;
KPS001;#57637;doc#5;2022;https://search.corpuskiparla.it/corpus/player/player.cgi?code=KPS001&begin=3608012&end=3608420;3608012;3608420;KPS001;;0,061747685;libero;https://search.corpuskiparla.it/corpus/conversations/KPS001.html;https://search.corpuskiparla.it/corpus/conversations/KPS001_jefferson.html;;;;;no;simmetrico;;;4;pasto;devo cercare pa? // sì volo vis vult // buh // volo paradigma // e // mh // eh si // mh // allora // a ricreazione c''avete? //;allora;// aspetta aspetta no io lo voglio lo voglio il piatto fondo io // ah va bene sta qui // volo nolo e malo infatti era // volo;;;;;1;;1;;;;;;;;;1;;1;;;;;;;;;;;;1;1;"Può essere quasi un List Introducer alla Selting/Masini? Qui più che formulare mi pare voglia dire ""eccoti l'elenco delle forme che mi vengono in mente"", come se fosse l'equivalente parlato dei due punti (:). Dunque è prolettico e introduce i membri di una lista ma non generalizza come i GE"
KPS001;#61893;doc#5;2022;https://search.corpuskiparla.it/corpus/player/player.cgi?code=KPS001&begin=4643918&end=4645444;4643918;4645444;KPS001;;0,061747685;libero;https://search.corpuskiparla.it/corpus/conversations/KPS001.html;https://search.corpuskiparla.it/corpus/conversations/KPS001_jefferson.html;;;;;no;simmetrico;;;4;pasto;e mi dicevo ma chi cavolo è que~ a parte che quando che poi ti ho chiesto ma chi è michael jackson tu oeh // ma perché;allora;aveva // eh eh // mh // cioè aveva la vitiligine per poi ha fatto degli interventi che gli hanno rovinato la fa // no ha fatto;;;;;;;;;;;;;;;;;;;;;;;;;;;;;;1;;
KPS001;#62219;doc#5;2022;https://search.corpuskiparla.it/corpus/player/player.cgi?code=KPS001&begin=4697298&end=4700614;4697298;4700614;KPS001;;0,061747685;libero;https://search.corpuskiparla.it/corpus/conversations/KPS001.html;https://search.corpuskiparla.it/corpus/conversations/KPS001_jefferson.html;;;;;no;simmetrico;;;4;pasto;è ancora vivo quando è vivo non c''è più // no eh // ma anche elvis dicono che è ancora vivo che si nasconde da qual~ no però;allora;// x // forse elvis guarda che tra tutti è il più probabile perché dicono che non si è mai visto il cadavere di elvis // // non;;;;;1;1;;;;;;;;;;1;;1;;;;;;;;;;;;0;;ERRORE DI TRASCRIZIONE. Non sento allora 
KPS025;#68587;doc#6;2020;https://search.corpuskiparla.it/corpus/player/player.cgi?code=KPS025&begin=1194230&end=1196075;1194230;1196075;KPS025;;0,023657407;libero;https://search.corpuskiparla.it/corpus/conversations/KPS025.html;https://search.corpuskiparla.it/corpus/conversations/KPS025_jefferson.html;;;;;no;simmetrico;;;3;pasto;c''è // di napoletani // poi dice che c''è pure la stagione di san martino // ma d''inverno loro sono aperti? // no // loro;allora;loro // ehm ottobre hanno ancora degli eventi quindi chiudi~ chiudono fine ottobre // poi // a dicembre vanno in vacanza;;;;;1;;;;;;;;;;;;;1;;;;;;;;;;;;1;;
PTB001;#82455;doc#10;2019;https://search.corpuskiparla.it/corpus/player/player.cgi?code=PTB001&begin=214460&end=220300;214460;220300;PTB001;;0,054074074;fisso;https://search.corpuskiparla.it/corpus/conversations/PTB001.html;https://search.corpuskiparla.it/corpus/conversations/PTB001_jefferson.html;;;;;sì;asimmetrico;;;3;intervista semistrutturata;linguistici eh come si esprime~ come ci si espirmeva a casa vostra okay? // okay // cominciamo con il signor mario //;allora;a casa mia eh erano particolarmente fino all''età di otto anni sette anni // si parlava dialetto pugliese // mh mh // // fra;;;;;1;;1;;;;;;;;;1;;;;;;;;;;;;;;0;;
PTB001;#85715;doc#10;2019;https://search.corpuskiparla.it/corpus/player/player.cgi?code=PTB001&begin=1081880&end=1083410;1081880;1083410;PTB001;;0,054074074;fisso;https://search.corpuskiparla.it/corpus/conversations/PTB001.html;https://search.corpuskiparla.it/corpus/conversations/PTB001_jefferson.html;;;;;sì;asimmetrico;;;3;intervista semistrutturata;le~ // mi fa lucio non preoccuparti // diglielo pure // vado lì // e gli ho detto ca~ // e mi fa // ti sei fatto male? // no // e;allora;il vestito ne facciamo un altro // ah // no // t''è andata bene // una persona proprio // e io appunto dall''età di otto anni e;1;;1;;;;;;;;;;;;;;;;;;;;;;;;;;;1;;
PTB001;#92040;doc#10;2019;https://search.corpuskiparla.it/corpus/player/player.cgi?code=PTB001&begin=2701418&end=2705418;2701418;2705418;PTB001;;0,054074074;fisso;https://search.corpuskiparla.it/corpus/conversations/PTB001.html;https://search.corpuskiparla.it/corpus/conversations/PTB001_jefferson.html;;;;;sì;asimmetrico;;;3;intervista semistrutturata;un paese c''erano una miriade di negozi // eh non x // adesso niente non c''è // adesso non c''è più niente // quella zona lì //;allora;corso belgio è divisa commercialmente per farti capire come funzionavano le cose // commercialmente corso belgio eh è;;;;;1;;;;;;;;;;;1;;1;1;;;;;;;;;;;0;;
PTB001;#93303;doc#10;2019;https://search.corpuskiparla.it/corpus/player/player.cgi?code=PTB001&begin=3030610&end=3033411;3030610;3033411;PTB001;;0,054074074;fisso;https://search.corpuskiparla.it/corpus/conversations/PTB001.html;https://search.corpuskiparla.it/corpus/conversations/PTB001_jefferson.html;;;;;sì;asimmetrico;;;3;intervista semistrutturata;di xxxx per la parità del quartiere // che lì // che aveva poi sempre le stesse persone // però comu~ // che lì abbiamo tolto;allora;le cinque stelle abbiamo messo // dei due fiumi // e noi abbiam l''abbiamo chiamato eh quartiere dei due fiumi // il po e la;1;1;1;;;;;;;;;;;;;;;;;;;;;;;;;;;1;;
TOA3013;#102680;doc#11;2019;https://search.corpuskiparla.it/corpus/player/player.cgi?code=TOA3013&begin=967093&end=969525;967093;969525;TOA3013;;0,804861111;libero;https://search.corpuskiparla.it/corpus/conversations/TOA3013.html;https://search.corpuskiparla.it/corpus/conversations/TOA3013_jefferson.html;;;;;no;simmetrico;;;4;conversazione libera;cioè cambia il programma si vede che // xxx // fai che ne so // fai un programma che accordi con il professore // lui ti dice;allora;dato che hai già fatto sociolinguistica // quindi magari hai già delle buone base // basi // dice xxxx // ti va se fac~ se;;;;;1;;;;;;;;;;;;;;;1;;;;;;;;;;0;;
PBA026;#110495;doc#13;2024;https://search.corpuskiparla.it/corpus/player/player.cgi?code=PBA026&begin=12008&end=12574;12008;12574;PBA026;;0,038854167;fisso;https://search.corpuskiparla.it/corpus/conversations/PBA026.html;https://search.corpuskiparla.it/corpus/conversations/PBA026_jefferson.html;;;;;sì;asimmetrico;;;2;intervista semistrutturata;l~ mh // ti va di dirmi in ch~ di di che zona di bologna sei? // da quanto tempo vivi qui? // cioè quando sei nato qui e mh //;allora;// se hai cambiato casa? // se hai v~ vissuto in altre zone della città? // io da quando mi son trasferito qua // a settembre;;;;;1;;1;;;;;;;;;;;;;;;1;;;;;;;;0;1;presa di turno del locutore di cui si riporta il discorso
PBA026;#113509;doc#13;2024;https://search.corpuskiparla.it/corpus/player/player.cgi?code=PBA026&begin=1202739&end=1205367;1202739;1205367;PBA026;;0,038854167;fisso;https://search.corpuskiparla.it/corpus/conversations/PBA026.html;https://search.corpuskiparla.it/corpus/conversations/PBA026_jefferson.html;;;;;sì;asimmetrico;;;2;intervista semistrutturata;// e mi ero interessato a agli elicotteri // ehm // volevo far la scuola per elicotterista // eh ma poi per un errore //;allora;per fare mh per prendere // i brevetti che sono le patenti da elicotterista // o da pilota di aerei // e devi fare una visita;;;;;1;;;;;;;;;;;1;;1;1;;;;;;;;;;;0;;
PBA029;#126093;doc#15;2024;https://search.corpuskiparla.it/corpus/player/player.cgi?code=PBA029&begin=362910&end=369300;362910;369300;PBA029;;0,035;fisso;https://search.corpuskiparla.it/corpus/conversations/PBA029.html;https://search.corpuskiparla.it/corpus/conversations/PBA029_jefferson.html;;;;;sì;asimmetrico;;;3;intervista semistrutturata;anche dal punto di vista di associazioni // eh eventi cose // c~ ve la state vivendo questa parte qua della città o? // zero;allora;zero da studentessa universitaria mai partecipato a cortei manifestazioni // zero sinceramente infatti son qui da;;;;;1;;;;;;;;;;;1;;;;;;;;;;;;;;1;1;Non so se sia una vera riformulazione. Mi sembra piuttosto una digressione, una interruzione del topic per creare conoscenza condivisa
PTB004;#135997;doc#16;2019;https://search.corpuskiparla.it/corpus/player/player.cgi?code=PTB004&begin=335233&end=336844;335233;336844;PTB004;;0,029872685;fisso;https://search.corpuskiparla.it/corpus/conversations/PTB004.html;https://search.corpuskiparla.it/corpus/conversations/PTB004_jefferson.html;;;;;sì;asimmetrico;;;3;intervista semistrutturata;e // quindi tu l~ praticamente // e io praticamente eh // non è che una giù impara solo quella cosa lì // c''è il telaio in casa;allora;// ero anche ero anche capace a fare la tessitura // ecerto // a preparare l''ordito che è una cosa molto importante perchè;1;;1;;;;;;;;;;;;;;;;;;;;;;;;;;;0;;
PTB004;#137686;doc#16;2019;https://search.corpuskiparla.it/corpus/player/player.cgi?code=PTB004&begin=864322&end=866732;864322;866732;PTB004;;0,029872685;fisso;https://search.corpuskiparla.it/corpus/conversations/PTB004.html;https://search.corpuskiparla.it/corpus/conversations/PTB004_jefferson.html;;;;;sì;asimmetrico;;;3;intervista semistrutturata;secondo il mio modo di vedere da ragazzina non lo so // come se la matematica quella era // e di lì non si sfugge // eh beh // e;allora;per me era una cosa // così // andavo sempre alla la~ la ma~ maestra mi mandava sempre alla lavagna a fare qualcosa // la;1;;1;;;;;;;;;;;;;;;;;;;;;;;;;;;0;;
PTB004;#139464;doc#16;2019;https://search.corpuskiparla.it/corpus/player/player.cgi?code=PTB004&begin=1444772&end=1447794;1444772;1447794;PTB004;;0,029872685;fisso;https://search.corpuskiparla.it/corpus/conversations/PTB004.html;https://search.corpuskiparla.it/corpus/conversations/PTB004_jefferson.html;;;;;sì;asimmetrico;;;3;intervista semistrutturata;fa il giro del paese la vigilia a sera // mhmh // una volta passavano anche i turchi // i turchi? // eh si chiamavano i turchi;allora;erano vestiti in un certo modo // e poi portavano dei sonagli che facevano un baccano tremendo // forse quello è per;1;1;;;;;;;;;;;;;;;;;;;;;;;;;;;;0;;
PTB004;#140391;doc#16;2019;https://search.corpuskiparla.it/corpus/player/player.cgi?code=PTB004&begin=1739235&end=1741346;1739235;1741346;PTB004;;0,029872685;fisso;https://search.corpuskiparla.it/corpus/conversations/PTB004.html;https://search.corpuskiparla.it/corpus/conversations/PTB004_jefferson.html;;;;;sì;asimmetrico;;;3;intervista semistrutturata;ultimi anni li avevano già portati un po'' a potenza // poi non so adesso // no lì c''è il comune adesso // mh // dove c''era // sì;allora;c''era sta banda musicale // però poi si faceva venire proprio i cantanti da fuori avevamo // a volte la musica lirica a;1;1;;;;;;;;;;;;;;;;;;;;;;;;;;;;0;;
PTB004;#141834;doc#16;2019;https://search.corpuskiparla.it/corpus/player/player.cgi?code=PTB004&begin=2211492&end=2214088;2211492;2214088;PTB004;;0,029872685;fisso;https://search.corpuskiparla.it/corpus/conversations/PTB004.html;https://search.corpuskiparla.it/corpus/conversations/PTB004_jefferson.html;;;;;sì;asimmetrico;;;3;intervista semistrutturata;invece di prendere i soldi ha preso le magliette // non aveva stoffa per fare le gonnelline a me e a mia sorella // mh //;allora;siccome portavano i costumi in paese // ah il costume // avevano sti gonnelloni lunghi arricciati arricciati // e;;;;;1;;;;;;;;;;;1;;;;;;;;;;;;;;0;;
PTB004;#142819;doc#16;2019;https://search.corpuskiparla.it/corpus/player/player.cgi?code=PTB004&begin=2546710&end=2548601;2546710;2548601;PTB004;;0,029872685;fisso;https://search.corpuskiparla.it/corpus/conversations/PTB004.html;https://search.corpuskiparla.it/corpus/conversations/PTB004_jefferson.html;;;;;sì;asimmetrico;;;3;intervista semistrutturata;partire il treno // poi arriva l''altoparlante e dice no il treno c~ per foggia // è stato spostato sull''altro binario //;allora;tutti a scendere e salire // veloce // allora chi è salito dai finestrini non si capiva niente niente niente niente;1;1;1;;;;;;;;;;;;;;;;;;;;;;;;;;;0;;
BOA1001;#146940;doc#18;2017/18;https://search.corpuskiparla.it/corpus/player/player.cgi?code=BOA1001&begin=54938&end=59123;54938;59123;BOA1001;;0,025925926;libero;https://search.corpuskiparla.it/corpus/conversations/BOA1001.html;https://search.corpuskiparla.it/corpus/conversations/BOA1001_jefferson.html;;;;;no;asimmetrico;;;2;ricevimento studenti;più che apre la tendina perah // eh per le prenotazioni // adesso lo diciamo di nuovo // dall'' altra parte invece è in blu //;allora;io ho provato ad aprire però mi dice che non è prenotabile nulla // ho controllato stamattina credo verso // le dieci le;;;;;1;;;;;;;;;;;1;;;;;;;;;;;;;;0;;
BOA1001;#147276;doc#18;2017/18;https://search.corpuskiparla.it/corpus/player/player.cgi?code=BOA1001&begin=164296&end=165010;164296;165010;BOA1001;;0,025925926;libero;https://search.corpuskiparla.it/corpus/conversations/BOA1001.html;https://search.corpuskiparla.it/corpus/conversations/BOA1001_jefferson.html;;;;;no;asimmetrico;;;2;ricevimento studenti;indicati // eh c'' è una percentuale ciè c'' è un sacco abbastanzamh più // è mh è un questionario rivolto a studenti? // mh;allora;// o ai docenti? // o~ ora ri~ritorno un attimino su no no ai ai docenti lei mi aveva detto // perché è // riepiloghiamo // sì;;;;;1;;1;;;;1;;;;;;;1;;;;;;;;;;;;0;;
BOA1001;#151423;doc#18;2017/18;https://search.corpuskiparla.it/corpus/player/player.cgi?code=BOA1001&begin=1736385&end=1739430;1736385;1739430;BOA1001;;0,025925926;libero;https://search.corpuskiparla.it/corpus/conversations/BOA1001.html;https://search.corpuskiparla.it/corpus/conversations/BOA1001_jefferson.html;;;;;no;asimmetrico;;;2;ricevimento studenti;lingua straniera nella lingua elle due // ma questo diventa un altro lavoro cioè // oppure con la morfologia verbale //;allora;allora cambiamo focus se è questo // mh // ehmh // perché co~ come faccio io questo mi chiedo come faccio io // a // ehmh //;1;;1;;;;;;;;;;;;;;;;;;;;;;;;;;;1;;
BOC1009;#153582;doc#19;2017/18;https://search.corpuskiparla.it/corpus/player/player.cgi?code=BOC1009&begin=362683&end=368566;362683;368566;BOC1009;;0,008576389;fisso;https://search.corpuskiparla.it/corpus/conversations/BOC1009.html;https://search.corpuskiparla.it/corpus/conversations/BOC1009_jefferson.html;;;;;sì;asimmetrico;;;2;esame;regole che eh // che condizionano il // eh il parlato // ehm // senta e come definiamo contesto? cos'' è un contesto? //;allora;il contesto è eh l'' insieme degli elementi extralinguistici che // condiziona eh // il un enuciato o comunque eh //;;;;;1;;1;;;;;;;;;;;;;;;1;;;;;;;;0;;
BOC1009;#153885;doc#19;2017/18;https://search.corpuskiparla.it/corpus/player/player.cgi?code=BOC1009&begin=499470&end=501852;499470;501852;BOC1009;;0,008576389;fisso;https://search.corpuskiparla.it/corpus/conversations/BOC1009.html;https://search.corpuskiparla.it/corpus/conversations/BOC1009_jefferson.html;;;;;sì;asimmetrico;;;2;esame;a cui xx // ecco lei ha letto anche il libro della bianchi // mh nella relevance theory come viene definito il contesto? //;allora;eh nella relevance // eh theory il contesto // è molto importante in quanto // è la fonte stessa dalla quale provengono;;;;;1;;1;;;;;;;;;;;;;;;1;;;;;;;;0;1;"Mi pare che allora in questa occorrenza e nella successiva segnali (i) la presa di turno in risposta a una domanda e (ii)  la presa di tempo da parte della parlante per richiamare info da impacchettare nella risposta. Sono indecisa rispetto ad una possibile funzione di gestione del topic. Il richiamo al topic ""contesto"" mi sembra essere presente, ma, più che dal SD in sé, mi pare che questa funzione sia data dalla dinamica domanda/risposta  (se do una risposta a una domanda mi aspetto che la risposta sia tematicamente coerente col topic della domanda, cf. massima di relazione di Grice). "
BOA1015;#176109;doc#26;2017/18;https://search.corpuskiparla.it/corpus/player/player.cgi?code=BOA1015&begin=325875&end=328551;325875;328551;BOA1015;;0,006377315;libero;https://search.corpuskiparla.it/corpus/conversations/BOA1015.html;https://search.corpuskiparla.it/corpus/conversations/BOA1015_jefferson.html;;;;;no;asimmetrico;;;2;ricevimento studenti;queste qui // mhmh // sì // sì sì sì sì sì // mhmhmh // okay perfetto sì // no // eh quindi niente quindi va bene // giovedì;allora;mi concentro soprattutto su // mhla lingua su alla fine l'' esperienza una riflessione finale diciamo // mhmh // sì può;1;;1;;;;;;;;;;;;;;;;;;;;;;;;;;;0;;
PBB015;#180883;doc#27;2022;https://search.corpuskiparla.it/corpus/player/player.cgi?code=PBB015&begin=1152304&end=1156516;1152304;1156516;PBB015;;0,015798611;fisso;https://search.corpuskiparla.it/corpus/conversations/PBB015.html;https://search.corpuskiparla.it/corpus/conversations/PBB015_jefferson.html;;;;;sì;asimmetrico;;;3;intervista semistrutturata;non // no cinque minuti io li ho ancora // sì io anche perchè cinque minuti devo scappare che devo andare in stazione // da~;allora;vi concludo con qualche domanda più mirata ancora sulla città // eh vabbè voi ve la vivete soprattutto immagino sopra un;1;;1;;;;;;;;;;;;;;;;;;;;;;;;;;;0;1;come 4, mi pare anche qui abbia valore conclusivo e riassuntivo
KPN027;#181973;doc#28;2020;https://search.corpuskiparla.it/corpus/player/player.cgi?code=KPN027&begin=106903&end=108737;106903;108737;KPN027;;0,01662037;libero;https://search.corpuskiparla.it/corpus/conversations/KPN027.html;https://search.corpuskiparla.it/corpus/conversations/KPN027_jefferson.html;;;;;no;simmetrico;;;2;pasto;// oh giorgia ma il tatuaggio é bellissimo // faccio eh grazie // // cosi gasatissima grazie grazie // // una bella serata;allora;dai // vi piace vi pi~? // niente allora // in realtà dovevamo iniziare a mangiare quasi subito // però questi miei due;;;;;1;;;;;;;;;;;;1;;;;;;;1;;;;;;0;;
KPN027;#182232;doc#28;2020;https://search.corpuskiparla.it/corpus/player/player.cgi?code=KPN027&begin=187974&end=189675;187974;189675;KPN027;;0,01662037;libero;https://search.corpuskiparla.it/corpus/conversations/KPN027.html;https://search.corpuskiparla.it/corpus/conversations/KPN027_jefferson.html;;;;;no;simmetrico;;;2;pasto;volta io se // non son da sola (ride // allora andiamo prendiamo da mangiare // tutto normale // xx poi vabbè // non c''era;allora;più che altro io // non bevo // mentre mangio bevo dopo // eh // invece dovevi bere piano piano // mentre che mangi // eh io;;;;;1;;;;;;;;;;;1;;;1;;;;;;;;;;;1;1;
KPN027;#183215;doc#28;2020;https://search.corpuskiparla.it/corpus/player/player.cgi?code=KPN027&begin=476186&end=476699;476186;476699;KPN027;;0,01662037;libero;https://search.corpuskiparla.it/corpus/conversations/KPN027.html;https://search.corpuskiparla.it/corpus/conversations/KPN027_jefferson.html;;;;;no;simmetrico;;;2;pasto;torta // perchè c''è // ma perchè ancora cioè // dovevano aprire anche la torta ? // eh la t~ eh // appunto // eh // allora sì //;allora;// sara ha detto ora facciamo un attimo la torta // facciamo le foto // mo te le faccio vedere le foto sono belle // eh belle;1;1;;;;;;;;;;;;;;;;;;;;;;;;;;;;1;1;E' una vera riformulazione?
KPN027;#183668;doc#28;2020;https://search.corpuskiparla.it/corpus/player/player.cgi?code=KPN027&begin=591860&end=592769;591860;592769;KPN027;;0,01662037;libero;https://search.corpuskiparla.it/corpus/conversations/KPN027.html;https://search.corpuskiparla.it/corpus/conversations/KPN027_jefferson.html;;;;;no;simmetrico;;;2;pasto;di marco // io sto con loro in macchina e marco // eh // porta // te l''anna federico e sara // eh // eh xx // così siamo a posto //;allora;niente // abbiamo fatto così // così sei stata fino a più tardi // e abbiamo // abbiamo fatto le foto // abbiam~ abbiamo;;;;;1;1;;;;;;;;;;1;1;;;;;;;;;;;;;0;;
KPN027;#185379;doc#28;2020;https://search.corpuskiparla.it/corpus/player/player.cgi?code=KPN027&begin=1050524&end=1052271;1050524;1052271;KPN027;;0,01662037;libero;https://search.corpuskiparla.it/corpus/conversations/KPN027.html;https://search.corpuskiparla.it/corpus/conversations/KPN027_jefferson.html;;;;;no;simmetrico;;;2;pasto;due ciondoli // ah // ne volevamo prendere uno // e io // intelligentemente // visto che sono intelligente ho detto;allora;// ne volevamo prendere uno con la // mh nota musicale // eh // faccio però un ciondolo così // visto che sappiamo // che;;;;;1;;;;;;;;;;;1;;1;;1;;;;;;;;;;1;1;non chiarissimo
KPN027;#186083;doc#28;2020;https://search.corpuskiparla.it/corpus/player/player.cgi?code=KPN027&begin=1243941&end=1244516;1243941;1244516;KPN027;;0,01662037;libero;https://search.corpuskiparla.it/corpus/conversations/KPN027.html;https://search.corpuskiparla.it/corpus/conversations/KPN027_jefferson.html;;;;;no;simmetrico;;;2;pasto;davanti sul cemento per ballare // io mi ero presa la borsa e me l''ero appoggiata lì // eh // ah c''è la torta c''è la torta //;allora;andiamo // oddio la borsa corro xx // di corsa // per la torta // sì perchè se no arrivavo in ritardo dovevo fare le foto così;;;;;1;;1;;;;;;;;;1;;;;1;;;;;;;;;;1;1;
BOA1018;#194537;doc#30;2017/18;https://search.corpuskiparla.it/corpus/player/player.cgi?code=BOA1018&begin=122088&end=126037;122088;126037;BOA1018;;0,005474537;libero;https://search.corpuskiparla.it/corpus/conversations/BOA1018.html;https://search.corpuskiparla.it/corpus/conversations/BOA1018_jefferson.html;;;;;no;asimmetrico;;;2;ricevimento studenti;crediti al primo anno più di sessanta crediti al secondo anno // al terzo anno si posso xx ulteriori crediti // noi //;allora;la legge ci dice che si possono mettere solo dal terzo nel terzo anno // però lascia alle università il compito di;;;;;1;;;;;;;;;;;1;;1;1;;;;;;;;;;;1;1;"Segna l'inizio del discorso riportato e viene usato dal locutore riportato per prendere il turno, ma mi sembra anche un po' analettico (è questo che intendo con gestione del topic), come se volesse dire  "" visto come è andata/visto cioò che ho detto/ visto ciò che è accaduto"". Forse potrebbe anche avere una sfumatura di marcatura della conoscenza condivisa o di inferenza (ma ci vado cauta)"
KPS021;#202458;doc#31;2020;https://search.corpuskiparla.it/corpus/player/player.cgi?code=KPS021&begin=2010886&end=2012160;2010886;2012160;KPS021;;0,037731481;libero;https://search.corpuskiparla.it/corpus/conversations/KPS021.html;https://search.corpuskiparla.it/corpus/conversations/KPS021_jefferson.html;;;;;no;simmetrico;;;3;pasto;sì perché era l''unico modo per farti uscire erano poveri? // ma // ma erano poveri // poveri assai sì // molto poveri // eh;allora;non lo so guarda // il padre faceva il venditore ambulante // allora non so // cioè lei poi si è creata l''impero // con mio;;;;;1;;;;;;;;;;;;;;;;;;;1;;;;;;1;;
KPN023;#240437;doc#35;2020;https://search.corpuskiparla.it/corpus/player/player.cgi?code=KPN023&begin=1839990&end=1845270;1839990;1845270;KPN023;;0,027025463;libero;https://search.corpuskiparla.it/corpus/conversations/KPN023.html;https://search.corpuskiparla.it/corpus/conversations/KPN023_jefferson.html;;;;;no;simmetrico;;;4;pasto;amici hanno lezione di sabato io non so che // xx // ma quest''anno perchè è così o // no no sempre stato così // secondo me;allora;giurisprudenza perchè fa parte di giurisprudenza fanno lezione anche // eh uno è proprio a padova non so se sia na roba di;;;;;1;;;;;;;;;;;1;;1;;;;;;;;;;;;0;;
BOC1004;#242509;doc#36;2017/18;https://search.corpuskiparla.it/corpus/player/player.cgi?code=BOC1004&begin=45720&end=47230;45720;47230;BOC1004;;0,013923611;fisso;https://search.corpuskiparla.it/corpus/conversations/BOC1004.html;https://search.corpuskiparla.it/corpus/conversations/BOC1004_jefferson.html;;;;;sì;asimmetrico;;;2;esame;fa e poi gliel'' ho reinoltrato // ah ma povero ha ragione // per la richiesta di // xxx è capitato in un momento xxxx //;allora;avevo fatto // ho cambiato perché avevo già xx avevo fatto ho cambiato e ho fatto sul decadentismo letterario // mh mh //;;;;;;;;;;;;;;;;;;;;;;;;;;;;;;1;;
BOC1004;#245820;doc#36;2017/18;https://search.corpuskiparla.it/corpus/player/player.cgi?code=BOC1004&begin=1182150&end=1183760;1182150;1183760;BOC1004;;0,013923611;fisso;https://search.corpuskiparla.it/corpus/conversations/BOC1004.html;https://search.corpuskiparla.it/corpus/conversations/BOC1004_jefferson.html;;;;;sì;asimmetrico;;;2;esame;scopo di // selezionare molto di più leh // ileh raggio e tagliare il più possibile // va bene // poi apunto magari xxxx //;allora;io le darei un ventidue // capito // eh s~ // e le consiglierei di prenderlo // sì lo verbalizzo // fxxxxxx proprio // nel;;;;;1;;;;;;;;;;;;;1;;;;;;;;;;;;0;;non capisco audio
TOD2007;#246109;doc#37;2017/18;https://search.corpuskiparla.it/corpus/player/player.cgi?code=TOD2007&begin=81340&end=82569;81340;82569;TOD2007;;0,021076389;fisso;https://search.corpuskiparla.it/corpus/conversations/TOD2007.html;https://search.corpuskiparla.it/corpus/conversations/TOD2007_jefferson.html;;;;;sì;simmetrico;;;2;intervista semistrutturata;// e cosa vorresti fare da grande? // eh da grande bella domanda // io sarei un po'' // sono un po'' indecisa // okay // perché;allora;// fino all'' anno scorso // mi piaceva tantissimo il lavoro del revisore // okay // che sarebbe praticamente quel;;;;;1;;;;;;;;;;;1;;1;;;;;;;;;;;;0;1;mi sembra che faccia anche un'operazione cognitiva di sintesi, o meglio wrap up,  di riportarsi all hinc et nunc, uscire dalla divagazione e venire al dunque e arrivare al raggiungimento dello scopo dello scambio communicativo (dare un voto all esame). L'ho annotata come marcatura dell'inferenza ma non è propriamente la stessa cosa
TOD2007;#246324;doc#37;2017/18;https://search.corpuskiparla.it/corpus/player/player.cgi?code=TOD2007&begin=153909&end=160861;153909;160861;TOD2007;;0,021076389;fisso;https://search.corpuskiparla.it/corpus/conversations/TOD2007.html;https://search.corpuskiparla.it/corpus/conversations/TOD2007_jefferson.html;;;;;sì;simmetrico;;;2;intervista semistrutturata;// okay // oppure proprio // gestione finanziaria all'' interno dell'' azienda // mh // solo che consulenza sarebbe o;allora;innanzi tutto io non voglio mettermi da sola cioè non voglio lavorare autonomamente // ma mi piacerebbe andare in un'';;;;;1;;;;;;;;;;;1;;1;;;;;;;;;;;;1;;
TOD2007;#246369;doc#37;2017/18;https://search.corpuskiparla.it/corpus/player/player.cgi?code=TOD2007&begin=169122&end=172244;169122;172244;TOD2007;;0,021076389;fisso;https://search.corpuskiparla.it/corpus/conversations/TOD2007.html;https://search.corpuskiparla.it/corpus/conversations/TOD2007_jefferson.html;;;;;sì;simmetrico;;;2;intervista semistrutturata;impresa // o in una delle quattro grandi imprese di consulenza revisione che ci sono al mondo // e dove sono? // che sono;allora;ci sono di tutte e quattro c'' è la sede a torino // okay // quindi sarebbe anche fattibile // mh // ehperò di~ ogni tanto ti;;;;;1;;;;;;;;;;;;;1;;;;;;;;;;;;1;;
TOD2007;#246652;doc#37;2017/18;https://search.corpuskiparla.it/corpus/player/player.cgi?code=TOD2007&begin=248072&end=251173;248072;251173;TOD2007;;0,021076389;fisso;https://search.corpuskiparla.it/corpus/conversations/TOD2007.html;https://search.corpuskiparla.it/corpus/conversations/TOD2007_jefferson.html;;;;;sì;simmetrico;;;2;intervista semistrutturata;poi piacere in un futuro // perché se scopro che // ma a te piacerebbe andare a vivere all'' estero o o restare a torino? //;allora;a me piacerebbe tantissimo trovare un lavoro // in italia // tipo a torino mi andrebbe bene perché è una città che mi piace;;;;;1;;;;;;;;;;;;;1;;;;;;;;;;;;0;;
TOD2007;#247507;doc#37;2017/18;https://search.corpuskiparla.it/corpus/player/player.cgi?code=TOD2007&begin=499613&end=501867;499613;501867;TOD2007;;0,021076389;fisso;https://search.corpuskiparla.it/corpus/conversations/TOD2007.html;https://search.corpuskiparla.it/corpus/conversations/TOD2007_jefferson.html;;;;;sì;simmetrico;;;2;intervista semistrutturata;che vorresti fare // ne avesse la possibilità adesso in questo momento nella tua vita // eh allora ce ne sono tanti //;allora;io vorrei andare di sicuro in giappone // okay // perché ho visto dei video su youtube // e tolta tokyo che vabbè è la;;;;;1;;;;;;;;;;;;;1;;;;;;;;;;;;0;;
TOD2007;#247775;doc#37;2017/18;https://search.corpuskiparla.it/corpus/player/player.cgi?code=TOD2007&begin=579622&end=580642;579622;580642;TOD2007;;0,021076389;fisso;https://search.corpuskiparla.it/corpus/conversations/TOD2007.html;https://search.corpuskiparla.it/corpus/conversations/TOD2007_jefferson.html;;;;;sì;simmetrico;;;2;intervista semistrutturata;e girarteli // deve essere una esperienza top top top // sì // però // ma li faresti mai da sola viaggi di questo tipo o // ma;allora;// mhda sola da sola no // okay // forse avrei un po'' paura di partire non sono molto intraprendente nel nel viaggiare // mh;;;;;1;;;;;;;;;;;;;1;;;;;;;;;;;;0;1;Anche qui mi sembra abbia la funzione dei due punti (esplicitatore), ma non saprei come annotarla
PTB025;#265951;doc#39;2019;https://search.corpuskiparla.it/corpus/player/player.cgi?code=PTB025&begin=20339&end=26628;20339;26628;PTB025;;0,0484375;fisso;https://search.corpuskiparla.it/corpus/conversations/PTB025.html;https://search.corpuskiparla.it/corpus/conversations/PTB025_jefferson.html;;;;;sì;asimmetrico;;;4;intervista semistrutturata;// però come dico per loro è forse quasi un gioco no? // eh eh // è un gio~ lo capi~ cioè cioè alle volte // ma lo capi~ // sì pro~;allora;provano a tradurre a vedere se evidentemente hanno capito proprio no non sembra però // // // ma io traduco xx // poche;1;1;;;;;;;;;;;;;;;;;;;;;;;;;;;;0;;
PTB025;#266920;doc#39;2019;https://search.corpuskiparla.it/corpus/player/player.cgi?code=PTB025&begin=359906&end=361113;359906;361113;PTB025;;0,0484375;fisso;https://search.corpuskiparla.it/corpus/conversations/PTB025.html;https://search.corpuskiparla.it/corpus/conversations/PTB025_jefferson.html;;;;;sì;asimmetrico;;;4;intervista semistrutturata;il dialetto // lingua io ho detto italiano // eh eh io ho messo italiano eh // come come // mh // come volete // anche lui;allora;// eh no è nato città e provincia di nascita dunque papà è nato // a castell''alfero // parla a casa sua dialetto? sì // //;;;;;1;;;;;;;;;;;;;;;;;;;1;;;;;;0;;
PTB025;#267612;doc#39;2019;https://search.corpuskiparla.it/corpus/player/player.cgi?code=PTB025&begin=563054&end=564384;563054;564384;PTB025;;0,0484375;fisso;https://search.corpuskiparla.it/corpus/conversations/PTB025.html;https://search.corpuskiparla.it/corpus/conversations/PTB025_jefferson.html;;;;;sì;asimmetrico;;;4;intervista semistrutturata;// noi xx sì da un anno // // prima ancora // anche prima // anche pri~ // da un eh // allora parla tu che parlo io // // no no;allora;// // noi siam venuti qui // noi ci siam sposati nel settant~ // no ma tu ma tu d~ ma da sempre // no // ah da da sempre allora;;;;;1;;1;;;;;;;;;;;1;;;;;;;;;;;;0;1;non sono sicura sia un vero SD, perché mi pare molto simile a quella che nel gradit viene chiamata cong. con valore conclusivo (lo fa per allora, per quindi e per dunque). Mi sembra però contribuisca a marcare l'inferenza e a chiudere il turno. 
PTB025;#267664;doc#39;2019;https://search.corpuskiparla.it/corpus/player/player.cgi?code=PTB025&begin=576176&end=579448;576176;579448;PTB025;;0,0484375;fisso;https://search.corpuskiparla.it/corpus/conversations/PTB025.html;https://search.corpuskiparla.it/corpus/conversations/PTB025_jefferson.html;;;;;sì;asimmetrico;;;4;intervista semistrutturata;no // ah da da sempre allora vabbè // eh xxxxxx // con calma con calma // volete sapere dall''inizio? // sì // esatto // sì //;allora;io son nato a passerano nel quarantotto // xxx // okay // nel cinquantatré i miei sono venuti a torino // però stavamo nel;;;;;1;;;;;;;;;;;;;1;;;;;;;;;;;;1;;
PTB025;#267906;doc#39;2019;https://search.corpuskiparla.it/corpus/player/player.cgi?code=PTB025&begin=666171&end=671816;666171;671816;PTB025;;0,0484375;fisso;https://search.corpuskiparla.it/corpus/conversations/PTB025.html;https://search.corpuskiparla.it/corpus/conversations/PTB025_jefferson.html;;;;;sì;asimmetrico;;;4;intervista semistrutturata;// avevo anche partecipato nel novantasette son andato anche in finale al torino film festival eh // ah // ah // e allora e;allora;continuo a fre~ frequentare un %cineclub al mercoledì // e un cineforum al venerdì // quindi io ho tutto u~ un gruppo di di;1;1;1;;;;;;;;;;;;;;;;;;;;;;;;;;;0;;
PTB025;#268359;doc#39;2019;https://search.corpuskiparla.it/corpus/player/player.cgi?code=PTB025&begin=814612&end=822644;814612;822644;PTB025;;0,0484375;fisso;https://search.corpuskiparla.it/corpus/conversations/PTB025.html;https://search.corpuskiparla.it/corpus/conversations/PTB025_jefferson.html;;;;;sì;asimmetrico;;;4;intervista semistrutturata;via ricasoli // mh mh // e lì fino al pensionamento // // // per cui è s~ questa zona è la zona anche di lavoro // mh mh mh mh // e;allora;si co~ ci son~ ci mh sono maggiori rapporti magari conosci che so le madri dei tuoi alunni i tuoi alunni che magari non;1;;1;;;;;;;;;;;;;;;;;;;;;;;;;;;0;;
PTB025;#271538;doc#39;2019;https://search.corpuskiparla.it/corpus/player/player.cgi?code=PTB025&begin=1849422&end=1852486;1849422;1852486;PTB025;;0,0484375;fisso;https://search.corpuskiparla.it/corpus/conversations/PTB025.html;https://search.corpuskiparla.it/corpus/conversations/PTB025_jefferson.html;;;;;sì;asimmetrico;;;4;intervista semistrutturata;// mh una frazione isolata per cui // eravamo quattro gatti insomma per modo di dire // // e e quindi lì c''è io allo~;allora;sembra // assurdo ma era così // ci accendevamo la stufa // // no? quindi // al mattino magari arrivava la mamma;1;1;;;;;;;;;;;;;;;;;;;;;;;;;;;;0;;
PTB025;#272230;doc#39;2019;https://search.corpuskiparla.it/corpus/player/player.cgi?code=PTB025&begin=2084444&end=2095521;2084444;2095521;PTB025;;0,0484375;fisso;https://search.corpuskiparla.it/corpus/conversations/PTB025.html;https://search.corpuskiparla.it/corpus/conversations/PTB025_jefferson.html;;;;;sì;asimmetrico;;;4;intervista semistrutturata;male // allora cosa succede // che passando gli anni poi c''è stato il progetto di aiuto delle periferie eccetera e;allora;facendo dei centri di aggregazione che poi s~ anche sono la biblioteca o // che le adatti poi a fare altre cose o posti // eh;1;;1;;;;;;;;;;;;;;;;;;;;;;;;;;;0;;
PTB025;#274178;doc#39;2019;https://search.corpuskiparla.it/corpus/player/player.cgi?code=PTB025&begin=2720043&end=2720355;2720043;2720355;PTB025;;0,0484375;fisso;https://search.corpuskiparla.it/corpus/conversations/PTB025.html;https://search.corpuskiparla.it/corpus/conversations/PTB025_jefferson.html;;;;;sì;asimmetrico;;;4;intervista semistrutturata;siete andati in pensione cosa cosa avete iniziato a fare avete avuto più tempo a cosa vi siete dedicati // #xxx mi //;allora;// allora f~ comincia tu perché ah x abbiamo cominciato // #no di ti // // allora niente io sono andata in pensione cioè io;;;;;;;;;;;;;;;;;;;;;;;;;;;;;;0;;
PTB025;#274220;doc#39;2019;https://search.corpuskiparla.it/corpus/player/player.cgi?code=PTB025&begin=2730294&end=2730605;2730294;2730605;PTB025;;0,0484375;fisso;https://search.corpuskiparla.it/corpus/conversations/PTB025.html;https://search.corpuskiparla.it/corpus/conversations/PTB025_jefferson.html;;;;;sì;asimmetrico;;;4;intervista semistrutturata;io sono andata in pensione cioè io avrei conti~ av~ cioè avrei continuato nel senso che // precedenze // a volte mh //;allora;// io // per mio conto avrei dovuto andare in pensione due anni prima // mh mh // eh poi invece cioè diciamo quando uno ha //;;;;;1;;;;;;;;;;;1;;1;;;;;;;;;;;;0;;non si sente allora in corrispondenza dell'occorrenza trascritta
PTB025;#275789;doc#39;2019;https://search.corpuskiparla.it/corpus/player/player.cgi?code=PTB025&begin=3223173&end=3224377;3223173;3224377;PTB025;;0,0484375;fisso;https://search.corpuskiparla.it/corpus/conversations/PTB025.html;https://search.corpuskiparla.it/corpus/conversations/PTB025_jefferson.html;;;;;sì;asimmetrico;;;4;intervista semistrutturata;x // poi vacanze romane ho fatto audrey hepburn // // poi poi x allora il mio scopo è ques~ questo me lo sono inventato io //;allora;parliamo // del~ dell''attore // certo eh dal punto di vista del suo lavoro // ma a me interessa che venga fuori la persona;;;;;1;;;;;;;;;;;1;;1;;;;;;;;;;;;1;;
PTB025;#275952;doc#39;2019;https://search.corpuskiparla.it/corpus/player/player.cgi?code=PTB025&begin=3278664&end=3279225;3278664;3279225;PTB025;;0,0484375;fisso;https://search.corpuskiparla.it/corpus/conversations/PTB025.html;https://search.corpuskiparla.it/corpus/conversations/PTB025_jefferson.html;;;;;sì;asimmetrico;;;4;intervista semistrutturata;sono // a loro piace insomma // mh mh mh mh // beh quindi vi mantenete molto in attività direi eh? // xx // sì sì // sì molto //;allora;// // la x // io purtroppo cioè ho ho tutto l''ambaradanmh // della casa per cui quello non sembra ma // no no sembra sembra //;;;;;1;;1;;;;;;;;;;;1;;;;;;;;;;;;1;;
PTB025;#277315;doc#39;2019;https://search.corpuskiparla.it/corpus/player/player.cgi?code=PTB025&begin=3697981&end=3700950;3697981;3700950;PTB025;;0,0484375;fisso;https://search.corpuskiparla.it/corpus/conversations/PTB025.html;https://search.corpuskiparla.it/corpus/conversations/PTB025_jefferson.html;;;;;sì;asimmetrico;;;4;intervista semistrutturata;// // sì sì sì // // // volevo far le far le riprese xx so andato sopra // ho ho fatto mh minimo perché // quando è così // c''è un;allora;il ponte non è fermo // m~ m~ // eh sì // eh sì xx // ma una roba // ma con con un rumore che ti spaventa // eh quindi quindi no no ah;;;;;1;;;;;;;;;;;1;;1;;;;;;;;;;;;1;;
PTB025;#277398;doc#39;2019;https://search.corpuskiparla.it/corpus/player/player.cgi?code=PTB025&begin=3721244&end=3721775;3721244;3721775;PTB025;;0,0484375;fisso;https://search.corpuskiparla.it/corpus/conversations/PTB025.html;https://search.corpuskiparla.it/corpus/conversations/PTB025_jefferson.html;;;;;sì;asimmetrico;;;4;intervista semistrutturata;tutto col drone que quelle situazioni lì // eh eh eh // #des~ eh c~ il drone saría a j''è co na bela ah cul drone // // ma eh sì //;allora;// diciamo una cosa // io // per dire in brevissimo // io per un filmato mio // credo alla tecnica per forza uso // ma al venti;;;;;1;;;;;;;;;;;;;1;;;;;;;;;;;;1;;
TOD1008;#281374;doc#40;2019;https://search.corpuskiparla.it/corpus/player/player.cgi?code=TOD1008&begin=1022291&end=1024951;1022291;1024951;TOD1008;;0,065162037;fisso;https://search.corpuskiparla.it/corpus/conversations/TOD1008.html;https://search.corpuskiparla.it/corpus/conversations/TOD1008_jefferson.html;;;;;no;asimmetrico;;;1;lezione;un po'' rude // perché non ci sono le // eh // le notazion~ le mar~ la marca tipografica // che poi piano piano emergerà //;allora;se noi torniamo al nostro tremilacentonovantacinque // leggiamo // francisci // petrarchae // laureati poetae //;;;;;1;;;;;;;;;;;1;;;;;;;;;;;;;;0;;
TOD1008;#283812;doc#40;2019;https://search.corpuskiparla.it/corpus/player/player.cgi?code=TOD1008&begin=1941227&end=1941657;1941227;1941657;TOD1008;;0,065162037;fisso;https://search.corpuskiparla.it/corpus/conversations/TOD1008.html;https://search.corpuskiparla.it/corpus/conversations/TOD1008_jefferson.html;;;;;no;asimmetrico;;;1;lezione;po'' in dubbio // e come si fa a revocare in dubbio // non dire secondo me non è esistita // ma // studiare i documenti // ehm //;allora;// questo è l'' obiettivo // // risultati dell'' apprendimento attesi che corrispondono a quello che dovrete fare // aver;;;;;1;;;;;;;;;;;;;1;;;;;;;;;;;;0;;
TOD1008;#289924;doc#40;2019;https://search.corpuskiparla.it/corpus/player/player.cgi?code=TOD1008&begin=4523865&end=4524531;4523865;4524531;TOD1008;;0,065162037;fisso;https://search.corpuskiparla.it/corpus/conversations/TOD1008.html;https://search.corpuskiparla.it/corpus/conversations/TOD1008_jefferson.html;;;;;no;asimmetrico;;;1;lezione;non possiamo dire sonetti perché // que~ il terzo non è un sonetto // da nove // a dodici // nove dieci undici dodici //;allora;// qual è il problema // con petrarca ricominciamo con dante // quando io apro la divina commedia // so sempre dove mi;;;;;1;;;;;;;;;1;;1;;1;;;;;;;;;;;;0;;
TOD1008;#292048;doc#40;2019;https://search.corpuskiparla.it/corpus/player/player.cgi?code=TOD1008&begin=5412800&end=5415587;5412800;5415587;TOD1008;;0,065162037;fisso;https://search.corpuskiparla.it/corpus/conversations/TOD1008.html;https://search.corpuskiparla.it/corpus/conversations/TOD1008_jefferson.html;;;;;no;asimmetrico;;;1;lezione;// basandosi sulla rima celati velati // cioè finché io tenevo i miei pensieri celati // i miei pensieri amorogi celati;allora;tu potevi // mostrarmi il tuo volto // da quando amore ti ha resa accorta di me // cioè ti ha disvelato i miei pensieri //;1;1;;;;;;;;;;;;;;;;;;;;;;;;;;;;1;;
TOD1008;#292075;doc#40;2019;https://search.corpuskiparla.it/corpus/player/player.cgi?code=TOD1008&begin=5424094&end=5424867;5424094;5424867;TOD1008;;0,065162037;fisso;https://search.corpuskiparla.it/corpus/conversations/TOD1008.html;https://search.corpuskiparla.it/corpus/conversations/TOD1008_jefferson.html;;;;;no;asimmetrico;;;1;lezione;tu potevi // mostrarmi il tuo volto // da quando amore ti ha resa accorta di me // cioè ti ha disvelato i miei pensieri //;allora;// i tuoi capelli e i tuoi occhi sono stati velati // c'' è questo velo che cala sulla donna // nascondendo per sempre // eh //;1;1;;;;;;;;;;;;;;;;;;;;;;;;;;;;0;;
KPC011;#294870;doc#41;2024;https://search.corpuskiparla.it/corpus/player/player.cgi?code=KPC011&begin=857805&end=858540;857805;858540;KPC011;;0,035740741;libero;https://search.corpuskiparla.it/corpus/conversations/KPC011.html;https://search.corpuskiparla.it/corpus/conversations/KPC011_jefferson.html;;;;;no;simmetrico;;;3;pasto;voglia poi per friggere in particolare eh // // mh // bello x col sole così // nonna fallo te // ecco brava // scusa eh // ma;allora;// // // t''è rimasta un po'' de rauca // con questo covid xxx // no // perché parla mentre mangia // // // e non si dovrebbe // eh;;;;;;;;;;;;;;;;;;;;;;;;;;;;;;0;;
KPC011;#298704;doc#41;2024;https://search.corpuskiparla.it/corpus/player/player.cgi?code=KPC011&begin=2155740&end=2157275;2155740;2157275;KPC011;;0,035740741;libero;https://search.corpuskiparla.it/corpus/conversations/KPC011.html;https://search.corpuskiparla.it/corpus/conversations/KPC011_jefferson.html;;;;;no;simmetrico;;;3;pasto;con una speccina d''aglio // con l''aglio // eh già // e dopo li butti nella pasta // diciamo xxxxxx // più gusto // sì sì //;allora;dai li piglio ci provo // te li do sì te li do // ci se prova a me me piacciono i funghi // ecco // addirittura quando son;;;;;1;1;;;;;;;;;;;1;;;;;;;;;;;;;0;;discrepanza audio trascrizione. non mi sembra dica allora o comunque non si capisce cosa dice
KPC011;#301136;doc#41;2024;https://search.corpuskiparla.it/corpus/player/player.cgi?code=KPC011&begin=2873875&end=2876895;2873875;2876895;KPC011;;0,035740741;libero;https://search.corpuskiparla.it/corpus/conversations/KPC011.html;https://search.corpuskiparla.it/corpus/conversations/KPC011_jefferson.html;;;;;no;simmetrico;;;3;pasto;// che non contiene coloranti // aromi artificiali o conservanti // toh // se non contiene // tiene conservanti;allora;però c''ha la data de scadenza // sa che l''hai tagliata // l''ho tagliata // mh // eh se no guardi quando scadono quell''altri;1;;1;;;;;;;;;;;;;;;;;;;;;;;;;;;0;1;"chiusura nel senso di ""alla luce di quello che si è detto"""
KPN024;#308892;doc#42;2020;https://search.corpuskiparla.it/corpus/player/player.cgi?code=KPN024&begin=2720202&end=2721770;2720202;2721770;KPN024;;0,032916667;libero;https://search.corpuskiparla.it/corpus/conversations/KPN024.html;https://search.corpuskiparla.it/corpus/conversations/KPN024_jefferson.html;;;;;no;simmetrico;;;2;pasto;adoro // ma ci saranno ti giuro almeno centomila donne là dentro eh // ti amo // cioè t~ una più gallina dell''altra poi // //;allora;una scrive un post // e poi sono tutte attive cioè tutte commentano tutte scrivono tutte mettono mi piace // la media;;;;;1;;;;;;;;;;;1;;;;;;;;;;;;;;0;;
KPN024;#309189;doc#42;2020;https://search.corpuskiparla.it/corpus/player/player.cgi?code=KPN024&begin=2828720&end=2832360;2828720;2832360;KPN024;;0,032916667;libero;https://search.corpuskiparla.it/corpus/conversations/KPN024.html;https://search.corpuskiparla.it/corpus/conversations/KPN024_jefferson.html;;;;;no;simmetrico;;;2;pasto;sei euro // perchè se è già sono quattro e settanta in teoria se è tre // perchè lo il tramezzino è uno e settanta //;allora;adesso vado dentro pago che mi tengo anche i tuoi soldi poi ti do il resto // vai tranquilla // sì sì sì // ciao manu // cosa;;;;;1;;;;;;;;;;;1;;;;;;;;;;;;;;0;;
PBB010;#323336;doc#45;2022;https://search.corpuskiparla.it/corpus/player/player.cgi?code=PBB010&begin=903465&end=908433;903465;908433;PBB010;;0,021851852;fisso;https://search.corpuskiparla.it/corpus/conversations/PBB010.html;https://search.corpuskiparla.it/corpus/conversations/PBB010_jefferson.html;;;;;sì;asimmetrico;;;2;intervista semistrutturata;il lavoro che fai adesso // pensi che // bologna sia // un buon posto comunque per lavorare // anche se mi hai detto che //;allora;bologna è u~ è un posto è un posto buono per lavorare eh // mh sì sì sì no xxx // bologna sì sì // no esatto // però eh io;;;;;1;;1;;;;;;;;;;;1;;;;;;;;;;;;0;;
PBB010;#323551;doc#45;2022;https://search.corpuskiparla.it/corpus/player/player.cgi?code=PBB010&begin=976916&end=982855;976916;982855;PBB010;;0,021851852;fisso;https://search.corpuskiparla.it/corpus/conversations/PBB010.html;https://search.corpuskiparla.it/corpus/conversations/PBB010_jefferson.html;;;;;sì;asimmetrico;;;2;intervista semistrutturata;anche sul catering sarebbe eh servizio alla francese // mhmh // sempre duemilad~ per sei mesi // ho lavorato lì // sì //;allora;lo sai cosa mi piace il lavoro che faccio perchè sei sempre comunicata con la gente sei sempre in mezzo alla gente // sì //;;;;;1;;;;;;;;;;;1;;1;;;;;;;;;;;;1;;
PBB010;#324871;doc#45;2022;https://search.corpuskiparla.it/corpus/player/player.cgi?code=PBB010&begin=1404797&end=1405379;1404797;1405379;PBB010;;0,021851852;fisso;https://search.corpuskiparla.it/corpus/conversations/PBB010.html;https://search.corpuskiparla.it/corpus/conversations/PBB010_jefferson.html;;;;;sì;asimmetrico;;;2;intervista semistrutturata;insomma // hai notato anche qui qualcosa che è cambiato nelle persone cioè più che nella città // eh certo beh oh //;allora;// la gente ha visto tra mh // cioè // tra di noi adesso io sinceramente da parte mia non ho questo terrorismo non ho questa;;;;;1;;;;;;;;;;;;;1;;;;1;;;;;;;;1;;Parlante NON NATIVA (credo venezuelana) ma usa il DS in maniera adeguata
PBB010;#325894;doc#45;2022;https://search.corpuskiparla.it/corpus/player/player.cgi?code=PBB010&begin=1756351&end=1759675;1756351;1759675;PBB010;;0,021851852;fisso;https://search.corpuskiparla.it/corpus/conversations/PBB010.html;https://search.corpuskiparla.it/corpus/conversations/PBB010_jefferson.html;;;;;sì;asimmetrico;;;2;intervista semistrutturata;quella fatica sì sì // mamma mia guarda // e invece durante il tuo tempo libero che cosa fai cioè quando non lavori non so //;allora;quando non lavoro // quando lavoro allora mi faccio una camminata xxx le mie amiche si va a fare la // mhmh // si va a fare un;;;;;1;;;;;;;;;;;;;1;;;;1;;;;;;;;0;;Parlante NON NATIVA (credo enezuelana) ma usa il DS in maniera adeguata
PBA015;#331425;doc#47;2023;https://search.corpuskiparla.it/corpus/player/player.cgi?code=PBA015&begin=860&end=2055;860;2055;PBA015;;0,016990741;fisso;https://search.corpuskiparla.it/corpus/conversations/PBA015.html;https://search.corpuskiparla.it/corpus/conversations/PBA015_jefferson.html;;;;;sì;asimmetrico;;;2;intervista semistrutturata;sì dai adesso devo guardare i costumi da calzedonia c'' ho da fare // ventisette minuti perfetto // saluta ciao // ciao //;allora;incominciamo // eh // dimmi prima in che zona di bologna vivi // eh quartiere navile vicino all''ospedale maggiore //;;;;;1;;1;;;;;;;;;1;;;;;;;;;;;;;;0;;Parlante NON NATIVA (credo enezuelana) ma usa il DS in maniera adeguata
PBA015;#334060;doc#47;2023;https://search.corpuskiparla.it/corpus/player/player.cgi?code=PBA015&begin=849256&end=850755;849256;850755;PBA015;;0,016990741;fisso;https://search.corpuskiparla.it/corpus/conversations/PBA015.html;https://search.corpuskiparla.it/corpus/conversations/PBA015_jefferson.html;;;;;sì;asimmetrico;;;2;intervista semistrutturata;patente // quindi sto facendo tre milioni di guide // molto bene // ah okay okay // a proposito com''è guidare a bologna? //;allora;per ora ne ho fatte poche // perché col fatto che c''era l''estate sono andata via // ne ho fatte tipo quattro // mhmh // e e;;;;;1;;1;;;;;;;;;1;;;;;;;;;;;;;;1;;
BOC1006;#338541;doc#49;2017/18;https://search.corpuskiparla.it/corpus/player/player.cgi?code=BOC1006&begin=112830&end=114644;112830;114644;BOC1006;;0,015972222;fisso;https://search.corpuskiparla.it/corpus/conversations/BOC1006.html;https://search.corpuskiparla.it/corpus/conversations/BOC1006_jefferson.html;;;;;sì;asimmetrico;;;2;esame;appunto l'' intercomprensione // e l'' analisi di appunto di galanet e di euron cinque // mh bene parliamo di questo;allora;// sì // allora // per quanto riguarda gli approcci appunto plurali // possiamo appunto abbiamo appunto la // eh l'';;;;;1;;;;;;;1;;;;;;;;;;;;1;;;;;;1;;
BOC1006;#338969;doc#49;2017/18;https://search.corpuskiparla.it/corpus/player/player.cgi?code=BOC1006&begin=260570&end=267840;260570;267840;BOC1006;;0,015972222;fisso;https://search.corpuskiparla.it/corpus/conversations/BOC1006.html;https://search.corpuskiparla.it/corpus/conversations/BOC1006_jefferson.html;;;;;sì;asimmetrico;;;2;esame;intercomprensione // sì // su che cosa si basa? // e allora eh per quanto riguarda appunto l'' intercomprensione // emh //;allora;abbiamo appunto abbiamo visto noi abbiamo appunto in particolare analizzato appunto galanet ed euron quattro e;;;;;1;;;;;;;;;;;;;;;;;1;;;;;;;;1;1;Può essere analettico rispetto al referente menzionato dall'interlocutore nel turno precedente o anche rispetto all'atto illocutivo di questo turno (rispondi a questa domanda)?
BOC1006;#340276;doc#49;2017/18;https://search.corpuskiparla.it/corpus/player/player.cgi?code=BOC1006&begin=656020&end=661331;656020;661331;BOC1006;;0,015972222;fisso;https://search.corpuskiparla.it/corpus/conversations/BOC1006.html;https://search.corpuskiparla.it/corpus/conversations/BOC1006_jefferson.html;;;;;sì;asimmetrico;;;2;esame;una domanda dove ti chiedo di riflettere // sì // eh // beh ehmh // oddio // ehmh // nonnon so se ho capito bene la domanda //;allora;nei ndiciamo è anche una critica forse che possiamo portare nei confronti deleh del quadro // sì // sì // mh quali sono le;;;;;1;1;;;;;;;;;;1;;1;;;;1;;;;;;;;0;;
PTA013;#346196;doc#50;2019;https://search.corpuskiparla.it/corpus/player/player.cgi?code=PTA013&begin=1077590&end=1078730;1077590;1078730;PTA013;;0,031076389;fisso;https://search.corpuskiparla.it/corpus/conversations/PTA013.html;https://search.corpuskiparla.it/corpus/conversations/PTA013_jefferson.html;;;;;sì;asimmetrico;;;4;intervista semistrutturata;cosa che può // che cosa stai dicendo? // no xxxx ho lanciato tutte le carte che avevo e e tutte non posso fare niente // //;allora;lascia eh lascia // avevo una doppia avevo e // xx e lascia // avevo una doppia me l''ha presa // // e il resto sono tutte carte;1;;1;;;;;;;;;;;;;;;;;;;;;;;;;;;1;;io sento più allora ehm diciamo
PTA013;#348377;doc#50;2019;https://search.corpuskiparla.it/corpus/player/player.cgi?code=PTA013&begin=1645603&end=1646613;1645603;1646613;PTA013;;0,031076389;fisso;https://search.corpuskiparla.it/corpus/conversations/PTA013.html;https://search.corpuskiparla.it/corpus/conversations/PTA013_jefferson.html;;;;;sì;asimmetrico;;;4;intervista semistrutturata;là sopra ha dovuto fare // cioè lei è partita da // sì // famiglia piena di soldi con business attivo // appunto // no;allora;ti facevo // senz''altro un business attivo // un esempio gli autogol // gli autogol no? // questi ragazzi qua sono // tre;;;;;1;;;;;;;;;;;1;;;;;;;;;;;;;;0;;
PTA018;#356806;doc#52;2019;https://search.corpuskiparla.it/corpus/player/player.cgi?code=PTA018&begin=184159&end=186270;184159;186270;PTA018;;0,039895833;fisso;https://search.corpuskiparla.it/corpus/conversations/PTA018.html;https://search.corpuskiparla.it/corpus/conversations/PTA018_jefferson.html;;;;;sì;asimmetrico;;;2;intervista semistrutturata;un polpastrello un giorno infatti c''è un polpastrello di plastica // in che senso? // eh che me l''hanno incollato // ma no;allora;è carne // no è carne incollata però qui non ho la sensibilità // // è come se fosse plastica // // quindi puoi toccare il;1;;1;;1;;;;;;;;;;;;;;;;;;;;;;;;;0;;
PTA018;#359251;doc#52;2019;https://search.corpuskiparla.it/corpus/player/player.cgi?code=PTA018&begin=1064530&end=1066520;1064530;1066520;PTA018;;0,039895833;fisso;https://search.corpuskiparla.it/corpus/conversations/PTA018.html;https://search.corpuskiparla.it/corpus/conversations/PTA018_jefferson.html;;;;;sì;asimmetrico;;;2;intervista semistrutturata;e poi non rispondono cioè // sì succede // raccontami qualche aneddoto // un po'' strano che ti è successo sul lavoro //;allora;cioè potremmo stare qui fino // alle due alle tre del mattino // e stiamoci // allora uno // un aneddotto strano è stato;;;;;1;1;1;;;;;;;;;1;;1;;;;;;;;;;;;0;1;mi sembra congiunga coordinando (non è trascritto, ma è preceduto da e)
PTA018;#359678;doc#52;2019;https://search.corpuskiparla.it/corpus/player/player.cgi?code=PTA018&begin=1211095&end=1212200;1211095;1212200;PTA018;;0,039895833;fisso;https://search.corpuskiparla.it/corpus/conversations/PTA018.html;https://search.corpuskiparla.it/corpus/conversations/PTA018_jefferson.html;;;;;sì;asimmetrico;;;2;intervista semistrutturata;sempre in queste situazioni? // eh lo so però sono quelle che in fondo fanno più ridere // eh beh e diciamocele // eh esatto;allora;// e ridiamo un po'' // esatto allora una // un giorno // ovviamente di nuovo piena estate le due del pomeriggio // quindi;;;;;;;;;;;;;;;;;;;;;;;;;;;;;;1;;
PTA018;#361037;doc#52;2019;https://search.corpuskiparla.it/corpus/player/player.cgi?code=PTA018&begin=1668234&end=1670588;1668234;1670588;PTA018;;0,039895833;fisso;https://search.corpuskiparla.it/corpus/conversations/PTA018.html;https://search.corpuskiparla.it/corpus/conversations/PTA018_jefferson.html;;;;;sì;asimmetrico;;;2;intervista semistrutturata;che // no no // andiamo con ordine // spieghiamo bene // il tuo cioè perché vi chiamate @nomeazienda prima di tutto //;allora;@nomeazienda perché sono i giardini dell''eden // che sono molto fichi // eh certo // okay // e avete fatto il calendario;;;;;1;;1;;;;;;;;;1;;;;;;;;;;;;;;0;;non mi sembra ci sia allora nella parte di audio corrispondente alla trascrizione in kwic, in quella dopo ripetuta sì
PTA018;#362035;doc#52;2019;https://search.corpuskiparla.it/corpus/player/player.cgi?code=PTA018&begin=1977081&end=1978941;1977081;1978941;PTA018;;0,039895833;fisso;https://search.corpuskiparla.it/corpus/conversations/PTA018.html;https://search.corpuskiparla.it/corpus/conversations/PTA018_jefferson.html;;;;;sì;asimmetrico;;;2;intervista semistrutturata;// una cacata di foglie no le foglie del caco // in autunno hanno quei miliardi di colori // come vedi // bellissimi // e;allora;volevam fare una foto romantica // che teneri // tutto questo il giorno prima della // partenza per la gita aziendale //;1;;1;;;;;;;;;;;;;;;;;;;;;;;;;;;1;;
PTA018;#363897;doc#52;2019;https://search.corpuskiparla.it/corpus/player/player.cgi?code=PTA018&begin=2657660&end=2661860;2657660;2661860;PTA018;;0,039895833;fisso;https://search.corpuskiparla.it/corpus/conversations/PTA018.html;https://search.corpuskiparla.it/corpus/conversations/PTA018_jefferson.html;;;;;sì;asimmetrico;;;2;intervista semistrutturata;qualcosa oppure c''è la // il codice deontologico? // dipende cosa se io non faccio nomi e cognomi posso raccontartelo //;allora;dai raccontiamo qualcosa delle tue esperienze in croce rossa cioè // qualcos~ non le cose tristi però // okay ti;;;;;1;1;;;;;;;;;;;;1;;;;;;1;1;;;;;0;;
PTA018;#365193;doc#52;2019;https://search.corpuskiparla.it/corpus/player/player.cgi?code=PTA018&begin=3147017&end=3148111;3147017;3148111;PTA018;;0,039895833;fisso;https://search.corpuskiparla.it/corpus/conversations/PTA018.html;https://search.corpuskiparla.it/corpus/conversations/PTA018_jefferson.html;;;;;sì;asimmetrico;;;2;intervista semistrutturata;che mi vuoi raccontare // che vorresti ancora dirmi? // del @nomeazienda // del @nomeazienda // oppure ci salutiamo? //;allora;mh non lo so // pensaci un attimo // oppure ci salutiamo come vuoi // qualcosa di divertente // divertente divertente // o;;;;;1;;1;;;;;;;;;1;;1;;;;1;;;;;;;;1;1;"mi sembra abbia un valore tipo ""sai che c'è"", come a indicare una decisione presa al momento e un voler prendere in mano la situazione. Ho segnato questa cosa come marcatura dell'inferenza e modulazione della conficence, ma non credo sia giusto. "
PTA018;#365460;doc#52;2019;https://search.corpuskiparla.it/corpus/player/player.cgi?code=PTA018&begin=3248409&end=3248972;3248409;3248972;PTA018;;0,039895833;fisso;https://search.corpuskiparla.it/corpus/conversations/PTA018.html;https://search.corpuskiparla.it/corpus/conversations/PTA018_jefferson.html;;;;;sì;asimmetrico;;;2;intervista semistrutturata;// potevate // usarla per oliare le macchine // eh ma no era olio proprio pregiato che lei aveva fatto con le sue olive //;allora;no // ma quindi i clienti però oltre a pagarvi vi danno pure i regali // chi ci vuole bene sì // c''è anche chi vi vuole male? //;;;;;;;;;;;;;;;;;;;;;;;;;;;;;;1;;
PTB026;#372613;doc#53;2019;https://search.corpuskiparla.it/corpus/player/player.cgi?code=PTB026&begin=2797296&end=2799103;2797296;2799103;PTB026;;0,047141204;fisso;https://search.corpuskiparla.it/corpus/conversations/PTB026.html;https://search.corpuskiparla.it/corpus/conversations/PTB026_jefferson.html;;;;;sì;asimmetrico;;;3;intervista semistrutturata;// eh? // delinque dopo o // che de~ guarda non son neanche in macchina son venuto coi mezzi pubblici // ah no? // eh;allora;cerca pure il genepì // #grazie a le piantine che an regalame a novalesa é dietro gianna c''é scritto // questa? // anche;;;;;;;;;;;;;;;;;;;;;;;;;;;;;;0;;non sento il turno che corrisponderebbe ad allora no
TOD1016;#376030;doc#54;2019;https://search.corpuskiparla.it/corpus/player/player.cgi?code=TOD1016&begin=5370&end=8880;5370;8880;TOD1016;;0,067951389;fisso;https://search.corpuskiparla.it/corpus/conversations/TOD1016.html;https://search.corpuskiparla.it/corpus/conversations/TOD1016_jefferson.html;;;;;no;asimmetrico;;;1;lezione;mondo neh // eh va bin // grazie un bacio a tutti ciao // grazie a te mario // // xxx adesso xxx // c'' era lei che comunque xxx //;allora;preferite sempre se uso il microfono? almeno per iniziare? // va bene // sì in fondo // è meglio anche per me perché mi dà;;;;;1;;1;;;;;;;;;1;;;;;;;;;;;;;;0;;audio non chiaro, non sento allora
TOD1016;#380307;doc#54;2019;https://search.corpuskiparla.it/corpus/player/player.cgi?code=TOD1016&begin=1950231&end=1951081;1950231;1951081;TOD1016;;0,067951389;fisso;https://search.corpuskiparla.it/corpus/conversations/TOD1016.html;https://search.corpuskiparla.it/corpus/conversations/TOD1016_jefferson.html;;;;;no;asimmetrico;;;1;lezione;d'' accordo // // mh sentiamola ancora una volta perché l'' inizio è stato a dir proprio // questo lo devo togliere // ecco //;allora;// // ecco // // un'' aria che dura // un minuto un minuto // è aria del protagonista tra l'' altro gion~ don giovanni;;;;;1;;;;;;;;;;;;;;;;;1;;;;;;;;1;;
BOD1001;#398451;doc#57;2017/18;https://search.corpuskiparla.it/corpus/player/player.cgi?code=BOD1001&begin=7144&end=9655;7144;9655;BOD1001;;0,066944444;fisso;https://search.corpuskiparla.it/corpus/conversations/BOD1001.html;https://search.corpuskiparla.it/corpus/conversations/BOD1001_jefferson.html;;;;;no;asimmetrico;;;2;lezione;alle dieci a questo punto // xxx xxx alle dieci meno dieci // ma lei a che ora finisce? // dieci // lei finisce alle dieci? io;allora;torno alle dieci // non la disturbo // no ma nessun disturbo voglio dire tranquillo cioè proprio // nessun problema //;1;;1;;;;;;;;;;;;;;;;;;;;;;;;;;;0;;
BOD1001;#399486;doc#57;2017/18;https://search.corpuskiparla.it/corpus/player/player.cgi?code=BOD1001&begin=470735&end=473905;470735;473905;BOD1001;;0,066944444;fisso;https://search.corpuskiparla.it/corpus/conversations/BOD1001.html;https://search.corpuskiparla.it/corpus/conversations/BOD1001_jefferson.html;;;;;no;asimmetrico;;;2;lezione;possibilità di // non so io io ve lo do // ci pensate? non lo so // eh // non ci ho guardato adesso guardo // vediamo subito //;allora;in sala borsa è in prestito e rientra il venti // e c'' è il di vu di // se se mi dai la // non è leggibile da questo computer ma è;;;;;1;;;;;;;;;;;1;;1;;;;;;;;;;;;0;;
BOD1001;#411164;doc#57;2017/18;https://search.corpuskiparla.it/corpus/player/player.cgi?code=BOD1001&begin=4971184&end=4976461;4971184;4976461;BOD1001;;0,066944444;fisso;https://search.corpuskiparla.it/corpus/conversations/BOD1001.html;https://search.corpuskiparla.it/corpus/conversations/BOD1001_jefferson.html;;;;;no;asimmetrico;;;2;lezione;condizioni // infilò la mano mancina in sacchetta affirrò l'' aceddro e l'' abbassò // appena lo lassò quello tornò dritto;allora;decise che che la meglio era tenerlo abbassato con la mano // l'' imbarazzo ovviamente dell'' erezione di michelino eh? //;1;1;;;;;;;;;;;;;;;;;;;;;;;;;;;;1;;
BOD1007;#433072;doc#59;2017/18;https://search.corpuskiparla.it/corpus/player/player.cgi?code=BOD1007&begin=4667931&end=4671521;4667931;4671521;BOD1007;;0,044583333;fisso;https://search.corpuskiparla.it/corpus/conversations/BOD1007.html;https://search.corpuskiparla.it/corpus/conversations/BOD1007_jefferson.html;;;;;no;asimmetrico;;;1;lezione;anno // che erano in testa allea classifica di itunes // eh non più tardi di qualche giorno fa // vediamo alcuni esempi;allora;di di survivor vi ho già detto // quindi le informazioni condivise da un'' intelligenza collettiva per caercare di;;;;;;;;;;;;;;;;;;;;;;;;;;;;;;0;;
PBB022;#439160;doc#60;2023;https://search.corpuskiparla.it/corpus/player/player.cgi?code=PBB022&begin=814480&end=818740;814480;818740;PBB022;;0,040706019;fisso;https://search.corpuskiparla.it/corpus/conversations/PBB022.html;https://search.corpuskiparla.it/corpus/conversations/PBB022_jefferson.html;;;;;sì;asimmetrico;;;3;intervista semistrutturata;un ricettario che abbiamo continuato a usare per anni // eh in cui aveva le quantità da matrimonio no // ah e quindi //;allora;non lo so la domenica mattina facevamo i passatelli no e lei mi diceva allora // leggi la ricetta e dividiamo la quantità;;;;;1;;1;;;;;;;;;1;;;;;;;;;;;;;;0;;AUDIO DEL TUTTO NON CORRISPONDENTE ALLA TRASCRIZIONE
PBB022;#439175;doc#60;2023;https://search.corpuskiparla.it/corpus/player/player.cgi?code=PBB022&begin=814480&end=818740;814480;818740;PBB022;;0,040706019;fisso;https://search.corpuskiparla.it/corpus/conversations/PBB022.html;https://search.corpuskiparla.it/corpus/conversations/PBB022_jefferson.html;;;;;sì;asimmetrico;;;3;intervista semistrutturata;le quantità da matrimonio no // ah e quindi // allora non lo so la domenica mattina facevamo i passatelli no e lei mi diceva;allora;// leggi la ricetta e dividiamo la quantità // // perchè noi siamo in sette no ma io ho la quantità per trenta persone;;;;;1;;1;;;;;;;;;1;;;;;;;;;;;;;;1;;
PBB022;#440496;doc#60;2023;https://search.corpuskiparla.it/corpus/player/player.cgi?code=PBB022&begin=1164460&end=1170270;1164460;1170270;PBB022;;0,040706019;fisso;https://search.corpuskiparla.it/corpus/conversations/PBB022.html;https://search.corpuskiparla.it/corpus/conversations/PBB022_jefferson.html;;;;;sì;asimmetrico;;;3;intervista semistrutturata;di questo ben di dio no raviole cose // e il benzinaio eh quando ha visto questa cosa signora ma cos''è queste cose? // e;allora;lei ha scoperchiato la la cesta e gli ha fatto vedere tutte queste cose e gliene ha offe~ gliene ha data qualcuna // mh //;;;;;1;;;;;;;;;;;1;;;;;;;;;;;;;;1;;
PBB022;#445537;doc#60;2023;https://search.corpuskiparla.it/corpus/player/player.cgi?code=PBB022&begin=2592800&end=2600340;2592800;2600340;PBB022;;0,040706019;fisso;https://search.corpuskiparla.it/corpus/conversations/PBB022.html;https://search.corpuskiparla.it/corpus/conversations/PBB022_jefferson.html;;;;;sì;asimmetrico;;;3;intervista semistrutturata;cosa tipica che dicono no ma come alla festa dell''unità eh mh o o o sai // il fatto di mangiare cose adatte alla stagione no;allora;dici d''estate oh per carità i tortellini in brodo assolutamente no come io d''estate // // la polenta con la salsiccia;;;;;1;;;;;;;;;;;1;;;;;;;;;;;;;;0;;
PBB022;#448567;doc#60;2023;https://search.corpuskiparla.it/corpus/player/player.cgi?code=PBB022&begin=3414450&end=3423100;3414450;3423100;PBB022;;0,040706019;fisso;https://search.corpuskiparla.it/corpus/conversations/PBB022.html;https://search.corpuskiparla.it/corpus/conversations/PBB022_jefferson.html;;;;;sì;asimmetrico;;;3;intervista semistrutturata;sostenute in modo mh // autonomo dai soci hai capito per cui ci sono società più ricche e società più povere // chiaro //;allora;ci sono società che possono arrivare rivolgersi a un architetto e quindi hanno magari carri bellissimi con meccanismi;1;;1;;;;;;;;;;;;;;;;;;;;;;;;;;;0;;
PBB028;#452164;doc#61;2024;https://search.corpuskiparla.it/corpus/player/player.cgi?code=PBB028&begin=992380&end=995620;992380;995620;PBB028;;0,038125;fisso;https://search.corpuskiparla.it/corpus/conversations/PBB028.html;https://search.corpuskiparla.it/corpus/conversations/PBB028_jefferson.html;;;;;sì;asimmetrico;;;3;intervista semistrutturata;avevam detto mh // dai andiam a provare a rimini // perché lui aveva conosciuto dei ragazzi di rimini che ci ospitavano //;allora;ho detto dai portiamo dei curriculum in giro e iniziamo la stagione là // eh la settimana che ho passato a rimini è stata;;;;;1;;;;;;;;;;;1;;;;;;;;;;;;;;0;;
PBB028;#452551;doc#61;2024;https://search.corpuskiparla.it/corpus/player/player.cgi?code=PBB028&begin=1108420&end=1113150;1108420;1113150;PBB028;;0,038125;fisso;https://search.corpuskiparla.it/corpus/conversations/PBB028.html;https://search.corpuskiparla.it/corpus/conversations/PBB028_jefferson.html;;;;;sì;asimmetrico;;;3;intervista semistrutturata;praticamente a maggio è venuto il terremoto // avviata // c''avevam già la frutta che doveva essere raccolta di lì a poco;allora;m''han detto // riesci a venire a casa? // che porti avanti te la stagione? // poi dopo gli anni dopo ormai avevam visto che;;;;;1;;;;;;;;;;;1;;;;;;;;;;;;;;0;;
PBB028;#452910;doc#61;2024;https://search.corpuskiparla.it/corpus/player/player.cgi?code=PBB028&begin=1226870&end=1227860;1226870;1227860;PBB028;;0,038125;fisso;https://search.corpuskiparla.it/corpus/conversations/PBB028.html;https://search.corpuskiparla.it/corpus/conversations/PBB028_jefferson.html;;;;;sì;asimmetrico;;;3;intervista semistrutturata;troppo perché // xx // tu hai le tue idee // xx c''è il nonno che dice no facciam così poi mio padre no facciamo così //;allora;perdo un''ora // tuo fratello non dice niente? // no mio fratello non dice niente perché lui è ingegniere // // sì eh lui è la;;;;;1;;;;;;;;;;;1;;;;;;;;;;;;;;0;;
PBB028;#455869;doc#61;2024;https://search.corpuskiparla.it/corpus/player/player.cgi?code=PBB028&begin=2162033&end=2163439;2162033;2163439;PBB028;;0,038125;fisso;https://search.corpuskiparla.it/corpus/conversations/PBB028.html;https://search.corpuskiparla.it/corpus/conversations/PBB028_jefferson.html;;;;;sì;asimmetrico;;;3;intervista semistrutturata;d~ dove lo segni? // faccio // no mh // ognuno nel suo quaderno per dire // sì okay // segni // vai a fare almeno un doppio // e;allora;puoi segnare eh // che hai suonato lì // quindi organizzavano i giri perché magari sono quei campanili che non chiamano a;1;1;;;;;;;;;;;;;;;;;;;;;;;;;;;;0;;
PBC024;#465404;doc#63;2024;https://search.corpuskiparla.it/corpus/player/player.cgi?code=PBC024&begin=934510&end=937637;934510;937637;PBC024;;0,048611111;fisso;https://search.corpuskiparla.it/corpus/conversations/PBC024.html;https://search.corpuskiparla.it/corpus/conversations/PBC024_jefferson.html;;;;;sì;asimmetrico;;;3;intervista semistrutturata;mh // il tempo che ero alla @nomeluogo // ah oka~ // settantacinque // okay okay // eh ti volevo far questa domanda // eh //;allora;ma quando tu eri più giovane // eh // c''era una festa di san petronio in piazza per la festa di san petronio // sì // facevano;;;;;1;1;1;;;;;;;;;1;;1;;;;;;;;;;;;0;;
PBC024;#469663;doc#63;2024;https://search.corpuskiparla.it/corpus/player/player.cgi?code=PBC024&begin=2795340&end=2800070;2795340;2800070;PBC024;;0,048611111;fisso;https://search.corpuskiparla.it/corpus/conversations/PBC024.html;https://search.corpuskiparla.it/corpus/conversations/PBC024_jefferson.html;;;;;sì;asimmetrico;;;3;intervista semistrutturata;a bologna // be~ be~ beccavano ma ah dico perché loro hanno fame non hanno mica nessuno che gli dà da mangiare // // ah dico;allora;vedi loro ha~ hanno fame vengono a mangiare quello che ci dai tu // mhmh // #adesso dai dai mo i adesso ti do i crec qui nella;;;;;1;1;;;;;;;;;;1;;;;1;;;;;;;;;;1;;
PTA006;#486516;doc#65;2019;https://search.corpuskiparla.it/corpus/player/player.cgi?code=PTA006&begin=2328935&end=2337222;2328935;2337222;PTA006;;0,045277778;fisso;https://search.corpuskiparla.it/corpus/conversations/PTA006.html;https://search.corpuskiparla.it/corpus/conversations/PTA006_jefferson.html;;;;;sì;asimmetrico;;;4;intervista semistrutturata;cosa // per quello ti di~ eh per quello ti dico qua sembra che abbiamo scoperto l''acqua calda anche con lo stadio cioè;allora;a quel punto se vogliamo parlare di assoluto vado a vedere // però comunque // quello lì dell''arsenal o d~ o quello della;;;;;1;;;;;;;;;;;1;;;1;;;;;1;;;;;;1;;
PTD021;#513762;doc#67;2019;https://search.corpuskiparla.it/corpus/player/player.cgi?code=PTD021&begin=1145155&end=1151876;1145155;1151876;PTD021;;0,063530093;fisso;https://search.corpuskiparla.it/corpus/conversations/PTD021.html;https://search.corpuskiparla.it/corpus/conversations/PTD021_jefferson.html;;;;;sì;asimmetrico;;;5;intervista semistrutturata;in situazioni // in situazioni improponibili e poi trovi la persona onesta che ti affitta la casa a quattrocento euro e;allora;ci sta // meh // certo // ma perchè si è aperto un buisness sugli studenti // eh sì beh // sì sì sì sì assolutamente anche;1;1;1;;;;;;;;;;;;;;;;;;;;;;;;;;;1;1;non so se sia allora a riformulare o cioè, così come non so se sia allora a marcare l'inferenza o a quel punto
PBB019;#529138;doc#68;2022;https://search.corpuskiparla.it/corpus/player/player.cgi?code=PBB019&begin=3620&end=7250;3620;7250;PBB019;;0,021354167;fisso;https://search.corpuskiparla.it/corpus/conversations/PBB019.html;https://search.corpuskiparla.it/corpus/conversations/PBB019_jefferson.html;;;;;sì;asimmetrico;;;2;intervista semistrutturata;mille // figo // grazie a te // adesso mi sento in colpa che l''uscita settimanale ve l''ho fatta // // allora okay ci siamo //;allora;iniziamo con qualcosa prop~ di generale sulla sulla città // mh // tu sei di bologna? // sì eh // bo~ // io sono nata a;;;;;1;;;;;;;;;;;1;;;;;;;;;;;;;;0;;"sostituibile con ""in quel caso"""
PBA010;#538049;doc#69;2023;https://search.corpuskiparla.it/corpus/player/player.cgi?code=PBA010&begin=1314356&end=1321611;1314356;1321611;PBA010;;0,021724537;fisso;https://search.corpuskiparla.it/corpus/conversations/PBA010.html;https://search.corpuskiparla.it/corpus/conversations/PBA010_jefferson.html;;;;;sì;asimmetrico;;;2;intervista semistrutturata;ma ehm quando c''è nuvoloso o brutto tempo come funziona? // non vanno // e basta // semplicemente non vanno // e //;allora;spiegami meglio perché io non lo so come funziona avere un il pannello cioè imma~ immagazzina energia? immagazzina;;;;;1;;;;;;;;;;;1;;;;;;;;1;;;;;;0;;
BOA1003;#539699;doc#70;2017/18;https://search.corpuskiparla.it/corpus/player/player.cgi?code=BOA1003&begin=49050&end=49530;49050;49530;BOA1003;;0,001412037;libero;https://search.corpuskiparla.it/corpus/conversations/BOA1003.html;https://search.corpuskiparla.it/corpus/conversations/BOA1003_jefferson.html;;;;;no;asimmetrico;;;2;ricevimento studenti;entro la sessione di luglio // entro quale sessione // la sessione questa che finisce a luglio // quella di luglio? //;allora;// se non riesco a verbalizzare io perderei la seconda rata che sono tipo millecinquecento euro quindi voglio di~ //;;;;;1;;1;;;;;;;;;;;;;;;1;;;;;;;;1;;
PBA021;#541831;doc#71;2023;https://search.corpuskiparla.it/corpus/player/player.cgi?code=PBA021&begin=609197&end=614169;609197;614169;PBA021;;0,031608796;fisso;https://search.corpuskiparla.it/corpus/conversations/PBA021.html;https://search.corpuskiparla.it/corpus/conversations/PBA021_jefferson.html;;;;;sì;asimmetrico;;;2;intervista semistrutturata;// mh mhmh // però sì // e l''albero lo fate avete delle tradizio~ tipo siete creativi sul fare l''albero o rimanete fermi //;allora;diciamo che noi sull''albero cioè abbiam sempre lo schema di colori no? // ogni anno noi decidiamo un colore quello è // ci;;;;;1;1;1;;;;;;;;;1;;;;;;;;;;;;;;0;;
PBA021;#542839;doc#71;2023;https://search.corpuskiparla.it/corpus/player/player.cgi?code=PBA021&begin=948795&end=949430;948795;949430;PBA021;;0,031608796;fisso;https://search.corpuskiparla.it/corpus/conversations/PBA021.html;https://search.corpuskiparla.it/corpus/conversations/PBA021_jefferson.html;;;;;sì;asimmetrico;;;2;intervista semistrutturata;// mi ha fatto venire in mente una cosa // adesso sono curiosa la principessa tu che principessa facevi in genere? //;allora;// un anno ho fatto cenerentola // non si direbbe dai miei capelli però ho fatto cenerentola // ho fatto mh belle quella di;;;;;1;;1;;;;;;;;;;;;;;;;;;;;;;;1;;
PBA021;#543174;doc#71;2023;https://search.corpuskiparla.it/corpus/player/player.cgi?code=PBA021&begin=1069108&end=1074213;1069108;1074213;PBA021;;0,031608796;fisso;https://search.corpuskiparla.it/corpus/conversations/PBA021.html;https://search.corpuskiparla.it/corpus/conversations/PBA021_jefferson.html;;;;;sì;asimmetrico;;;2;intervista semistrutturata;si svuota // sì // totalmente // sì // tu ad esempio cosa preferisci fare? // d''estate? o comunque in questa festività? //;allora;io a ferragosto ho la mia tradizione nel senso che tutti i bolognesi // che abitano a bologna d''inverno d''estate li trovi;;;;;1;;1;;;;;;;;;1;;;;;;;;;;;;;;0;;
PBA021;#545535;doc#71;2023;https://search.corpuskiparla.it/corpus/player/player.cgi?code=PBA021&begin=1856852&end=1857969;1856852;1857969;PBA021;;0,031608796;fisso;https://search.corpuskiparla.it/corpus/conversations/PBA021.html;https://search.corpuskiparla.it/corpus/conversations/PBA021_jefferson.html;;;;;sì;asimmetrico;;;2;intervista semistrutturata;visitare // e tu in genere quando sali // a san luca oppure sui colli bolognesi // mhmh // cosa fate? // principalmente //;allora;se // allora quando vado a san luca è più per // visitare // ecco perchè è comunque un posto molto carino c''è il parchetto ci;;;;;1;;1;;;;;;;;;;;;;;;;;;;;;;;1;;
PBA021;#545938;doc#71;2023;https://search.corpuskiparla.it/corpus/player/player.cgi?code=PBA021&begin=1988566&end=1990542;1988566;1990542;PBA021;;0,031608796;fisso;https://search.corpuskiparla.it/corpus/conversations/PBA021.html;https://search.corpuskiparla.it/corpus/conversations/PBA021_jefferson.html;;;;;sì;asimmetrico;;;2;intervista semistrutturata;immobiliare // mhmh // che poi mi domando se tu potessi ti vorresti anche trasferire magari // in centro o rimanere //;allora;magari // non dico proprio in centro un po'' più vicina al centro // nel senso che io nel comune dove sono sono // un po'';;;;;1;;1;;;;;;;;;;;;;;;;;;;;;;;0;;
PBC015;#548991;doc#72;2022;https://search.corpuskiparla.it/corpus/player/player.cgi?code=PBC015&begin=337120&end=341460;337120;341460;PBC015;;0,0225;fisso;https://search.corpuskiparla.it/corpus/conversations/PBC015.html;https://search.corpuskiparla.it/corpus/conversations/PBC015_jefferson.html;;;;;sì;asimmetrico;;;2;intervista semistrutturata;// non so è molto complicato? se posso chiedere perchè io mi mi perderei penso immediatamente // no // no perchè p~;allora;a parte il fatto che se ci fai attenzione // le pavimentazioni dei portici spesso sono diverse // ah // poi // il problema;;;;;1;;;;;;;;;;;1;;;;;;;;;;;;;;0;;
PBC015;#551674;doc#72;2022;https://search.corpuskiparla.it/corpus/player/player.cgi?code=PBC015&begin=1358790&end=1361465;1358790;1361465;PBC015;;0,0225;fisso;https://search.corpuskiparla.it/corpus/conversations/PBC015.html;https://search.corpuskiparla.it/corpus/conversations/PBC015_jefferson.html;;;;;sì;asimmetrico;;;2;intervista semistrutturata;per questo che hai pensato di venire anche al cavazza // cioè per provare x a aiutare un po'' // le persone non lo so // sai io x;allora;io intanto son venuto qui // che avevo sedici anni per studiare // eh perchè all''epoca noi eh eravamo tutti qua dentro;;;;;1;;;;;;;;;;;1;;;;;;;;;;;;;;0;;
KPS011;#553361;doc#73;2020;https://search.corpuskiparla.it/corpus/player/player.cgi?code=KPS011&begin=100187&end=101187;100187;101187;KPS011;;0,025162037;libero;https://search.corpuskiparla.it/corpus/conversations/KPS011.html;https://search.corpuskiparla.it/corpus/conversations/KPS011_jefferson.html;;;;;no;simmetrico;;;4;pasto;le cose come il vestito // ne hai fatto tanto // dopo mi dici dopo mi dici a me // apposta // no l''ho fatta apposta // ah basta;allora;// cosa n~ fatto tanto? // mh // stasera fallo rimanere beppe // x xx xxx dai // sta l''insalatona // ma'' e che deve rimanere;1;;1;;;;;;;;;;;;;;;;;;;;;;;;;;;0;;
PBA011;#558881;doc#74;2022;https://search.corpuskiparla.it/corpus/player/player.cgi?code=PBA011&begin=10936&end=12106;10936;12106;PBA011;;0,027210648;fisso;https://search.corpuskiparla.it/corpus/conversations/PBA011.html;https://search.corpuskiparla.it/corpus/conversations/PBA011_jefferson.html;;;;;sì;asimmetrico;;;3;intervista semistrutturata;io san vitale // anch''io zona vicino a porta san vitale // avete sempre vissuto lì? // sì // xxx // da quanto più o meno? // eh;allora;io // sono nato a imola // mhmh // quindi di base mi sono trasferito che ero ancora piccolo // però sì sono sempre stato in;;;;;1;;;;;;;;;;;1;;;;;;1;;;;;;;;0;;
PBB009;#585802;doc#77;2022;https://search.corpuskiparla.it/corpus/player/player.cgi?code=PBB009&begin=201747&end=202280;201747;202280;PBB009;;0,050439815;fisso;https://search.corpuskiparla.it/corpus/conversations/PBB009.html;https://search.corpuskiparla.it/corpus/conversations/PBB009_jefferson.html;;;;;sì;asimmetrico;;;3;intervista semistrutturata;lavoro? // no ho fa~ l''ho fatto però in diversi luoghi // ah // mhmh // cioè prima presso strutture pubbliche // nel //;allora;// ho lavorato nel progetto dell''area autogestitia che era un progetto di destituzionalizzazione // di;;;;;1;;;;;;;;;;;1;;;1;;;;;;;;;;;0;;
PBB009;#588277;doc#77;2022;https://search.corpuskiparla.it/corpus/player/player.cgi?code=PBB009&begin=1209867&end=1213410;1209867;1213410;PBB009;;0,050439815;fisso;https://search.corpuskiparla.it/corpus/conversations/PBB009.html;https://search.corpuskiparla.it/corpus/conversations/PBB009_jefferson.html;;;;;sì;asimmetrico;;;3;intervista semistrutturata;loro // sì // e io facevo // di non di non intervenire perchè ero tranquilla lui seduto xx mi ha messo la corda al collo // xx;allora;l''ho guardato fisso negli occhi // mhmh // e lui mi ha guardato // e stava per dire faccio l''assassino e poi dopo è rimasto;1;;1;;;;;;;;;;;;;;;;;;;;;;;;;;;1;;
PBB009;#594839;doc#77;2022;https://search.corpuskiparla.it/corpus/player/player.cgi?code=PBB009&begin=3407513&end=3410411;3407513;3410411;PBB009;;0,050439815;fisso;https://search.corpuskiparla.it/corpus/conversations/PBB009.html;https://search.corpuskiparla.it/corpus/conversations/PBB009_jefferson.html;;;;;sì;asimmetrico;;;3;intervista semistrutturata;// poco // ehm e come zona // sì // sempre in centro // eh? // e e e come zona com''è? // cioè ti piace a~ // la zona mia? // sì //;allora;io prima abitavo al palasport // palazzo dello sport eh // mhmh // sì // lì era una zona quando ci abitavo io eran gli anni;;;;;1;;;;;;;;;;;1;;;;;;;;;;;;;;0;;
PBB009;#597411;doc#77;2022;https://search.corpuskiparla.it/corpus/player/player.cgi?code=PBB009&begin=4252328&end=4253679;4252328;4253679;PBB009;;0,050439815;fisso;https://search.corpuskiparla.it/corpus/conversations/PBB009.html;https://search.corpuskiparla.it/corpus/conversations/PBB009_jefferson.html;;;;;sì;asimmetrico;;;3;intervista semistrutturata;// e negli anni settanta // me lo ricordo io // quando ti faccio un esempio le nevicate allora nevicava molto di più // sì //;allora;ognuno // ognuno // appa~ ehm puliva // la parte del portico cioè liberava // mh // il portico e il pezzo di strada dove;;;;;1;;;;;;;;;;;1;;;;;;;;;;;;;;0;;
KPS004;#598630;doc#78;2022;https://search.corpuskiparla.it/corpus/player/player.cgi?code=KPS004&begin=344257&end=344950;344257;344950;KPS004;;0,084895833;libero;https://search.corpuskiparla.it/corpus/conversations/KPS004.html;https://search.corpuskiparla.it/corpus/conversations/KPS004_jefferson.html;;;;;no;simmetrico;;;3;pasto;// mh mh // è comodo sto coso per fare // sto pensando di xxx // così la smette di fare le xxxx // un altro poco ne vuoi? // no //;allora;// lascia anche per la nonna questo eh tanto la nonna poi mangia l''insalata // no non mi va tanto c''ho tante cose // ecco qua;;;;;1;;;;;;;;;;;;;;;;;;1;;;;;;;0;;
KPS004;#600400;doc#78;2022;https://search.corpuskiparla.it/corpus/player/player.cgi?code=KPS004&begin=874440&end=875532;874440;875532;KPS004;;0,084895833;libero;https://search.corpuskiparla.it/corpus/conversations/KPS004.html;https://search.corpuskiparla.it/corpus/conversations/KPS004_jefferson.html;;;;;no;simmetrico;;;3;pasto;eh no // è andato oltre // allora qua ci sono rimaste due rape rosse // sì per te // tu le vuoi due altre? // no no per te per te //;allora;me ne metto un paio // xxxxxx // non c''hai neanche un piatto // non fa niente qua l''ho preso apposta per porta'' dammi ancora;;;;;;;;;;;;;;;;;;;;;;;;;;;;;;0;;
KPS004;#601015;doc#78;2022;https://search.corpuskiparla.it/corpus/player/player.cgi?code=KPS004&begin=1051485&end=1056119;1051485;1056119;KPS004;;0,084895833;libero;https://search.corpuskiparla.it/corpus/conversations/KPS004.html;https://search.corpuskiparla.it/corpus/conversations/KPS004_jefferson.html;;;;;no;simmetrico;;;3;pasto;// sì è un cereale xxx // no non lo so dipende quale co~ no ma ci metti tipo venti minuti // come il grano // perchè il grano //;allora;per il grano per fare la pastiera bisogna metterlo a bagno anzi compri proprio i vasetti umidi // il grano che si fa per la;;;;;1;;;;;;;;;;;1;;1;;;;;;;;;;;;0;;audio poco chiaro. non rilevo l'occorrenza
KPS004;#602377;doc#78;2022;https://search.corpuskiparla.it/corpus/player/player.cgi?code=KPS004&begin=1425587&end=1426787;1425587;1426787;KPS004;;0,084895833;libero;https://search.corpuskiparla.it/corpus/conversations/KPS004.html;https://search.corpuskiparla.it/corpus/conversations/KPS004_jefferson.html;;;;;no;simmetrico;;;3;pasto;// se tu mi lasci in pace io devo caccia'' tutte le fotografie sistemarmi me la che io c''ho tutte le cose nella testa // a~ a~;allora;// allora stai // sfondando una porta aperta là dentro io ho preparato un mucchio di fotografie così // un po'';;;;;1;;1;;;;;;;;;;;;;;;;;1;;;;;;1;;
KPS004;#602797;doc#78;2022;https://search.corpuskiparla.it/corpus/player/player.cgi?code=KPS004&begin=1556742&end=1558798;1556742;1558798;KPS004;;0,084895833;libero;https://search.corpuskiparla.it/corpus/conversations/KPS004.html;https://search.corpuskiparla.it/corpus/conversations/KPS004_jefferson.html;;;;;no;simmetrico;;;3;pasto;era molto bello // andavate d''accordo col // eh sì andiamo d''accordo lo zio tommaso è simpatico // sì d''accordo sì //;allora;lo zio lo zio tommaso non // non è per i viaggi fuori // eh ma infatti mi sembrava strano per quello // no lo zio tommas~ anche;;;;;;;;;;;;;;;;;;;;;;;;;;;;;;1;;
KPS004;#603578;doc#78;2022;https://search.corpuskiparla.it/corpus/player/player.cgi?code=KPS004&begin=1745210&end=1752009;1745210;1752009;KPS004;;0,084895833;libero;https://search.corpuskiparla.it/corpus/conversations/KPS004.html;https://search.corpuskiparla.it/corpus/conversations/KPS004_jefferson.html;;;;;no;simmetrico;;;3;pasto;// mumbasa e sto mare la capitale del kenya si chiama na~ nairobi // e come si xx? // ah nairobi scendemmo // ah ma è vero sì //;allora;scendemmo a nairobi poi di là sba~ mh p~ presero i raga~ i i cosi i ragazzi i negretti là le cose e le misero altro aereo così;;;;;1;;;;;;;;;;;1;;;;;;;;;;;;;;0;;occorrenza non presente in audio
KPS004;#604335;doc#78;2022;https://search.corpuskiparla.it/corpus/player/player.cgi?code=KPS004&begin=1976166&end=1978590;1976166;1978590;KPS004;;0,084895833;libero;https://search.corpuskiparla.it/corpus/conversations/KPS004.html;https://search.corpuskiparla.it/corpus/conversations/KPS004_jefferson.html;;;;;no;simmetrico;;;3;pasto;// si chiama zau ti esse sau est zau ovest // ovest sì // comunque // e quindi facemmo il giro di sti sam // dentro proprio //;allora;lì x c''avevano tutti i maschi // i negri là i masai // ci stavano i masa ci stavano le loro case erano // fatte // con le palme;;;;;1;;;;;;;;;;;1;;;;;;;;;;;;;;0;;
KPS004;#604472;doc#78;2022;https://search.corpuskiparla.it/corpus/player/player.cgi?code=KPS004&begin=2013247&end=2014798;2013247;2014798;KPS004;;0,084895833;libero;https://search.corpuskiparla.it/corpus/conversations/KPS004.html;https://search.corpuskiparla.it/corpus/conversations/KPS004_jefferson.html;;;;;no;simmetrico;;;3;pasto;// no però africa subshariana // ehm eh no subsahariana no siamo andati in marocco siamo andati in egitto tunisia // no ma;allora;chissà cosa mi ricordo // tutto i~ in egitto siamo andati // eh insomma mh // però anche in egitto tanti anni fa // poi non //;1;;1;;;;;;;;;;;;;;;;;;;;;;;;;;;0;;
KPS004;#607682;doc#78;2022;https://search.corpuskiparla.it/corpus/player/player.cgi?code=KPS004&begin=2989539&end=2990547;2989539;2990547;KPS004;;0,084895833;libero;https://search.corpuskiparla.it/corpus/conversations/KPS004.html;https://search.corpuskiparla.it/corpus/conversations/KPS004_jefferson.html;;;;;no;simmetrico;;;3;pasto;che mi raccontavano i miei avi i miei antenati // ah capivi xxxxx ho capito // ma non e~ non era quel // allora xxxx // mh //;allora;prima // non so ci fosse // e nella tua vita precedente // mi era era c''è una storia del campi~ del palazzo del quirinale //;;;;;1;;;;;;;;;;;1;;;;;;;;;;;;;;0;1;come 92
KPS004;#609039;doc#78;2022;https://search.corpuskiparla.it/corpus/player/player.cgi?code=KPS004&begin=3347009&end=3349734;3347009;3349734;KPS004;;0,084895833;libero;https://search.corpuskiparla.it/corpus/conversations/KPS004.html;https://search.corpuskiparla.it/corpus/conversations/KPS004_jefferson.html;;;;;no;simmetrico;;;3;pasto;i // no non da stella // sì ho capito // lì l''ho comprati da loro // mhmh // che poi c''ha il negozio proprio vicino // mhmh // e;allora;a me piacciono molto questi mi piacciono moltissim~ // a chi piace la cannella // no no // è la fine io me li mangio tutti //;;;;;1;;;;;;;;;;;1;;;;;;;;;;;;;;0;;
KPS004;#609445;doc#78;2022;https://search.corpuskiparla.it/corpus/player/player.cgi?code=KPS004&begin=3450398&end=3451918;3450398;3451918;KPS004;;0,084895833;libero;https://search.corpuskiparla.it/corpus/conversations/KPS004.html;https://search.corpuskiparla.it/corpus/conversations/KPS004_jefferson.html;;;;;no;simmetrico;;;3;pasto;mai in un museo? // nel museo del prada // quelli importanti // che c''entra? // un museo b~ eh proprio così // però // a~;allora;doveva andare a vedere // i so~ i soliti // le solite ceramiche spaccate // no quello non volevo vedere però le solite;;;;;;;;;;;;;;;;;;;;;;;;;;;;;;0;;
KPS004;#611135;doc#78;2022;https://search.corpuskiparla.it/corpus/player/player.cgi?code=KPS004&begin=3869081&end=3870567;3869081;3870567;KPS004;;0,084895833;libero;https://search.corpuskiparla.it/corpus/conversations/KPS004.html;https://search.corpuskiparla.it/corpus/conversations/KPS004_jefferson.html;;;;;no;simmetrico;;;3;pasto;xxx siccome accanto c''è il quirinale // dico mo vieni con me andiamo al quirinale così ti faccio vedere il quirinale // //;allora;abbiam visto traforo // scalinata di trinità dei monti // s~ // mh mh // e qui è già è già dire // xxx // e poi facemmo il corso;;;;;1;;;;;;;;;;;1;;;;;;;;;;;;;;0;1;no si capisce bene
KPS004;#611498;doc#78;2022;https://search.corpuskiparla.it/corpus/player/player.cgi?code=KPS004&begin=3966504&end=3967257;3966504;3967257;KPS004;;0,084895833;libero;https://search.corpuskiparla.it/corpus/conversations/KPS004.html;https://search.corpuskiparla.it/corpus/conversations/KPS004_jefferson.html;;;;;no;simmetrico;;;3;pasto;vuoi venire al pin~ insomma // non volle andare // vabbè comunque con la tina // invece quella mi ubbidiva // ah certo //;allora;da lì // mi disse come la nonna scusa non dobbiamo mangiare // dice mi stai portando in giro ma non andiamo a mangiare una;;;;;1;;;;;;;;;;;1;;;;;;;;;;;;;;0;;
KPS004;#611529;doc#78;2022;https://search.corpuskiparla.it/corpus/player/player.cgi?code=KPS004&begin=3976528&end=3977344;3976528;3977344;KPS004;;0,084895833;libero;https://search.corpuskiparla.it/corpus/conversations/KPS004.html;https://search.corpuskiparla.it/corpus/conversations/KPS004_jefferson.html;;;;;no;simmetrico;;;3;pasto;la nonna scusa non dobbiamo mangiare // dice mi stai portando in giro ma non andiamo a mangiare una cosa? dice mi sento //;allora;tu pensa // che da lì // quindi pia~ fontana di trevi quirinale // scendi giù // prendo una strada che conoscevo per;;;;;1;;;;;;;;;;;1;;;;;;;;;;;;;;0;;
KPS004;#612163;doc#78;2022;https://search.corpuskiparla.it/corpus/player/player.cgi?code=KPS004&begin=4139438&end=4143176;4139438;4143176;KPS004;;0,084895833;libero;https://search.corpuskiparla.it/corpus/conversations/KPS004.html;https://search.corpuskiparla.it/corpus/conversations/KPS004_jefferson.html;;;;;no;simmetrico;;;3;pasto;a sorrento figlia mia // quando ero già su // pullmann // madonna mi sento male // xxxxx mi sento male mi sento male //;allora;io dice voglio scendere che era pieno di turisti il pullmann noi stavam~ // all''uscita dal // uh scusa // allora // please;;;;;1;;;;;;;;;;;1;;;;;;;;;;;;;;0;;
KPS004;#614045;doc#78;2022;https://search.corpuskiparla.it/corpus/player/player.cgi?code=KPS004&begin=4672797&end=4676215;4672797;4676215;KPS004;;0,084895833;libero;https://search.corpuskiparla.it/corpus/conversations/KPS004.html;https://search.corpuskiparla.it/corpus/conversations/KPS004_jefferson.html;;;;;no;simmetrico;;;3;pasto;mi dici la via dove abiti // modo che // il tuo numero di tele~ // sei riuscita? // sì sì sì dopo sono uscita mi sono fatta;allora;sulla strada // del corso che parte da // piazza del popolo lì c''è una chiesa non so come si chiama quella chiesa molto;;;;;1;;;;;;;;;;;1;;;;;;;;;;;;;;0;;
KPS004;#614704;doc#78;2022;https://search.corpuskiparla.it/corpus/player/player.cgi?code=KPS004&begin=4877762&end=4880322;4877762;4880322;KPS004;;0,084895833;libero;https://search.corpuskiparla.it/corpus/conversations/KPS004.html;https://search.corpuskiparla.it/corpus/conversations/KPS004_jefferson.html;;;;;no;simmetrico;;;3;pasto;forse seduta vieni qua va via // no non lo so // sì sì mo te lo xx con la pe~ con la cosa con la con la con la stoffa // questa qui;allora;quando mi sono rotta il braccio // ecco è andata via mo questa è buonissima di qualità // quando mi son rotta il braccio che;;;;;1;;;;;;;;;;;1;;;;;;;;;;;;;;0;;
KPS004;#616356;doc#78;2022;https://search.corpuskiparla.it/corpus/player/player.cgi?code=KPS004&begin=5369578&end=5371367;5369578;5371367;KPS004;;0,084895833;libero;https://search.corpuskiparla.it/corpus/conversations/KPS004.html;https://search.corpuskiparla.it/corpus/conversations/KPS004_jefferson.html;;;;;no;simmetrico;;;3;pasto;mi ci so'' seduta sopra // e li ho rotti // e allora io dico mo dico a mia madre e comincia a rompere // mi madre rompeva molto //;allora;scrivo a mio nonno // il padre di mia madre // e gli scrissi // e gl~ e gli dissi nonno fammi un piacere mandami gli occhiali;;;;;1;;;;;;;;;;;1;;;;;;;;;;;;;;0;;
KPS004;#617599;doc#78;2022;https://search.corpuskiparla.it/corpus/player/player.cgi?code=KPS004&begin=5749137&end=5755163;5749137;5755163;KPS004;;0,084895833;libero;https://search.corpuskiparla.it/corpus/conversations/KPS004.html;https://search.corpuskiparla.it/corpus/conversations/KPS004_jefferson.html;;;;;no;simmetrico;;;3;pasto;poi questa l''abitudine di casa di mia nonna era che finivano di mangiare lei con ste zie perchè la madre gli era morta xx //;allora;si mettevano a giocare a carte xx mia madre poi xx sempre in giro e se ne andavano a prendere il gelato insomma // erano;;;;;1;;;;;;;;;;;1;;;;;;;;;;;;;;0;;
KPS004;#619667;doc#78;2022;https://search.corpuskiparla.it/corpus/player/player.cgi?code=KPS004&begin=6411774&end=6416901;6411774;6416901;KPS004;;0,084895833;libero;https://search.corpuskiparla.it/corpus/conversations/KPS004.html;https://search.corpuskiparla.it/corpus/conversations/KPS004_jefferson.html;;;;;no;simmetrico;;;3;pasto;in previsione pot~ che potevano // che potevano peggiorare // perchè era l''inizio sai le cose eccetera // eccetera e lui;allora;disse allora mo prendo u~ una ca~ un''altra casa // l''ha presa lì eh // a quella lì dove // dove // vabbè dove ho vissuto io poi;1;1;;;;;;;;;;;;;;1;;;;;;;;;;;;;;0;;
KPS004;#620014;doc#78;2022;https://search.corpuskiparla.it/corpus/player/player.cgi?code=KPS004&begin=6520887&end=6522679;6520887;6522679;KPS004;;0,084895833;libero;https://search.corpuskiparla.it/corpus/conversations/KPS004.html;https://search.corpuskiparla.it/corpus/conversations/KPS004_jefferson.html;;;;;no;simmetrico;;;3;pasto;la sai sta cosa e lei la cristiana se n''è scesa // mhmh // per conto suo e io scesa per conto mio // xx quattro piani a piedi //;allora;non c''era l''ascensore // uscì e poi per fortuna c''erano dei bambini che mi conoscevano e disse~ stavo io in mano a due //;1;1;;;;;;;;;;;;;;;;;;;;;;;;;;;;0;;
PTA015;#633541;doc#81;2019;https://search.corpuskiparla.it/corpus/player/player.cgi?code=PTA015&begin=451170&end=452630;451170;452630;PTA015;;0,026111111;fisso;https://search.corpuskiparla.it/corpus/conversations/PTA015.html;https://search.corpuskiparla.it/corpus/conversations/PTA015_jefferson.html;;;;;sì;asimmetrico;;;2;intervista semistrutturata;come si chiamano // mh // che genere fate // eh // come sono nati // perché sono nati che // chemh mh raccontami qualcosa //;allora;eh // l''ultimo progetto con cui sto suonando suono in questo progetto il basso // eh siamo nati da circa un anno e mezzo //;;;;;1;;1;;;;;;;;;1;;1;;;;;;;;;;;;0;;
PTA015;#633860;doc#81;2019;https://search.corpuskiparla.it/corpus/player/player.cgi?code=PTA015&begin=568855&end=574700;568855;574700;PTA015;;0,026111111;fisso;https://search.corpuskiparla.it/corpus/conversations/PTA015.html;https://search.corpuskiparla.it/corpus/conversations/PTA015_jefferson.html;;;;;sì;asimmetrico;;;2;intervista semistrutturata;ha un non so un // nel senso come si chiama il gruppo come si chiama l''ep e le canzoni di cosa parlano che genere è // mh // okay;allora;il genere si può mettere dentro al // al genere indie // mh mh // che // che che va un po'' ora // come come nome // mh mh // ehmh //;;;;;1;1;;;;;;;;;;1;;;;;;;;;;;;;;1;;
PTA015;#636030;doc#81;2019;https://search.corpuskiparla.it/corpus/player/player.cgi?code=PTA015&begin=1375331&end=1376100;1375331;1376100;PTA015;;0,026111111;fisso;https://search.corpuskiparla.it/corpus/conversations/PTA015.html;https://search.corpuskiparla.it/corpus/conversations/PTA015_jefferson.html;;;;;sì;asimmetrico;;;2;intervista semistrutturata;i parenti di mia madre // cosa ti piac~ // che erano già qua // cosa ti piaceva di ruda? // hai dei ricordi? // ehmh //;allora;// sì ho ricordi anche perché diciamo // eh // mio padre continua a vivere lì ora che si sono separati e comunque quando lo;;;;;1;;;;;;;;;;;;;;;;;1;;;;;;;;0;;
PTA015;#636381;doc#81;2019;https://search.corpuskiparla.it/corpus/player/player.cgi?code=PTA015&begin=1509330&end=1511370;1509330;1511370;PTA015;;0,026111111;fisso;https://search.corpuskiparla.it/corpus/conversations/PTA015.html;https://search.corpuskiparla.it/corpus/conversations/PTA015_jefferson.html;;;;;sì;asimmetrico;;;2;intervista semistrutturata;// quella attuale // ti piace o ti piaceva più // qualcuna di prima? // o ti piacerà di più // la prossima? // // non lo so // eh;allora;casa mh // eh la casa che di sicuro mi è piaciuta di più era quella in cui ero fino a due ani f~ // d~ di più // eh // cinque anni fa;;;;;1;;;;;;;;;;;1;;;;;;;;;;;;;;0;;
PTA015;#636736;doc#81;2019;https://search.corpuskiparla.it/corpus/player/player.cgi?code=PTA015&begin=1659928&end=1662120;1659928;1662120;PTA015;;0,026111111;fisso;https://search.corpuskiparla.it/corpus/conversations/PTA015.html;https://search.corpuskiparla.it/corpus/conversations/PTA015_jefferson.html;;;;;sì;asimmetrico;;;2;intervista semistrutturata;lì è stata la mia primisisma // ahmh // primissimo lavoro che ho fatto sì // e cosa ti ha dato quest''esperienza? // ehmh //;allora;sicuramente tanto // perché ho vissuto da solo // in un appartamento condiviso comunque // da solo // mh mh // e // e quindi;;;;;1;;1;;;;;;;;;1;;1;;;;;;;;;;;;0;;
KPC001;#648874;doc#85;2022;https://search.corpuskiparla.it/corpus/player/player.cgi?code=KPC001&begin=250715&end=254110;250715;254110;KPC001;;0,022905093;libero;https://search.corpuskiparla.it/corpus/conversations/KPC001.html;https://search.corpuskiparla.it/corpus/conversations/KPC001_jefferson.html;;;;;no;simmetrico;;;2;pasto;i soldi // io l''ho fatto però te non avevi fatto quello // te però avevi fatto quello che ti aveva quello ch~ //;allora;magari l''ingresso a una spa per lei e lui // eh ma la spa è cinquanta euro a persona // come quello che ho fatto a mari // cento;;;;;1;;;;;;;;;;;1;;;;;;;;1;;;;;;1;;
KPC001;#652336;doc#85;2022;https://search.corpuskiparla.it/corpus/player/player.cgi?code=KPC001&begin=1486682&end=1488094;1486682;1488094;KPC001;;0,022905093;libero;https://search.corpuskiparla.it/corpus/conversations/KPC001.html;https://search.corpuskiparla.it/corpus/conversations/KPC001_jefferson.html;;;;;no;simmetrico;;;2;pasto;// perchè lui sta solo il martedì // ma non è vero // pomeriggio privata sì // per me sì // fa anche il giovedì ha detto //;allora;mi sbaglio io? // anzi l''altra volta aveva detto se vuoi puoi venire anche venerdì // allora me sbaglio io // la volta;;;;;1;;;;;;;;;;;;;;;;;;;1;;;;;;1;1;potrebbe non essere SD
KPC001;#652353;doc#85;2022;https://search.corpuskiparla.it/corpus/player/player.cgi?code=KPC001&begin=1490984&end=1491970;1490984;1491970;KPC001;;0,022905093;libero;https://search.corpuskiparla.it/corpus/conversations/KPC001.html;https://search.corpuskiparla.it/corpus/conversations/KPC001_jefferson.html;;;;;no;simmetrico;;;2;pasto;anche il giovedì ha detto // allora mi sbaglio io? // anzi l''altra volta aveva detto se vuoi puoi venire anche venerdì //;allora;me sbaglio io // la volta prima // adesso ci guardo oddio // boh // da cena cosa fai // ah non lo so non ho ancora deciso // io;;;;;1;;;;;;;;;;;;;;;;;;;;;;;;;0;1;potrebbe non essere SD
KPC001;#652673;doc#85;2022;https://search.corpuskiparla.it/corpus/player/player.cgi?code=KPC001&begin=1667855&end=1671192;1667855;1671192;KPC001;;0,022905093;libero;https://search.corpuskiparla.it/corpus/conversations/KPC001.html;https://search.corpuskiparla.it/corpus/conversations/KPC001_jefferson.html;;;;;no;simmetrico;;;2;pasto;// ma io so a casa // eh vabbè // tu c''hai lezione però // sì sì // ma poi non so se // quindi te sei a casa anche a pranzo // mh mh //;allora;io non non lo so di solito al mercoledì vado da giulia // che finisco all''una e mezza // capito // mh mh // lei mangia all''una;;;;;1;;;;;;;;;;;1;;1;;;;;;;;;;;;0;;è LA STESSA OCCORRENZA DI SOPRA
TOA1003;#669055;doc#88;2019;https://search.corpuskiparla.it/corpus/player/player.cgi?code=TOA1003&begin=5869&end=8734;5869;8734;TOA1003;;0,043506944;libero;https://search.corpuskiparla.it/corpus/conversations/TOA1003.html;https://search.corpuskiparla.it/corpus/conversations/TOA1003_jefferson.html;;;;;no;asimmetrico;;;3;ricevimento studenti;// cioè io credo che // e nei programmi di neri ha trovato qualcosa? // nei programmi di neri invece ho trovato due corsi //;allora;uno del duemilaquindici duemilaesedici che le avevo già segnalato // ehm e che affronta fa un confronto fra tre novelle;;;;;1;;;;;;;;;;;1;;1;;;;;;;;;;;;1;;
TOA1003;#669584;doc#88;2019;https://search.corpuskiparla.it/corpus/player/player.cgi?code=TOA1003&begin=143388&end=146876;143388;146876;TOA1003;;0,043506944;libero;https://search.corpuskiparla.it/corpus/conversations/TOA1003.html;https://search.corpuskiparla.it/corpus/conversations/TOA1003_jefferson.html;;;;;no;asimmetrico;;;3;ricevimento studenti;// va benissimo // perché s~ quindi erano disponibili presso // esat~ to // sì presso una copisteria // okay // va bene;allora;vediamo se neri mi può mandare qualche cosa // perché son proprio fondamentaliproprio l'' argomento fondamentale // e;;;;;1;1;;;;;;;;;;1;;;;;;;;;;;;;;1;;
TOA1003;#670473;doc#88;2019;https://search.corpuskiparla.it/corpus/player/player.cgi?code=TOA1003&begin=404635&end=407601;404635;407601;TOA1003;;0,043506944;libero;https://search.corpuskiparla.it/corpus/conversations/TOA1003.html;https://search.corpuskiparla.it/corpus/conversations/TOA1003_jefferson.html;;;;;no;asimmetrico;;;3;ricevimento studenti;tramite la biblioteca // mhmh // in tempi ragionevoli è ovvio che se mi dicono // va bene // certo // ci van due anni beh;allora;troviamo un altro sistema // no // certamente // piuttosto // per esempio il prestito interbibliotecario che è un'';1;;1;;;;;;;;;;;;;;;;;;;;;;;;;;;0;;
TOA1003;#670552;doc#88;2019;https://search.corpuskiparla.it/corpus/player/player.cgi?code=TOA1003&begin=430861&end=432899;430861;432899;TOA1003;;0,043506944;libero;https://search.corpuskiparla.it/corpus/conversations/TOA1003.html;https://search.corpuskiparla.it/corpus/conversations/TOA1003_jefferson.html;;;;;no;asimmetrico;;;3;ricevimento studenti;si può provare a vedere se si riesce a comprare // è inevitabile // a far acquisire dalla biblioteca // ah volentieri;allora;io controllo // guardo bene dove si può trovare // lei controlli // mi manda i link io vedo cosa riesco a fare // va bene // se;1;;1;;;;;;;;;;;;;;;;;;;;;;;;;;;0;;
TOA1003;#670708;doc#88;2019;https://search.corpuskiparla.it/corpus/player/player.cgi?code=TOA1003&begin=471156&end=472424;471156;472424;TOA1003;;0,043506944;libero;https://search.corpuskiparla.it/corpus/conversations/TOA1003.html;https://search.corpuskiparla.it/corpus/conversations/TOA1003_jefferson.html;;;;;no;asimmetrico;;;3;ricevimento studenti;con le domande // ah allor~ queste le sono tutte perché mi ero segnata i punti sì // no no sono tutti // i i punti che avevo //;allora;io direi // eh a questo punto le cose importanti sono due // beh innanzitutto è già un dato il fatto che // la rivista di;;;;;1;;1;;;;;;;;;1;;1;;;;;;;;;;;;0;;
TOA1003;#671523;doc#88;2019;https://search.corpuskiparla.it/corpus/player/player.cgi?code=TOA1003&begin=727542&end=730211;727542;730211;TOA1003;;0,043506944;libero;https://search.corpuskiparla.it/corpus/conversations/TOA1003.html;https://search.corpuskiparla.it/corpus/conversations/TOA1003_jefferson.html;;;;;no;asimmetrico;;;3;ricevimento studenti;un po'' a andiamo un po'' a quello che lei mi ha // sì ho cercato in base a tutte le cose che ho letto fino ad ora di ehm // no ma;allora;devo dire in generale // non è che vada male eh // cioè io mi aspettavo mo~ // per non averla ancora scritta diciamo in;;;;;1;1;1;;;;;;;;;1;;1;;;;;;;;;;;;1;;
TOA1003;#671894;doc#88;2019;https://search.corpuskiparla.it/corpus/player/player.cgi?code=TOA1003&begin=865532&end=868401;865532;868401;TOA1003;;0,043506944;libero;https://search.corpuskiparla.it/corpus/conversations/TOA1003.html;https://search.corpuskiparla.it/corpus/conversations/TOA1003_jefferson.html;;;;;no;asimmetrico;;;3;ricevimento studenti;// parafrasare // qualche cosa che ha ritrovato su un manu~ // su un libro che lei ha letto su un saggio che lei ha letto //;allora;in questo caso si fa la stessa cosa // ovviamente non usa le virgolette perché // non sta citando alla lettera // ma sta;;;;;1;;;;;;;;;;;1;;;;;;;;;;;;;;1;;
TOA1003;#672685;doc#88;2019;https://search.corpuskiparla.it/corpus/player/player.cgi?code=TOA1003&begin=1106767&end=1108646;1106767;1108646;TOA1003;;0,043506944;libero;https://search.corpuskiparla.it/corpus/conversations/TOA1003.html;https://search.corpuskiparla.it/corpus/conversations/TOA1003_jefferson.html;;;;;no;asimmetrico;;;3;ricevimento studenti;mh // nella stessa xxx // e non ero con~ non ero sicura appunto sul tipo di citazione // quindi quello sì effettivamente //;allora;ec~ per esempio sì // è una cosa è grossomo modo è quello che stavo per dirle no // per esempio la nota cinque no? // sì // lei;;;;;1;;1;;;;;;;;;1;;;;;;;;;;;;;;0;;
TOA1003;#673917;doc#88;2019;https://search.corpuskiparla.it/corpus/player/player.cgi?code=TOA1003&begin=1495315&end=1495643;1495315;1495643;TOA1003;;0,043506944;libero;https://search.corpuskiparla.it/corpus/conversations/TOA1003.html;https://search.corpuskiparla.it/corpus/conversations/TOA1003_jefferson.html;;;;;no;asimmetrico;;;3;ricevimento studenti;scientifica // per gli aspetti grafico e tipografici // qui c'' è uno spazio me ne rendo co~ // quasto forse anche? //;allora;// questo non va bene // mh // ma non va bene neanche il fatto che ehm non ci siano i rientri di prima // il il primo rigo di;;;;;1;;1;;;;;;;;;1;;1;;;;;;;;;;;;1;;
TOA1003;#674282;doc#88;2019;https://search.corpuskiparla.it/corpus/player/player.cgi?code=TOA1003&begin=1579703&end=1580206;1579703;1580206;TOA1003;;0,043506944;libero;https://search.corpuskiparla.it/corpus/conversations/TOA1003.html;https://search.corpuskiparla.it/corpus/conversations/TOA1003_jefferson.html;;;;;no;asimmetrico;;;3;ricevimento studenti;// ecco // come avevo fatto anche per l'' altra tesi // ecco però posso darle un suggerimento? // e è per quello che poi //;allora;// io forse gliel'' ho già detto // io ho due figlie che hanno grossomodo la sua età // sì // la più piccola si è laureata in;;;;;1;;1;;;;;;;;;1;;;;;;;;;;;;;;1;;
TOA1003;#674816;doc#88;2019;https://search.corpuskiparla.it/corpus/player/player.cgi?code=TOA1003&begin=1730285&end=1731335;1730285;1731335;TOA1003;;0,043506944;libero;https://search.corpuskiparla.it/corpus/conversations/TOA1003.html;https://search.corpuskiparla.it/corpus/conversations/TOA1003_jefferson.html;;;;;no;asimmetrico;;;3;ricevimento studenti;// ah // non è sempre così // quindi secondo me se lei riuscisse a lavorare direttamente su word sarebbe meglio // mh // no;allora;faccio così // oppure si faccia consigliare da qualcuno che ne sa più di me // faccio direttamente così // però io ho avuto;1;;1;;;;;;;;;;;;;;;;;;;;;;;;;;;1;;
TOA1003;#678156;doc#88;2019;https://search.corpuskiparla.it/corpus/player/player.cgi?code=TOA1003&begin=2908761&end=2909305;2908761;2909305;TOA1003;;0,043506944;libero;https://search.corpuskiparla.it/corpus/conversations/TOA1003.html;https://search.corpuskiparla.it/corpus/conversations/TOA1003_jefferson.html;;;;;no;asimmetrico;;;3;ricevimento studenti;// beh senti se per caso finiamo contemporaneamente t'' accompagno un pezzo così ti racconto che cosa ho fatto xxx // sì //;allora;// io credo di // dunque qui c'' è un equivoco probabilmente // nel senso che // ehm tutto questo // ha a che fare sicuramente;;;;;1;;;;;;;;;;;1;;;;;;;;;;;;;;0;1;come 4
TOA1003;#678684;doc#88;2019;https://search.corpuskiparla.it/corpus/player/player.cgi?code=TOA1003&begin=3134921&end=3136514;3134921;3136514;TOA1003;;0,043506944;libero;https://search.corpuskiparla.it/corpus/conversations/TOA1003.html;https://search.corpuskiparla.it/corpus/conversations/TOA1003_jefferson.html;;;;;no;asimmetrico;;;3;ricevimento studenti;incertezze // mh // va benissimo anche e incertezze // e incerte~ // ho capito // certo se fosse // sì lo evito // e evidenze;allora;no // mh // allora // perché è la stessa vocale // evide~ ho capito // questo vale sia per ed che per ad // solo quand'' è la;1;;1;;;;;;;;;;;;;;;;;;;;;;;;;;;0;;
TOA1003;#678929;doc#88;2019;https://search.corpuskiparla.it/corpus/player/player.cgi?code=TOA1003&begin=3247984&end=3248662;3247984;3248662;TOA1003;;0,043506944;libero;https://search.corpuskiparla.it/corpus/conversations/TOA1003.html;https://search.corpuskiparla.it/corpus/conversations/TOA1003_jefferson.html;;;;;no;asimmetrico;;;3;ricevimento studenti;// non è ehm // riscriverla? // perché a me non risulta mica chiara // si? // allora // andiamo avanti // anche qui //;allora;lei sc~ // a proposito di di girolamo e lee // lei scrive // i due studiosi concordano infatti nell'' affermare che //;;;;;1;;;;;;;;;;;1;;;;;;;;;;;;;;0;;
BOA1006;#684710;doc#90;2017/18;https://search.corpuskiparla.it/corpus/player/player.cgi?code=BOA1006&begin=84070&end=88646;84070;88646;BOA1006;;0,005729167;libero;https://search.corpuskiparla.it/corpus/conversations/BOA1006.html;https://search.corpuskiparla.it/corpus/conversations/BOA1006_jefferson.html;;;;;no;asimmetrico;;;2;ricevimento studenti;// nel caso io // avessi temuto che // un laureando in meno nella lista ci fosse stata un laureando in meno nella lista;allora;// eh // sì infatti ho l'' elenco dei laureandi quindi licia avevo visto che sì // sì no ma infatti ho chiesto s~ cioè chiedo;;;;;1;;;;;;;;;;;1;;1;;;;;;;;;;;;0;;
BOA1006;#685572;doc#90;2017/18;https://search.corpuskiparla.it/corpus/player/player.cgi?code=BOA1006&begin=413555&end=414897;413555;414897;BOA1006;;0,005729167;libero;https://search.corpuskiparla.it/corpus/conversations/BOA1006.html;https://search.corpuskiparla.it/corpus/conversations/BOA1006_jefferson.html;;;;;no;asimmetrico;;;2;ricevimento studenti;osservare tutte le sua // okay // sì sì sì // evoluzione dell'' interlingua se // se invece nel contesto della // okay;allora;abbiamo xx // delle scuole // com'' è che si chiama il centro di udine? // centro per il plurilinguismo se non sbaglio però;1;;1;;;;;;;;;;;;;;;;;;;;;;;;;;;1;1;"mi sembra anche abbia la stessa funzione di ""torniamo a noi"", ma non saprei come annotarla"
TOC1001;#699824;doc#94;2017/18;https://search.corpuskiparla.it/corpus/player/player.cgi?code=TOC1001&begin=449923&end=453859;449923;453859;TOC1001;;0,017372685;fisso;https://search.corpuskiparla.it/corpus/conversations/TOC1001.html;https://search.corpuskiparla.it/corpus/conversations/TOC1001_jefferson.html;;;;;sì;asimmetrico;;;2;esame;il debitomhche si è contratti che si è contratto nei confronti di uno strozzino ad esempio // sì mh // per esempio //;allora;ahle cosi~ le cosidette rimesse // ah sì giusto sìsìsì // le cosidette rimesse // hanno diverse funzioni certo non ce n'';;;;;1;;1;;;;1;;;;;;;;;;;;;;;;;;;0;1;
BOA1012;#715852;doc#97;2017/18;https://search.corpuskiparla.it/corpus/player/player.cgi?code=BOA1012&begin=202435&end=207480;202435;207480;BOA1012;;0,002488426;libero;https://search.corpuskiparla.it/corpus/conversations/BOA1012.html;https://search.corpuskiparla.it/corpus/conversations/BOA1012_jefferson.html;;;;;no;asimmetrico;;;2;ricevimento studenti;evitare di fare // sì // due esami orali lo stesso giorno // sì // certo // ehmh // a posto // xxx non penso ci siano problemi;allora;le scrivo per ricordarle dell'' orale poco // sì // sì sì no ma non si preoccupi perché sto facendo prorio la lista apposta;;;;;1;;;;;;;;;;;1;;1;;;;;;;;;;;;1;;
PBC022;#737388;doc#101;2022;https://search.corpuskiparla.it/corpus/player/player.cgi?code=PBC022&begin=1405&end=2805;1405;2805;PBC022;;0,025439815;fisso;https://search.corpuskiparla.it/corpus/conversations/PBC022.html;https://search.corpuskiparla.it/corpus/conversations/PBC022_jefferson.html;;;;;sì;asimmetrico;;;2;intervista semistrutturata;tanto se mi avesse dato del lei le avrei detto mi dia del tu in quel caso // quindi la ringrazio signora // di niente //;allora;nonna senti un po'' // mh // se io ti dico bologna a te che cosa ti viene in mente? // una città bellissima // sì? come mai? //;;;;;1;;;;;;;;;;;1;;;;;;;;;;;;;;1;;
PBC022;#738581;doc#101;2022;https://search.corpuskiparla.it/corpus/player/player.cgi?code=PBC022&begin=440040&end=440950;440040;440950;PBC022;;0,025439815;fisso;https://search.corpuskiparla.it/corpus/conversations/PBC022.html;https://search.corpuskiparla.it/corpus/conversations/PBC022_jefferson.html;;;;;sì;asimmetrico;;;2;intervista semistrutturata;tracolla // perchè c''erano gli scippatori // perchè diceva che non beh eh se la portavi così arrivavano e te la str~ // già;allora;eh // eh // e andavo da rossini rossini cos''era? // dottor rossini quando c''andavo // oh bembè (sospira // ah eh c''andavi;1;1;;;;;;;;;;;;;;;;;;;;;;;;;;;;0;;
PBC022;#739860;doc#101;2022;https://search.corpuskiparla.it/corpus/player/player.cgi?code=PBC022&begin=908506&end=913513;908506;913513;PBC022;;0,025439815;fisso;https://search.corpuskiparla.it/corpus/conversations/PBC022.html;https://search.corpuskiparla.it/corpus/conversations/PBC022_jefferson.html;;;;;sì;asimmetrico;;;2;intervista semistrutturata;c''era un affetto fra di noi che non adesso ce lo sogniamo // adesso c''è tanta // // secondo me tanta invidia // che poi non ha;allora;non sapevam neanche che cos''era perchè eravam tutti uguali // ma quindi te a bologna ci andavi // mic~ non c''andavi di;1;1;;;;;;;;;;;;;;;;;;;;;;;;;;;;0;;
PBC022;#743356;doc#101;2022;https://search.corpuskiparla.it/corpus/player/player.cgi?code=PBC022&begin=2186876&end=2187468;2186876;2187468;PBC022;;0,025439815;fisso;https://search.corpuskiparla.it/corpus/conversations/PBC022.html;https://search.corpuskiparla.it/corpus/conversations/PBC022_jefferson.html;;;;;sì;asimmetrico;;;2;intervista semistrutturata;però perché // mh // eh // mh // noi c''è xx se cia~ ciacaremo in dialet // ah // mh // penso anch''io nonna // mh // bene senti //;allora;// posso andare? // direi che puoi andare // è ritornato tuo padre? // mio pa~? // tuo nonno? // mio nonno è di là // adesso;;;;;1;1;;;;;;;;;;;;1;;;;;;1;;;;;;0;;
TOC1005;#748041;doc#103;2017/18;https://search.corpuskiparla.it/corpus/player/player.cgi?code=TOC1005&begin=267838&end=279063;267838;279063;TOC1005;;0,017314815;fisso;https://search.corpuskiparla.it/corpus/conversations/TOC1005.html;https://search.corpuskiparla.it/corpus/conversations/TOC1005_jefferson.html;;;;;sì;asimmetrico;;;2;esame;potesse rientrare neleh // nellamh nella proprietà dei beni di conseguenza si inserisce xxxx favore // ecco come;allora;eh chi non riceveva tutela dalle corti di common law era il settlor prima e poi? // sì // il settlore prima e anche i suoi d~;;;;;1;;1;;;;;;;;;1;;1;;;;;;;;;;;;1;;
PTA001;#751992;doc#104;2019;https://search.corpuskiparla.it/corpus/player/player.cgi?code=PTA001&begin=260800&end=261780;260800;261780;PTA001;;0,064236111;fisso;https://search.corpuskiparla.it/corpus/conversations/PTA001.html;https://search.corpuskiparla.it/corpus/conversations/PTA001_jefferson.html;;;;;sì;asimmetrico;;;3;intervista semistrutturata;// certo // hai mai vissuto fuori torino? // eh no // no? // ti trasferiresti all''estero per lavorare? // // // eh;allora;// eh il mio mestiere // eh mi permetterebbe di andare ovunque // più o meno a farlo // eh guadagnerei anche cifre molto più;;;;;1;;;;;;;;;;;;;1;;;;1;;;;;;;;1;;
PTA001;#758850;doc#104;2019;https://search.corpuskiparla.it/corpus/player/player.cgi?code=PTA001&begin=2362210&end=2363315;2362210;2363315;PTA001;;0,064236111;fisso;https://search.corpuskiparla.it/corpus/conversations/PTA001.html;https://search.corpuskiparla.it/corpus/conversations/PTA001_jefferson.html;;;;;sì;asimmetrico;;;3;intervista semistrutturata;dopo un po'' vanno tut~ // e il settimo proprio vedi che fanno fusioni // c''è un anno che hanno i soldi l''eureka settimo // e;allora;salgono // poi c''è altro settimo poi fanno la fusione poi si separano // ah già è vero // eh adesso // c''era pro settimo e //;1;1;1;;;;;;;;;;;;;;;;;;;;;;;;;;;0;;
PBB024;#767444;doc#105;2023;https://search.corpuskiparla.it/corpus/player/player.cgi?code=PBB024&begin=251917&end=252997;251917;252997;PBB024;;0,025868056;fisso;https://search.corpuskiparla.it/corpus/conversations/PBB024.html;https://search.corpuskiparla.it/corpus/conversations/PBB024_jefferson.html;;;;;sì;asimmetrico;;;2;intervista semistrutturata;mh più // eh con tante persone razze diverse tante persone quindi // anche più pericolose // d''accordo va bene //;allora;eh // per quanto riguarda invece le tradizioni più bolognesi vorrei chiederti // allora bologna si sa che è una città eh;;;;;1;;;;;;;;;;;1;;;;;;;;;;;;;;0;;
PBB024;#770885;doc#105;2023;https://search.corpuskiparla.it/corpus/player/player.cgi?code=PBB024&begin=1469735&end=1470027;1469735;1470027;PBB024;;0,025868056;fisso;https://search.corpuskiparla.it/corpus/conversations/PBB024.html;https://search.corpuskiparla.it/corpus/conversations/PBB024_jefferson.html;;;;;sì;asimmetrico;;;2;intervista semistrutturata;fatica quindi ho detto non ne vale la pena studio piuttosto che che chiedere e poi dover andare a san luca // va bene //;allora;// però san luca è veramente emozionante proprio andare lissù e vedi tutta bologna eh ti // ti apre proprio il cuore e //;;;;;1;;;;;;;;;;;1;;1;;;;;;;;;;;;0;;
PTD017;#773443;doc#106;2019;https://search.corpuskiparla.it/corpus/player/player.cgi?code=PTD017&begin=47494&end=55322;47494;55322;PTD017;;0,026643519;fisso;https://search.corpuskiparla.it/corpus/conversations/PTD017.html;https://search.corpuskiparla.it/corpus/conversations/PTD017_jefferson.html;;;;;sì;asimmetrico;;;2;intervista semistrutturata;hai frequentato le scuole lì e hai fatto tutto lì? // sì // sì sì // okay // e com''era il quartiere in cui stavi prima? // beh;allora;è molto almeno quarant''anni è molto cambiato negli anni poi io l''ho affrontato in punti diversi di corso giulio cesare;;;;;1;;;;;;;;;;;1;;1;;;;;;;;;;;;1;;
PBC003;#790660;doc#108;2021;https://search.corpuskiparla.it/corpus/player/player.cgi?code=PBC003&begin=1561380&end=1569006;1561380;1569006;PBC003;;0,052141204;fisso;https://search.corpuskiparla.it/corpus/conversations/PBC003.html;https://search.corpuskiparla.it/corpus/conversations/PBC003_jefferson.html;;;;;sì;asimmetrico;;;3;intervista semistrutturata;è pieno così oppure quei posti lì dove ci son tutti i negozi anche d''abbigliamento // è pieno // adesso xxx // mentre;allora;si andava in via indipendenza via ugo bassi piazza maggiore via d''azeglio e si girava lì // sì // c''era // tanti bambini;1;1;;;;;;;;;;;;;;;;;;;;;;;;;;;;1;;
PBC003;#795656;doc#108;2021;https://search.corpuskiparla.it/corpus/player/player.cgi?code=PBC003&begin=2992195&end=2997180;2992195;2997180;PBC003;;0,052141204;fisso;https://search.corpuskiparla.it/corpus/conversations/PBC003.html;https://search.corpuskiparla.it/corpus/conversations/PBC003_jefferson.html;;;;;sì;asimmetrico;;;3;intervista semistrutturata;mh // #ben t''ho dit che a me gnu in ment ca io quist chi ma sai che xx quei c''at zerca ti qui xx // sì sì // #è istruttivo da matti;allora;anc~ anche un vero bolognese non s~ non sa mica tut~ tu sta roba chi // sì probabilmente no // no no no no no no // ma ehm // a;;;;;;;;;;;;;;;;;;;;;;;;;;;;;;0;;
PBC003;#796349;doc#108;2021;https://search.corpuskiparla.it/corpus/player/player.cgi?code=PBC003&begin=3167010&end=3167800;3167010;3167800;PBC003;;0,052141204;fisso;https://search.corpuskiparla.it/corpus/conversations/PBC003.html;https://search.corpuskiparla.it/corpus/conversations/PBC003_jefferson.html;;;;;sì;asimmetrico;;;3;intervista semistrutturata;che io son sempre stata a bologna perchè son venuta su a bolo~ a a trovar la zia giuliana che avevo // sette anni // mh // e;allora;// stavo su anche dei due tre mesi qui // sì // perciò senti // allora // ero un po'' più abituata // sì // nel p~ nel palazzone;;;;;1;;;;;;;;;;;1;;;;;;;1;;;;;;;0;;audio poco chiaro, sento più guarda che allora
PBC003;#800962;doc#108;2021;https://search.corpuskiparla.it/corpus/player/player.cgi?code=PBC003&begin=4327716&end=4328196;4327716;4328196;PBC003;;0,052141204;fisso;https://search.corpuskiparla.it/corpus/conversations/PBC003.html;https://search.corpuskiparla.it/corpus/conversations/PBC003_jefferson.html;;;;;sì;asimmetrico;;;3;intervista semistrutturata;mi fa ma di chi è c~ c~ che c''ha xxxxx abbiam detto l''acqua ci han chiamati c''han // se mai s~ ( capitava) qualche cosa // e;allora;// han chiamato dopo lui era venuto a bologna è andato a vedere // era quel''altro là di però // era quel''altro di fianco;;;;;;;;;;;;;;;;;;;;;;;;;;;;;;0;;
PTB009;#804618;doc#109;2019;https://search.corpuskiparla.it/corpus/player/player.cgi?code=PTB009&begin=946247&end=947699;946247;947699;PTB009;;0,032696759;fisso;https://search.corpuskiparla.it/corpus/conversations/PTB009.html;https://search.corpuskiparla.it/corpus/conversations/PTB009_jefferson.html;;;;;sì;asimmetrico;;;4;intervista semistrutturata;e lì ce n''erano tanti quindi qua in zona? // eh ce n''erano tanti sì // anche il mio papà ha fatto un po'' il partigiano // ah //;allora;non ce l''ha detto // perché insomma si cercava di di tener segrete le cose // certo // e poi l''ho scoperto anche da un libro;1;1;;;;;;;;;;;;;;;;;;;;;;;;;;;;0;;non si capisce niente, ma credo che non ci sia l'occorrenza 
PTB009;#805056;doc#109;2019;https://search.corpuskiparla.it/corpus/player/player.cgi?code=PTB009&begin=1090051&end=1093622;1090051;1093622;PTB009;;0,032696759;fisso;https://search.corpuskiparla.it/corpus/conversations/PTB009.html;https://search.corpuskiparla.it/corpus/conversations/PTB009_jefferson.html;;;;;sì;asimmetrico;;;4;intervista semistrutturata;eh // eh ah // per esempio mia mamma mi raccontava che mio nonno aveva // una casa in barriera di milano // mh mh // e lì c''era;allora;c''era non vedevi una carrozzella per bambini // non esistevano c''era proprio // una popolazione molto povera // mh mh //;1;1;;;;;;;;;;;;;;;;;;;;;;;;;;;;0;;
PTB009;#807097;doc#109;2019;https://search.corpuskiparla.it/corpus/player/player.cgi?code=PTB009&begin=1710043&end=1712942;1710043;1712942;PTB009;;0,032696759;fisso;https://search.corpuskiparla.it/corpus/conversations/PTB009.html;https://search.corpuskiparla.it/corpus/conversations/PTB009_jefferson.html;;;;;sì;asimmetrico;;;4;intervista semistrutturata;una piccola pressa // per dirgli certo che // in questi cosa quanti altri sono // sono tanti // adesso ne ho quasi novanta;allora;ne avevo // forse trenta venticinque // eh eh insomma // sessantacinque anni le cose sono cambiate // è cambiato tanto //;1;1;;;;;;;;;;;;;;;;;;;;;;;;;;;;0;;
PTB009;#808421;doc#109;2019;https://search.corpuskiparla.it/corpus/player/player.cgi?code=PTB009&begin=2147278&end=2148479;2147278;2148479;PTB009;;0,032696759;fisso;https://search.corpuskiparla.it/corpus/conversations/PTB009.html;https://search.corpuskiparla.it/corpus/conversations/PTB009_jefferson.html;;;;;sì;asimmetrico;;;4;intervista semistrutturata;saliva si passava sopra // mh mh // e si scendeva // e facevamo tutti i giorni quella mezz''oretta // trovavamo insomma //;allora;si camminava // // eh sì // non ci dava fastidio // e quando stava lì com~ hai ricordi di // di quando eri più piccola appunto;1;1;;;;;;;;;;;;;;;;;;;;;;;;;;;;0;;
KPC002;#818406;doc#111;2020;https://search.corpuskiparla.it/corpus/player/player.cgi?code=KPC002&begin=681869&end=684783;681869;684783;KPC002;;0,034479167;libero;https://search.corpuskiparla.it/corpus/conversations/KPC002.html;https://search.corpuskiparla.it/corpus/conversations/KPC002_jefferson.html;;;;;no;simmetrico;;;3;pasto;quella dico xx // eh // però se non c''è il coso della provincia d''arezzo // eh quello non c''è io xxxxxxxxxxxxxxx // eh allo~;allora;xxx la macchina scusa che macchina è? // eh non se sa la macchina non se non se sa ha~ hanno fotografato la targa infatti mo;;;;;;;;;;;;;;;;;;;;;;;;1;;;;;;0;;
KPC002;#821093;doc#111;2020;https://search.corpuskiparla.it/corpus/player/player.cgi?code=KPC002&begin=1339499&end=1345920;1339499;1345920;KPC002;;0,034479167;libero;https://search.corpuskiparla.it/corpus/conversations/KPC002.html;https://search.corpuskiparla.it/corpus/conversations/KPC002_jefferson.html;;;;;no;simmetrico;;;3;pasto;// ma scusa ma non era più caruccia la libreria quella lì dalla parte dove ti avevo detto che ci stavano // ma se la metto lì;allora;mi spieghi perché per fare cioè se io voglio prendere un libro devo devo saltare il letto? // ma ne metti anche un''altro li;1;;1;;;;;;;;;;;;;;;;;;;;;;;;;;;0;;troppe voci sovrapposte, non capisco
KPC002;#824127;doc#111;2020;https://search.corpuskiparla.it/corpus/player/player.cgi?code=KPC002&begin=2194460&end=2198201;2194460;2198201;KPC002;;0,034479167;libero;https://search.corpuskiparla.it/corpus/conversations/KPC002.html;https://search.corpuskiparla.it/corpus/conversations/KPC002_jefferson.html;;;;;no;simmetrico;;;3;pasto;senso // sbagli un''altra volta // però insomma avrebbe dovuto prolungare di molto la sua quarantena in questo modo // e;allora;visto che per lavoro non voleva perdere troppi giorni // ha preso un appartemento // ha fatto quattordici giorni poi;;;;;1;;;;;;;;;;;1;;;;;;;;;;;;;;0;;
BOD2005;#854349;doc#116;2017/18;https://search.corpuskiparla.it/corpus/player/player.cgi?code=BOD2005&begin=1844823&end=1848432;1844823;1848432;BOD2005;;0,023009259;fisso;https://search.corpuskiparla.it/corpus/conversations/BOD2005.html;https://search.corpuskiparla.it/corpus/conversations/BOD2005_jefferson.html;;;;;sì;simmetrico;;;3;intervista semistrutturata;io ho dato // avrei dovuto darlo al secondo anno in realtà l'' ho dato a settembre del ter~ a ottobre novembre del terzo //;allora;io lo stavo studiando e il periodo in cui lo stavo studiando // non riuscivo ad ascoltare nient'' altro se non no fun dei sex;;;;;1;;;;;;;;;;;1;;;;;;;;;;;;;;0;;
BOD2005;#854544;doc#116;2017/18;https://search.corpuskiparla.it/corpus/player/player.cgi?code=BOD2005&begin=1901440&end=1903980;1901440;1903980;BOD2005;;0,023009259;fisso;https://search.corpuskiparla.it/corpus/conversations/BOD2005.html;https://search.corpuskiparla.it/corpus/conversations/BOD2005_jefferson.html;;;;;sì;simmetrico;;;3;intervista semistrutturata;// io pensavo che si stesse palummando proprio all'' ennesimo livello tipo // mado'' // mado'' no no // e poi se lo lecca // no;allora;leccare no amore // prima lo sbocca e poi se lo lecca // io volevo accarezzarlo solo che ora ho paura che mi lecchi // lascia;;;;;;;;;;;;;;;;;;;;;;;;;;;;;;0;;
PBC023;#858968;doc#117;2022;https://search.corpuskiparla.it/corpus/player/player.cgi?code=PBC023&begin=1770444&end=1773365;1770444;1773365;PBC023;;0,035706019;fisso;https://search.corpuskiparla.it/corpus/conversations/PBC023.html;https://search.corpuskiparla.it/corpus/conversations/PBC023_jefferson.html;;;;;sì;asimmetrico;;;2;intervista semistrutturata;ci sono degli monumenti delle tombe delle cose che sono favolose // peccato che // non tutti i giorni vengon spolverati e;allora;c''è un poco // di // di polvere sopra // però anche appunto l~ // la stessa la stessa certosa // che è il nostro cimi~ cioè il;1;;1;;;;;;;;;;;;;;;;;;;;;;;;;;;0;;il turno che dovrebbe contenere allora non è udibile
PBC023;#861380;doc#117;2022;https://search.corpuskiparla.it/corpus/player/player.cgi?code=PBC023&begin=2799050&end=2802170;2799050;2802170;PBC023;;0,035706019;fisso;https://search.corpuskiparla.it/corpus/conversations/PBC023.html;https://search.corpuskiparla.it/corpus/conversations/PBC023_jefferson.html;;;;;sì;asimmetrico;;;2;intervista semistrutturata;a fare le serali le superiori era // era abbastanza faticoso insomma perché // lavoravo la bambina la casa tutto eh;allora;// cioè la bambina // nel tempo poi era già grande però // non // non c''ho pensato insomma di continuare // non c''ho pensato;;;;;1;;;;;;;;1;;;;1;;;;;;;1;;;;;;0;;
PBC010;#867975;doc#118;2022;https://search.corpuskiparla.it/corpus/player/player.cgi?code=PBC010&begin=2202040&end=2212820;2202040;2212820;PBC010;;0,031319444;fisso;https://search.corpuskiparla.it/corpus/conversations/PBC010.html;https://search.corpuskiparla.it/corpus/conversations/PBC010_jefferson.html;;;;;sì;asimmetrico;;;2;intervista semistrutturata;è la portavoce // allora noi siamo in tanti qua dentro nel senso che abbiamo ventiquattro classi // eh ok~ // mhmh //;allora;eh ognuno fa eh di~ a inizio anno quando noi programmiamo le cose dici io non so quanti fanno teatro quanti fanno questo la;;;;;1;;;;;;;;;;;1;;;;;;;;;;;;;;1;;
PTB008;#872712;doc#120;2019;https://search.corpuskiparla.it/corpus/player/player.cgi?code=PTB008&begin=97617&end=98845;97617;98845;PTB008;;0,017592593;fisso;https://search.corpuskiparla.it/corpus/conversations/PTB008.html;https://search.corpuskiparla.it/corpus/conversations/PTB008_jefferson.html;;;;;sì;asimmetrico;;;3;intervista semistrutturata;// mh // eh di oggi e del passato // okay quindi le farò qualche domanda su com''è torino oggi come la vede lei e come era //;allora;// inanzitutto le eh devo chiedere // cioè le voglio chiedere da quanto tempo vive a torino nel senso // ha vissuto sempre;1;;;;;;;;;;;;;;;;;;;;;;;;;;;;;0;;
PTB008;#873767;doc#120;2019;https://search.corpuskiparla.it/corpus/player/player.cgi?code=PTB008&begin=466774&end=470828;466774;470828;PTB008;;0,017592593;fisso;https://search.corpuskiparla.it/corpus/conversations/PTB008.html;https://search.corpuskiparla.it/corpus/conversations/PTB008_jefferson.html;;;;;sì;asimmetrico;;;3;intervista semistrutturata;proprio a // no eh stavo io e lui era fuori eh a fare il suo lavoro // mh mh // però c''era due persone che ci davano una mano // sa;allora;c''era gli operai che lavoravano alla fiat facevano i turni // mh mh // e venivano a fare qualche mandavamo a far qualche;1;;;;;;;;;;;;;;;;;;;;;;;;;;;;;0;;
PTB008;#874650;doc#120;2019;https://search.corpuskiparla.it/corpus/player/player.cgi?code=PTB008&begin=704278&end=709472;704278;709472;PTB008;;0,017592593;fisso;https://search.corpuskiparla.it/corpus/conversations/PTB008.html;https://search.corpuskiparla.it/corpus/conversations/PTB008_jefferson.html;;;;;sì;asimmetrico;;;3;intervista semistrutturata;le ha frequentate penso sempre lì a borgo // là là in borgo vittorio sì sì sì // ehm come si chiamava la scuola? // eh // eh;allora;la ah eh giuseppe lievo si chiamava la le elementari // mh mh // e invece poi le commerciali sono andata in centro // mh // e;;;;;1;;;;;;;;;;;;;1;;;;;;;;;;;;0;;
PTB008;#877196;doc#120;2019;https://search.corpuskiparla.it/corpus/player/player.cgi?code=PTB008&begin=1405316&end=1405912;1405316;1405912;PTB008;;0,017592593;fisso;https://search.corpuskiparla.it/corpus/conversations/PTB008.html;https://search.corpuskiparla.it/corpus/conversations/PTB008_jefferson.html;;;;;sì;asimmetrico;;;3;intervista semistrutturata;di firmare la liberatoria // perché così insomma sia~ sia~ sia~ siamo sicuri che // sì io ho già firmato // certo certo //;allora;// le do la liberatoria intanto // e intanto magari finiamo // la penna // dammi la biro // le domande per me // uno // ehm //;;;;;1;;1;;;;;;;;;;;1;;;;;;;;;;;;0;;
TOC1007;#886019;doc#122;2017/18;https://search.corpuskiparla.it/corpus/player/player.cgi?code=TOC1007&begin=257401&end=273171;257401;273171;TOC1007;;0,014525463;fisso;https://search.corpuskiparla.it/corpus/conversations/TOC1007.html;https://search.corpuskiparla.it/corpus/conversations/TOC1007_jefferson.html;;;;;sì;asimmetrico;;;2;esame;tutte le persone dovevano comportarsi in maniera gentile e onesta nei confronti del prossimo // se questo non bastava;allora;si ricorreva al lii ovvero scritto lii co~ con due i che eh era diciamo la morale quindi tutto ciò che riguardava la morale;1;;1;;;;;;;;;;;;;;;;;;;;;;;;;;;1;;
TOC1007;#886163;doc#122;2017/18;https://search.corpuskiparla.it/corpus/player/player.cgi?code=TOC1007&begin=318852&end=325091;318852;325091;TOC1007;;0,014525463;fisso;https://search.corpuskiparla.it/corpus/conversations/TOC1007.html;https://search.corpuskiparla.it/corpus/conversations/TOC1007_jefferson.html;;;;;sì;asimmetrico;;;2;esame;ma coesistenti in cina cioè // sì // sì allorala tradizione confuciana e la tradizione legista // ecco // esattamente;allora;quali sono le concezioni alla base dell'' una o dell'' altra // inizialmente // sì ah le concezioni alla base allora la;;;;;1;;1;;;;;;;;;1;;1;;;;;;;;;;;;0;;
BOA1014;#895018;doc#124;2017/18;https://search.corpuskiparla.it/corpus/player/player.cgi?code=BOA1014&begin=73491&end=77935;73491;77935;BOA1014;;0,002951389;libero;https://search.corpuskiparla.it/corpus/conversations/BOA1014.html;https://search.corpuskiparla.it/corpus/conversations/BOA1014_jefferson.html;;;;;no;asimmetrico;;;2;ricevimento studenti;mi sono prenotata per il giorno dodici // il dodici giugno // giugno // sì // e io però me lo scrivo che lei ha il programma;allora;come si chiama lei? // gialli // gialli? // gialli // con due elle? // con due elle di londra // giulia // mh mh // allora //;;;;;1;;;;;;;;;;;1;;;;;;;;;;;;;;1;;
PTD008;#901280;doc#126;2019;https://search.corpuskiparla.it/corpus/player/player.cgi?code=PTD008&begin=287430&end=291640;287430;291640;PTD008;;0,021631944;fisso;https://search.corpuskiparla.it/corpus/conversations/PTD008.html;https://search.corpuskiparla.it/corpus/conversations/PTD008_jefferson.html;;;;;sì;asimmetrico;;;4;intervista semistrutturata;// sì sì sì // okay // eh eh come ti sei trovata nei diversi posti in cui hai vissuto? // cioè quali erano diaciamo? // mah;allora;ti dico a grugliasco ci andavo solo a dormire praticamente // okay // per cui // anche come amicizie giusto solo i;;;;;1;;;;;;;;;;;1;;1;;;;;;;;;;;;0;;
PTD008;#901387;doc#126;2019;https://search.corpuskiparla.it/corpus/player/player.cgi?code=PTD008&begin=322295&end=324335;322295;324335;PTD008;;0,021631944;fisso;https://search.corpuskiparla.it/corpus/conversations/PTD008.html;https://search.corpuskiparla.it/corpus/conversations/PTD008_jefferson.html;;;;;sì;asimmetrico;;;4;intervista semistrutturata;in provincia o in città? // no eh città // okay // va bene okay // città tutta la vita // sì sì sì // perché dici? // perché;allora;prima cosa io non guido // okay // per cui mi piace avere tutto comodo // // e quindi // e poi no io fuori no // // città sì sì;;;;;1;;;;;;;;;;;1;;;;;;;;;;;;;;1;;
PTD008;#902722;doc#126;2019;https://search.corpuskiparla.it/corpus/player/player.cgi?code=PTD008&begin=691953&end=694480;691953;694480;PTD008;;0,021631944;fisso;https://search.corpuskiparla.it/corpus/conversations/PTD008.html;https://search.corpuskiparla.it/corpus/conversations/PTD008_jefferson.html;;;;;sì;asimmetrico;;;4;intervista semistrutturata;vuoi andare al pub c''è il pub se ti vuoi far la passeggiata // sì questo sì // che pub ci sono in zona? // ce n''è unomh // ce n''è;allora;ce n''è uno piccolino // come si chiama quella via di là? // in corso lecce // mh mh // il cartoccio sul lato destro là // mh mh;;;;;;;;;;;;;;;;;;;;;;;;;;;;;;0;;
BOD2009;#920558;doc#129;2017/18;https://search.corpuskiparla.it/corpus/player/player.cgi?code=BOD2009&begin=722733&end=727135;722733;727135;BOD2009;;0,016458333;fisso;https://search.corpuskiparla.it/corpus/conversations/BOD2009.html;https://search.corpuskiparla.it/corpus/conversations/BOD2009_jefferson.html;;;;;sì;simmetrico;;;2;intervista semistrutturata;a letto stra tardi // e la mattina non si alzano mai a meno che non debbano fare delle cose cioè // assurdo xxxx // no no no;allora;i miei coin~ i miei coinquilini a parte che tipo a casa mia prima delle // vabbè ma loro lavorano e studiano // no non no;;;;;1;;;;;;;;;;;1;;;;;;;;;;;;;;0;;non mi pare di sentire allora in quella posizione
BOD2009;#922727;doc#129;2017/18;https://search.corpuskiparla.it/corpus/player/player.cgi?code=BOD2009&begin=1211842&end=1213892;1211842;1213892;BOD2009;;0,016458333;fisso;https://search.corpuskiparla.it/corpus/conversations/BOD2009.html;https://search.corpuskiparla.it/corpus/conversations/BOD2009_jefferson.html;;;;;sì;simmetrico;;;2;intervista semistrutturata;trovati subito // il giorno dopo mi son'' trasferito // xxxxx casa vabbè // che non capita a nessuno sta roba // no // vabbè;allora;tipo lui già tipo // già quando ci eravamo presentati lo capivi che il classico cagacazzo cioè nel senso // puntiglioso;;;;;1;1;;;;;;;;;;1;;;;;;;;;;;;;;0;;
BOD2009;#923314;doc#129;2017/18;https://search.corpuskiparla.it/corpus/player/player.cgi?code=BOD2009&begin=1347884&end=1349414;1347884;1349414;BOD2009;;0,016458333;fisso;https://search.corpuskiparla.it/corpus/conversations/BOD2009.html;https://search.corpuskiparla.it/corpus/conversations/BOD2009_jefferson.html;;;;;sì;simmetrico;;;2;intervista semistrutturata;attento cioè // poi i~ io avevo dei soggetti tipo arblin in casa che veramente devi stare attento // ah sì è vero // eh e;allora;tipo // ah no cioè xx te non ti devi permettere di entrare in camera mia camera mia è il mio spazio // ma proprio incazzato;;;;;1;1;;;;;;;;;;1;;;;;;;;;;;;;;0;;
PBA028;#943416;doc#132;2024;https://search.corpuskiparla.it/corpus/player/player.cgi?code=PBA028&begin=238580&end=244379;238580;244379;PBA028;;0,045601852;fisso;https://search.corpuskiparla.it/corpus/conversations/PBA028.html;https://search.corpuskiparla.it/corpus/conversations/PBA028_jefferson.html;;;;;sì;asimmetrico;;;3;intervista semistrutturata;bene // ma studi a bologna? // ah okay // sì all''unibo // eh ti piace bologna come città universitaria cioè esci magari x //;allora;io fino a quest''anno in realtà non l''ho vissuta molto come città universitaria anche perchè essendo pendolare // okay;;;;;1;;1;;;;;;;;;1;;;;;;;;;;;;;;0;;
PBA028;#946354;doc#132;2024;https://search.corpuskiparla.it/corpus/player/player.cgi?code=PBA028&begin=1023990&end=1026940;1023990;1026940;PBA028;;0,045601852;fisso;https://search.corpuskiparla.it/corpus/conversations/PBA028.html;https://search.corpuskiparla.it/corpus/conversations/PBA028_jefferson.html;;;;;sì;asimmetrico;;;3;intervista semistrutturata;// eh // esatto // eh // quindi secondo me // te invece che dic~ lei diceva che tu sei un po'' più elegantino xx // // no beh;allora;nel senso questa cosa qui non // // okay // a me come te non mi è mai non mi è capitato // okay // però ho visto che adesso non so;;;;;1;;1;;;;;;;;;;;;;;;;;;;;;;;1;;
BOD2008;#957479;doc#133;2017/18;https://search.corpuskiparla.it/corpus/player/player.cgi?code=BOD2008&begin=1380&end=1777;1380;1777;BOD2008;;0,021180556;fisso;https://search.corpuskiparla.it/corpus/conversations/BOD2008.html;https://search.corpuskiparla.it/corpus/conversations/BOD2008_jefferson.html;;;;;sì;simmetrico;;;2;intervista semistrutturata;// sente tutto // oka~ // vabbè niente io vi vi ringrazio direi che possiamo fare basta eh // grazie a te // okay // okay //;allora;// ciao come stai? // bene // allo~ puoi parlare anche di più eh di bene comunque eh intanto il registratore è partito //;;;;;1;;;;;;;;;;;1;;;;;;;;;;;;;;0;;
BOA3017;#983843;doc#138;2019;https://search.corpuskiparla.it/corpus/player/player.cgi?code=BOA3017&begin=366532&end=367062;366532;367062;BOA3017;;0,021087963;libero;https://search.corpuskiparla.it/corpus/conversations/BOA3017.html;https://search.corpuskiparla.it/corpus/conversations/BOA3017_jefferson.html;;;;;no;simmetrico;;;4;conversazione libera;prima che te la dico // // allora s'' è messa da seduta sulehmh // sulla sedia quella che c'' ha lei là in camera // mh mh //;allora;// eh la sedia la cosa come si chiama? // sedia // la sedia // // // la sedia gi~ mh girevole quindi // eh no eh sì quella da;;;;;1;;;;;1;;;;;;;;;;;;;;;;;;;;0;;
BOD1003;#1000411;doc#141;2017/18;https://search.corpuskiparla.it/corpus/player/player.cgi?code=BOD1003&begin=551655&end=553988;551655;553988;BOD1003;;0,058460648;fisso;https://search.corpuskiparla.it/corpus/conversations/BOD1003.html;https://search.corpuskiparla.it/corpus/conversations/BOD1003_jefferson.html;;;;;no;asimmetrico;;;1;lezione;tre quello che veniva anche qui era una curva che più o meno è una campana // più o meno ma insomm~ // ci assomigliavano //;allora;questa osservazione che // abbiamo fatto ieri noi // in realtà l'' aveva già fatta gauss eh duecendo e passa anni fa // e;;;;;1;;;;;;;;;;;1;;;;;;;;;;;;;;0;;
BOD1003;#1000871;doc#141;2017/18;https://search.corpuskiparla.it/corpus/player/player.cgi?code=BOD1003&begin=759908&end=762482;759908;762482;BOD1003;;0,058460648;fisso;https://search.corpuskiparla.it/corpus/conversations/BOD1003.html;https://search.corpuskiparla.it/corpus/conversations/BOD1003_jefferson.html;;;;;no;asimmetrico;;;1;lezione;ad aggiungere e assomiglia sempre di più a una sfera a una palla con degli specchietti sempre più piccoli e una sfera //;allora;con la sfera // quello che succede è che ogni punto della singola sfera // io lo devo considerare come // un affare di;;;;;1;;;;;;;;;;;1;;;;;;;;;;;;;;0;;
BOD1003;#1006939;doc#141;2017/18;https://search.corpuskiparla.it/corpus/player/player.cgi?code=BOD1003&begin=4451741&end=4453770;4451741;4453770;BOD1003;;0,058460648;fisso;https://search.corpuskiparla.it/corpus/conversations/BOD1003.html;https://search.corpuskiparla.it/corpus/conversations/BOD1003_jefferson.html;;;;;no;asimmetrico;;;1;lezione;che sia più di quaranta // ci siete? // ci siete? // quant'' è? // zero punto zero nove diciotto // mh conto fatto come? //;allora;quanto viene zeta // uno virgola trentatré // uno virgola trentatré quindi dobbiamo andare a vedere // uno virgola;;;;;1;;;;;;;;;;;1;;;;;;;;;;;;;;0;;
BOD1003;#1007188;doc#141;2017/18;https://search.corpuskiparla.it/corpus/player/player.cgi?code=BOD1003&begin=4551299&end=4556427;4551299;4556427;BOD1003;;0,058460648;fisso;https://search.corpuskiparla.it/corpus/conversations/BOD1003.html;https://search.corpuskiparla.it/corpus/conversations/BOD1003_jefferson.html;;;;;no;asimmetrico;;;1;lezione;// nove per cento // sì sì ma son numeri chiaramente tirati a caso questi qui no ma in questo caso verrebbe nove per cento //;allora;però attenzione a maggior ragione anche se venisse il nove per cento // non vuol dire che viene nove volte ogni cento anni;;;;;1;;;;;;;;;;;;;1;;;;;;;;;;;;0;;
TOC1004;#1022844;doc#146;2017/18;https://search.corpuskiparla.it/corpus/player/player.cgi?code=TOC1004&begin=94125&end=94640;94125;94640;TOC1004;;0,047349537;fisso;https://search.corpuskiparla.it/corpus/conversations/TOC1004.html;https://search.corpuskiparla.it/corpus/conversations/TOC1004_jefferson.html;;;;;sì;asimmetrico;;;3;esame;delle sale parto abbiamo praticamente ehmh // delle gabbie parto all'' i~ che si trovano all'' interno di box parto //;allora;// i box parto praticamente eh presentano una superficie di suolo intorno ai cinque virgola cinque metri quadrati // e;;;;;1;;;;;;;;;;;1;;;;;;;;;;;;;;0;;
TOC1004;#1027854;doc#146;2017/18;https://search.corpuskiparla.it/corpus/player/player.cgi?code=TOC1004&begin=1667383&end=1669082;1667383;1669082;TOC1004;;0,047349537;fisso;https://search.corpuskiparla.it/corpus/conversations/TOC1004.html;https://search.corpuskiparla.it/corpus/conversations/TOC1004_jefferson.html;;;;;sì;asimmetrico;;;3;esame;// no no no no ma ci ci macherebbe ancora basta basta che uno abbia la consapevolezza di che cosa // di che cosa sta facendo;allora;// allora eh // i principali diciamo problemi che si possono riscontrare in post partum e ch~ che riguardano la scrofa;;;;;1;;;;;;;1;;;;;;;;;;;;;;;;;;0;;
TOC1004;#1028137;doc#146;2017/18;https://search.corpuskiparla.it/corpus/player/player.cgi?code=TOC1004&begin=1762596&end=1766637;1762596;1766637;TOC1004;;0,047349537;fisso;https://search.corpuskiparla.it/corpus/conversations/TOC1004.html;https://search.corpuskiparla.it/corpus/conversations/TOC1004_jefferson.html;;;;;sì;asimmetrico;;;3;esame;nel peripartum un una metrite nella scrofa // allora eh // quali sono le ragioni // prin~ principalmente diciamo eh;allora;si possono manifestare per // mancata evoluzione degli invogli fetali // che può determinare infezioni diciamo;;;;;1;1;;;;;;;;;;;;;;;;1;;;;;;;;0;;
TOC1004;#1031433;doc#146;2017/18;https://search.corpuskiparla.it/corpus/player/player.cgi?code=TOC1004&begin=2910926&end=2911916;2910926;2911916;TOC1004;;0,047349537;fisso;https://search.corpuskiparla.it/corpus/conversations/TOC1004.html;https://search.corpuskiparla.it/corpus/conversations/TOC1004_jefferson.html;;;;;sì;asimmetrico;;;3;esame;lo svezzamento e l'' estro // ehmh // ehmh // cioè qui in effetti vede che c'' è // ci sono due entrate no in qualche modo // sì //;allora;l'' intervallo // di ritorno in calore da questo punto di vista // è influenzato da // e quindi poi anche la percentuale;;;;;1;;;;;;;;;;;1;;;;;;;;;;;;;;0;;
TOC1004;#1032200;doc#146;2017/18;https://search.corpuskiparla.it/corpus/player/player.cgi?code=TOC1004&begin=3155938&end=3159718;3155938;3159718;TOC1004;;0,047349537;fisso;https://search.corpuskiparla.it/corpus/conversations/TOC1004.html;https://search.corpuskiparla.it/corpus/conversations/TOC1004_jefferson.html;;;;;sì;asimmetrico;;;3;esame;l'' all~l'' allevamento dove siamo andati no // ci descriva in grandi linee come funziona l'' allevamento // okay //;allora;ehpraticamente in un allevamento di tacchini ehmh // eh per prima cosa diciamo c'' è da dire che comunque eh i tacchini;;;;;1;1;1;;;;;;;;;1;;;;;;;;;;;;;;0;;
BOC1007;#1058452;doc#149;2017/18;https://search.corpuskiparla.it/corpus/player/player.cgi?code=BOC1007&begin=167830&end=171310;167830;171310;BOC1007;;0,017615741;fisso;https://search.corpuskiparla.it/corpus/conversations/BOC1007.html;https://search.corpuskiparla.it/corpus/conversations/BOC1007_jefferson.html;;;;;sì;asimmetrico;;;2;esame;// nel processo didattico // e ehmh // ehmh che cosa si intende // con il concetto di utilità // di un di un test // okayi;allora;innanzitutto uneh uneh // un tes~ un language testing cioè una una valutazione di lingue // è unamh // una valutazione;;;;;1;1;1;;;;;;;;;1;;;;;;;;;;;;;;1;;
PBB027;#1068977;doc#150;2024;https://search.corpuskiparla.it/corpus/player/player.cgi?code=PBB027&begin=1782621&end=1788288;1782621;1788288;PBB027;;0,031122685;fisso;https://search.corpuskiparla.it/corpus/conversations/PBB027.html;https://search.corpuskiparla.it/corpus/conversations/PBB027_jefferson.html;;;;;sì;asimmetrico;;;3;intervista semistrutturata;// ma se ne hai un altro puoi raccontarlo // beh c''era una per~ // beh oddio // non si può dire l''altro l''altro don // eh? //;allora;c''era un don che portava sfortuna che non si può dire il cognome perchè portava sfortuna proprio quando tu pronunciavi;;;;;1;;;;;;;;;;;1;;;;;;;;;;;;;;1;;
PBB027;#1070922;doc#150;2024;https://search.corpuskiparla.it/corpus/player/player.cgi?code=PBB027&begin=2277793&end=2280998;2277793;2280998;PBB027;;0,031122685;fisso;https://search.corpuskiparla.it/corpus/conversations/PBB027.html;https://search.corpuskiparla.it/corpus/conversations/PBB027_jefferson.html;;;;;sì;asimmetrico;;;3;intervista semistrutturata;ti viene naturale // se parlo con una perso~ no se parlo con una persona che parla in dialetto // sì // mhmh // qualcosa ti //;allora;mi vien da parlare in dialetto e non me accorgo nea~ e non me ne accorgo neanche // qual~ // qualcosa ti vie~ // ma magari;;;;;1;;1;;;;;;;;;;;;;;;;;;;;;;;0;;
PBB027;#1071322;doc#150;2024;https://search.corpuskiparla.it/corpus/player/player.cgi?code=PBB027&begin=2362709&end=2367809;2362709;2367809;PBB027;;0,031122685;fisso;https://search.corpuskiparla.it/corpus/conversations/PBB027.html;https://search.corpuskiparla.it/corpus/conversations/PBB027_jefferson.html;;;;;sì;asimmetrico;;;3;intervista semistrutturata;// oh eh xxxxxxx // di frasi di dialetto di // mica siamo nel duemilaventiquattro // no perchè mi dite son differenze;allora;tu dici ehm lì si dice così qua si dice colà // eh // no ma no se no non no // non sono così ferrato non sono così ferrato di di;;;;;1;;;;;;;;;;;1;;;;1;1;;;;;;;;;0;;
PBC025;#1076708;doc#152;2024;https://search.corpuskiparla.it/corpus/player/player.cgi?code=PBC025&begin=6821&end=8405;6821;8405;PBC025;;0,036319444;fisso;https://search.corpuskiparla.it/corpus/conversations/PBC025.html;https://search.corpuskiparla.it/corpus/conversations/PBC025_jefferson.html;;;;;sì;asimmetrico;;;3;intervista semistrutturata;știe când lai văzut // #_nu acuma lai văzut // okay // allora possiamo andare // quando vuoi possiamo iniziare // bene //;allora;in che zona di bologna vivi? // quartiere san vitale // ed è una zona che ti piace? // moltissimo // sì // ehm è ben collegata;;;;;1;;;;;;;;;;;1;;;;;;;;;;;;;;1;;
BOA3001;#1089710;doc#153;2017/18;https://search.corpuskiparla.it/corpus/player/player.cgi?code=BOA3001&begin=939666&end=945316;939666;945316;BOA3001;;0,047476852;libero;https://search.corpuskiparla.it/corpus/conversations/BOA3001.html;https://search.corpuskiparla.it/corpus/conversations/BOA3001_jefferson.html;;;;;no;simmetrico;;;2;conversazione libera;questo // magari è più tranquillo ed è meno imprevedibile diciamo perché // sì // cioè c'' ha quarant'' anni tra un po'' // //;allora;aspe~ lina perdonami però vabbè giusto per farci due risate nel~ senza cattiveria // sì ma tanto io non la conosco quindi;;;;;1;;;;;;;;;;;1;;;;;;;;;;;;;;0;;
BOA3001;#1095661;doc#153;2017/18;https://search.corpuskiparla.it/corpus/player/player.cgi?code=BOA3001&begin=3148541&end=3151758;3148541;3151758;BOA3001;;0,047476852;libero;https://search.corpuskiparla.it/corpus/conversations/BOA3001.html;https://search.corpuskiparla.it/corpus/conversations/BOA3001_jefferson.html;;;;;no;simmetrico;;;2;conversazione libera;da mamma di due figli sempre trafelata a super sexy // bello // ah ho capito ho capito che film è ho capito sì sì sì // lei;allora;la metton tutt~ in tiro e allora lì madonna // poi si vede proprio il passaggio perché passa dall'' essere tutta struccata;;;;;1;;;;;;;;;;;1;;;;;;;;;;;;;;0;;
BOA3001;#1095668;doc#153;2017/18;https://search.corpuskiparla.it/corpus/player/player.cgi?code=BOA3001&begin=3148541&end=3151758;3148541;3151758;BOA3001;;0,047476852;libero;https://search.corpuskiparla.it/corpus/conversations/BOA3001.html;https://search.corpuskiparla.it/corpus/conversations/BOA3001_jefferson.html;;;;;no;simmetrico;;;2;conversazione libera;trafelata a super sexy // bello // ah ho capito ho capito che film è ho capito sì sì sì // lei allora la metton tutt~ in tiro e;allora;lì madonna // poi si vede proprio il passaggio perché passa dall'' essere tutta struccata vestita da mamma così intanto;;;;;1;;;;;;;;;;;1;;;;;;;;;;;;;;0;;
BOA3021;#1125990;doc#160;2019;https://search.corpuskiparla.it/corpus/player/player.cgi?code=BOA3021&begin=823042&end=830019;823042;830019;BOA3021;;0,04974537;libero;https://search.corpuskiparla.it/corpus/conversations/BOA3021.html;https://search.corpuskiparla.it/corpus/conversations/BOA3021_jefferson.html;;;;;no;simmetrico;;;4;conversazione libera;no eh a luglio // che culo // a luglio // a lugl~ per luglio però ci organizziamo prima sì sì // però avete già iniziato x // eh;allora;abbiamo fatto eh loro in realtà questi due che diciamo ci son stati simpatici in realtà mh // uno di loro due l~ già lo;;;;;1;;;;;;;;;;;1;;;;;;;;;;;;;;0;;
BOA3021;#1130589;doc#160;2019;https://search.corpuskiparla.it/corpus/player/player.cgi?code=BOA3021&begin=2336801&end=2337579;2336801;2337579;BOA3021;;0,04974537;libero;https://search.corpuskiparla.it/corpus/conversations/BOA3021.html;https://search.corpuskiparla.it/corpus/conversations/BOA3021_jefferson.html;;;;;no;simmetrico;;;4;conversazione libera;// // chi è? // mi sembra che ci fosse anche lui sì // mi sa~ // ah no diceva questi due // leggetelo perché // allora //;allora;// che ci saranno le elezioni a breve // eh israele non è lo stato de~ non è uno stato di tutti i suoi cittadini israele // eh è;;;;;1;;1;;;;;;;;;;;;;;;;;;;;;;;0;;
BOD2006;#1137744;doc#161;2017/18;https://search.corpuskiparla.it/corpus/player/player.cgi?code=BOD2006&begin=200050&end=203210;200050;203210;BOD2006;;0,013159722;fisso;https://search.corpuskiparla.it/corpus/conversations/BOD2006.html;https://search.corpuskiparla.it/corpus/conversations/BOD2006_jefferson.html;;;;;sì;simmetrico;;;2;intervista semistrutturata;// praticamente non non copro nessuna distanza a piedi // mh okay quindi // tranne quando voglio uscire per bere // okay;allora;ti conviene andare a piedi in ogni caso // quindi ti piacerebbe spostarti non vorresti rimanere in quel quartiere? //;;;;;1;;;;;;;;;;;;;;;;;;;;;;;;;0;;
TOD2002;#1141089;doc#162;2017/18;https://search.corpuskiparla.it/corpus/player/player.cgi?code=TOD2002&begin=214155&end=217166;214155;217166;TOD2002;;0,011493056;fisso;https://search.corpuskiparla.it/corpus/conversations/TOD2002.html;https://search.corpuskiparla.it/corpus/conversations/TOD2002_jefferson.html;;;;;sì;simmetrico;;;2;intervista semistrutturata;cani // soprattutto // okay // senti allora so che te l'' ho già chiesto ma la casa dove vivi ora come è fatta? // // okay //;allora;ora è un po'' che me la immagino questa casa quindi // eh // sempre una casa molto grande una cascina di campagna ah così;;;;;1;1;1;;;;;;;;;1;;1;;;;;;;;;;;;0;;
KPS007;#1144676;doc#163;2020;https://search.corpuskiparla.it/corpus/player/player.cgi?code=KPS007&begin=264607&end=266016;264607;266016;KPS007;;0,0259375;libero;https://search.corpuskiparla.it/corpus/conversations/KPS007.html;https://search.corpuskiparla.it/corpus/conversations/KPS007_jefferson.html;;;;;no;simmetrico;;;2;pasto;e gli arancione // non so se anche ah forse anche vali // mhmhmh // ehm // okay // vabbè pensiamo all''outfit // ecco // eh //;allora;maria si mette // non so se l''hai visto il vestito quello suo di paillettes tipo corto argentato // mh no // eh mood;;;;;1;;;;;;;;;;;1;;;;;;;;;;;;;;1;;
KPS007;#1148580;doc#163;2020;https://search.corpuskiparla.it/corpus/player/player.cgi?code=KPS007&begin=1539045&end=1540939;1539045;1540939;KPS007;;0,0259375;libero;https://search.corpuskiparla.it/corpus/conversations/KPS007.html;https://search.corpuskiparla.it/corpus/conversations/KPS007_jefferson.html;;;;;no;simmetrico;;;2;pasto;gli outfit // // no che ci mettiamo? // allora questo potrebbe essere un buon punto di partenza per decidere // zozza //;allora;io o mi metto la tua tuta nera // mh // un po'' basic dici? // un po'' basic // però vabbè dipende anche da cosa ci metti sotto eh;;;;;1;;;;;;;;;;;1;;1;;;;;;;;;;;;0;;
KPC006;#1151970;doc#164;2021;https://search.corpuskiparla.it/corpus/player/player.cgi?code=KPC006&begin=403886&end=405747;403886;405747;KPC006;;0,022881944;libero;https://search.corpuskiparla.it/corpus/conversations/KPC006.html;https://search.corpuskiparla.it/corpus/conversations/KPC006_jefferson.html;;;;;no;simmetrico;;;2;pasto;ma allora perché fa no me ce dispiace perché volevo stacce a pranzo con nonna anche per conosce sta signora nuova // e;allora;babbo me fa ma // allora perché non stiamo insieme a pranzo domenica tanto // cioè che che problema c''è // mh // te non te;;;;;1;;;;;;;;;;;1;;;;;;;;;;;;;;1;;
KPC006;#1152367;doc#164;2021;https://search.corpuskiparla.it/corpus/player/player.cgi?code=KPC006&begin=573865&end=576249;573865;576249;KPC006;;0,022881944;libero;https://search.corpuskiparla.it/corpus/conversations/KPC006.html;https://search.corpuskiparla.it/corpus/conversations/KPC006_jefferson.html;;;;;no;simmetrico;;;2;pasto;su il cimitero c''ha una maniera // sì ah // io dico // è una cosa ehm non so // segue seguita è una cosa profonda vedrai //;allora;ho preso questi qua // eh // frutta e cereali muesli // vabbè // tu ce l''hai il cucchiarino? // sì sì // ecco allora // oh come;;;;;1;;1;;;;;;;;;1;;;;;;;;;;;;;;0;;
KPC006;#1152452;doc#164;2021;https://search.corpuskiparla.it/corpus/player/player.cgi?code=KPC006&begin=603858&end=605402;603858;605402;KPC006;;0,022881944;libero;https://search.corpuskiparla.it/corpus/conversations/KPC006.html;https://search.corpuskiparla.it/corpus/conversations/KPC006_jefferson.html;;;;;no;simmetrico;;;2;pasto;già inizi con l''esami // eh sì // c''ho un esame il quattro poi ce ne ho un paio a dicembre // è tanti però // cinese a gennaio //;allora;ce l''hai sempre // eh sì // anno scorso te t''ha cominciato tardi te ricordi l''altro anno // sì // no a~ allora no l''anno;;;;;1;;;;;;;;;;;;;;;;;;;;;;;;;1;;
KPC006;#1153734;doc#164;2021;https://search.corpuskiparla.it/corpus/player/player.cgi?code=KPC006&begin=1061719&end=1066362;1061719;1066362;KPC006;;0,022881944;libero;https://search.corpuskiparla.it/corpus/conversations/KPC006.html;https://search.corpuskiparla.it/corpus/conversations/KPC006_jefferson.html;;;;;no;simmetrico;;;2;pasto;da studiare sempre da legge // io vedo quella de // de matteo là mh sara // mh // che essa è laureata su lettere moderne e;allora;// lavora su una scuola // e sarà eh mh // fa mh fa mh la scuola a mh e ragazze più piccole // eh però glie deve essa // come;1;;1;;;;;;;;;;;;;;;;;;;;;;;;;;;0;;
KPC006;#1155704;doc#164;2021;https://search.corpuskiparla.it/corpus/player/player.cgi?code=KPC006&begin=1777524&end=1781476;1777524;1781476;KPC006;;0,022881944;libero;https://search.corpuskiparla.it/corpus/conversations/KPC006.html;https://search.corpuskiparla.it/corpus/conversations/KPC006_jefferson.html;;;;;no;simmetrico;;;2;pasto;sul telefono // ambè c''hai questo // come fa la sera tante volte // eh ehm dice // pierina mh voi sta su? no io c''ho sonno;allora;io vo'' là la camera // mh // se mette lì la camera // c''ha s~ so cellulare guarda quello guarda quell''altro // ma tipo oggi;;;;;1;;;;;;;;;;;;;;;;;;;;;;;;;0;;
PBA030;#1156770;doc#165;2024;https://search.corpuskiparla.it/corpus/player/player.cgi?code=PBA030&begin=117667&end=119149;117667;119149;PBA030;;0,02712963;fisso;https://search.corpuskiparla.it/corpus/conversations/PBA030.html;https://search.corpuskiparla.it/corpus/conversations/PBA030_jefferson.html;;;;;sì;asimmetrico;;;3;intervista semistrutturata;so cosa vi piace in particolare del fatto // che studiate a bologna // cioè pensate che sia organizzato bene non lo so mh //;allora;de eh // il mio corso // ehm secondo me la pecca è che // essendo diviso in eh eh // ostetricia è diviso in bologna e rimini //;;;;;1;;1;;;;;;;;;;;;;;;;;;;;;;;0;;
PBA030;#1162949;doc#165;2024;https://search.corpuskiparla.it/corpus/player/player.cgi?code=PBA030&begin=1727475&end=1728942;1727475;1728942;PBA030;;0,02712963;fisso;https://search.corpuskiparla.it/corpus/conversations/PBA030.html;https://search.corpuskiparla.it/corpus/conversations/PBA030_jefferson.html;;;;;sì;asimmetrico;;;3;intervista semistrutturata;sedute migliori // okay // e anche il riscaldamento va bene // ottimo // e tu tu che in zona studi? // io ho le due versione;allora;// // quest''anno eh sono faccio lezione al san~ al sant''orsola // okay // eh mh // la sede di anatomia che è vicino a fisica;;;;;1;;;;;;;;;;;1;;1;;;;;;;;;;;;0;;
BOD1009;#1167344;doc#166;2017/18;https://search.corpuskiparla.it/corpus/player/player.cgi?code=BOD1009&begin=943635&end=951795;943635;951795;BOD1009;;0,042372685;fisso;https://search.corpuskiparla.it/corpus/conversations/BOD1009.html;https://search.corpuskiparla.it/corpus/conversations/BOD1009_jefferson.html;;;;;no;asimmetrico;;;1;lezione;che passa attraverso lo // lo schema delle relazioni internazionali che noi abbiamo cosí bene studiato // bene? mh //;allora;per capire il rapporto per capire lo spazio politico internazionale ancora una volta bisogna avere consapevolezza;;;;;1;;;;;;;;;;;1;;;;;;;;;;;;;;1;;
BOD1009;#1171044;doc#166;2017/18;https://search.corpuskiparla.it/corpus/player/player.cgi?code=BOD1009&begin=2826598&end=2832620;2826598;2832620;BOD1009;;0,042372685;fisso;https://search.corpuskiparla.it/corpus/conversations/BOD1009.html;https://search.corpuskiparla.it/corpus/conversations/BOD1009_jefferson.html;;;;;no;asimmetrico;;;1;lezione;no? non funzionano eh il missile sembra arrivato // mille chilometri // mille chilometri // lo spazio attraversato //;allora;lo spazio diviso lo spazio attraversato lo spazio penetrato partizionato // non c'' è lo spazio oggettivo // nella;;;;;1;;;;;;;;;;;1;;;;;;;;;;;;;;0;;
PBC018;#1172675;doc#167;2022;https://search.corpuskiparla.it/corpus/player/player.cgi?code=PBC018&begin=14407&end=15407;14407;15407;PBC018;;0,02625;fisso;https://search.corpuskiparla.it/corpus/conversations/PBC018.html;https://search.corpuskiparla.it/corpus/conversations/PBC018_jefferson.html;;;;;sì;asimmetrico;;;2;intervista semistrutturata;ragazzi è qui la festa? // è qui la festa // oh meno male cercavo una festa io // // ah allora benvenuto // ah oh // ah beh;allora;xxx // vabbè ti dico vivo a molinella // eh // uno alla volta xx // no perché dici in che quartiere vivi io vivo a molinella;;;;;;;;;;;;;;;;;;;;;;;;;;;;;;0;;
PBC018;#1177071;doc#167;2022;https://search.corpuskiparla.it/corpus/player/player.cgi?code=PBC018&begin=1566120&end=1566714;1566120;1566714;PBC018;;0,02625;fisso;https://search.corpuskiparla.it/corpus/conversations/PBC018.html;https://search.corpuskiparla.it/corpus/conversations/PBC018_jefferson.html;;;;;sì;asimmetrico;;;2;intervista semistrutturata;andata in jugoslavia c''erano degli interessi qui sembra che gli interessi ce ne siano meno // e allora // beh beh e se~ // e;allora;// x x // suonano il piave // che è ancora peggio direi // ah qua ve~ credo di averlo stampato senza volere due due volte però;1;;1;;1;;;;;;;;;;;;;;;;;;;;;;;;;0;;non si capisce 
PBC018;#1178556;doc#167;2022;https://search.corpuskiparla.it/corpus/player/player.cgi?code=PBC018&begin=2036573&end=2040283;2036573;2040283;PBC018;;0,02625;fisso;https://search.corpuskiparla.it/corpus/conversations/PBC018.html;https://search.corpuskiparla.it/corpus/conversations/PBC018_jefferson.html;;;;;sì;asimmetrico;;;2;intervista semistrutturata;anche // ah eh // io mi ricordo che i primi tempi andavo // fra l''intervallo fra un turno e l''altro avevo una linea che;allora;// cos''era il trentasette che non mi entrava // non lo riuscivo a fotografare // nell''intervallo fra un turno e l''altro;1;1;;;;;;;;;;;;;;;;;;;;;;;;;;;;0;1;mi sembra voglia dire e di conseguenza
KPN010;#1196278;doc#169;2020;https://search.corpuskiparla.it/corpus/player/player.cgi?code=KPN010&begin=1586140&end=1587014;1586140;1587014;KPN010;;0,019560185;libero;https://search.corpuskiparla.it/corpus/conversations/KPN010.html;https://search.corpuskiparla.it/corpus/conversations/KPN010_jefferson.html;;;;;no;simmetrico;;;4;pasto;// è un pezzo in là // sì // praticamente è san lazzaro di savena // quasi // xxx madonna sto bologna today non te voglio // //;allora;// che a sentire il nome le pietre? boh // le pietre? // mh qualcosa del genere // io sono arrivata a scoppio ritardato x //;;;;;1;;;;;;;;;;;1;;;;;;;;;;;;;;0;;
KPN010;#1196369;doc#169;2020;https://search.corpuskiparla.it/corpus/player/player.cgi?code=KPN010&begin=1648900&end=1651196;1648900;1651196;KPN010;;0,019560185;libero;https://search.corpuskiparla.it/corpus/conversations/KPN010.html;https://search.corpuskiparla.it/corpus/conversations/KPN010_jefferson.html;;;;;no;simmetrico;;;4;pasto;// no dai // oh // pizzardi? // pizzar~ // san vitale // ah vabbè ma perché c''è via petroni // perché è lì a san vitale // ah;allora;è tutto malfama to scusami cioè // ma infatti cioè qua si sta benissimo // tranquillissimo non è mai successo niente // sì;1;;;;;;;;;;;;;;;;;;;;;;;;;;;;;0;;non si capisce
PBC011;#1198103;doc#170;2022;https://search.corpuskiparla.it/corpus/player/player.cgi?code=PBC011&begin=513110&end=513610;513110;513610;PBC011;;0,052824074;fisso;https://search.corpuskiparla.it/corpus/conversations/PBC011.html;https://search.corpuskiparla.it/corpus/conversations/PBC011_jefferson.html;;;;;sì;asimmetrico;;;2;intervista semistrutturata;qualche modo la la città? oppure pensa si siano che sia appunto che st~ cerc~ stiano cercando di avere una opportunità //;allora;// giusta diciamo // no opportunità giusta cioé perché poi eh // ripeto molte volte uno abita in un luogo ma non conosce;;;;;1;;1;;;;;;;;;1;;;;;;;;;;;;;;0;;
PBC011;#1199090;doc#170;2022;https://search.corpuskiparla.it/corpus/player/player.cgi?code=PBC011&begin=831166&end=833913;831166;833913;PBC011;;0,052824074;fisso;https://search.corpuskiparla.it/corpus/conversations/PBC011.html;https://search.corpuskiparla.it/corpus/conversations/PBC011_jefferson.html;;;;;sì;asimmetrico;;;2;intervista semistrutturata;sedici anni // e la cosa che rac~ // che dico adesso di quel periodo là no // che adesso si dice sempre è freddo eccetera;allora;// ehm // non avevo la calzamaglia // non avevo moon boot o altre scarpe di quel genere lì perché a scuola ci si doveva;;;;;1;;;;;;;;;;;1;;1;;;;;;;;;;;;1;;
PBC011;#1199191;doc#170;2022;https://search.corpuskiparla.it/corpus/player/player.cgi?code=PBC011&begin=870940&end=873713;870940;873713;PBC011;;0,052824074;fisso;https://search.corpuskiparla.it/corpus/conversations/PBC011.html;https://search.corpuskiparla.it/corpus/conversations/PBC011_jefferson.html;;;;;sì;asimmetrico;;;2;intervista semistrutturata;avevi mh // se poi consideri // freddo per freddo no che in quel periodo lì // per cui parlo del sessanta non è che è //;allora;io per arrivare a prendere il tram // siccome era zona verde e non avevo il tram fino a casa // dovevo prendere la;;;;;1;;;;;;;;;;;1;;1;;;;;;;;;;;;1;;
PBC011;#1199342;doc#170;2022;https://search.corpuskiparla.it/corpus/player/player.cgi?code=PBC011&begin=919908&end=924817;919908;924817;PBC011;;0,052824074;fisso;https://search.corpuskiparla.it/corpus/conversations/PBC011.html;https://search.corpuskiparla.it/corpus/conversations/PBC011_jefferson.html;;;;;sì;asimmetrico;;;2;intervista semistrutturata;e direi che li ho scoperti più dopo quando sono andata in pensione perché ho fatto un po'' la turista a bologna // certo // e;allora;ho scoperto che veramente abbiamo delle cose stupende e mi piacciono un sacco e va bene // sì // l''altro portico che ho;1;1;;;;;;;;;;;;;;;;;;;;;;;;;;;;1;;
PBC011;#1201590;doc#170;2022;https://search.corpuskiparla.it/corpus/player/player.cgi?code=PBC011&begin=1644786&end=1646497;1644786;1646497;PBC011;;0,052824074;fisso;https://search.corpuskiparla.it/corpus/conversations/PBC011.html;https://search.corpuskiparla.it/corpus/conversations/PBC011_jefferson.html;;;;;sì;asimmetrico;;;2;intervista semistrutturata;le porzioni del pesce fritto // poi io lì ho ho scritto anche una storiella // che diceva sempre avete mai fatto cic ciac //;allora;quando pulivano il pesce // sai che gli i pesci hanno la vescica natatoria dentro // sì // xx le toglievano e le mettevano;;;;;1;;;;;;;;;;;1;;;;;;;;;;;;;;0;;
PBC011;#1201845;doc#170;2022;https://search.corpuskiparla.it/corpus/player/player.cgi?code=PBC011&begin=1716756&end=1719990;1716756;1719990;PBC011;;0,052824074;fisso;https://search.corpuskiparla.it/corpus/conversations/PBC011.html;https://search.corpuskiparla.it/corpus/conversations/PBC011_jefferson.html;;;;;sì;asimmetrico;;;2;intervista semistrutturata;e là non si tocca niente solo alla fine se rimane ci pensiamo non prendiamo ci pensiamo capito // sì // // per cui // io da;allora;ho capito come si doveva fare capito per cui // mhmh // sì // torno a dire molto fortunata // mhmh // molto fortunata // e;1;1;;;;;;;;;;;;;;;;;;;;;;;;;;;;0;;
PBC011;#1202171;doc#170;2022;https://search.corpuskiparla.it/corpus/player/player.cgi?code=PBC011&begin=1814397&end=1818679;1814397;1818679;PBC011;;0,052824074;fisso;https://search.corpuskiparla.it/corpus/conversations/PBC011.html;https://search.corpuskiparla.it/corpus/conversations/PBC011_jefferson.html;;;;;sì;asimmetrico;;;2;intervista semistrutturata;// per cui che se è venuto un altro di trent''anni // e poi e poi allora lì le iniziative che facciamo iniziative di tipo;allora;// ultimamente fra le primarie le politiche le cose // siam sempre in campagna elettorale per cui anche lì solo la;;;;;1;;;;;;;;;;;1;;;;;;;;;;;;;;0;;
PBC011;#1208764;doc#170;2022;https://search.corpuskiparla.it/corpus/player/player.cgi?code=PBC011&begin=3959864&end=3962500;3959864;3962500;PBC011;;0,052824074;fisso;https://search.corpuskiparla.it/corpus/conversations/PBC011.html;https://search.corpuskiparla.it/corpus/conversations/PBC011_jefferson.html;;;;;sì;asimmetrico;;;2;intervista semistrutturata;// mhmh // tant''è vero che ho pagato lo scotto quando sono andata a scuola // devi scrivere fai il pensierino // sì //;allora;per dire invece di dire materasso // #avevo scritto il tabarazzo // okay // #perché in bolognese si dice al tabaras no?;;;;;1;;;;;;;;;;;1;;;;;;;;;;;;;;0;;
KPS009;#1212553;doc#171;2020;https://search.corpuskiparla.it/corpus/player/player.cgi?code=KPS009&begin=1123949&end=1124700;1123949;1124700;KPS009;;0,018958333;libero;https://search.corpuskiparla.it/corpus/conversations/KPS009.html;https://search.corpuskiparla.it/corpus/conversations/KPS009_jefferson.html;;;;;no;simmetrico;;;4;pasto;no? // i cani // cioè proprio si vede // mà è ironico // sisi ho capito // no fa divani per i cani guarda che è un indizio sa'' //;allora;era quela // ma cosa stai dicendo // // // divano per i cani guarda // ho capito non è un indizio // no è un mestiere // eh lo so;1;;1;;1;;;;;;;;;;;;;;;;;;;;;;;;;0;;
KPS009;#1212596;doc#171;2020;https://search.corpuskiparla.it/corpus/player/player.cgi?code=KPS009&begin=1131610&end=1133620;1131610;1133620;KPS009;;0,018958333;libero;https://search.corpuskiparla.it/corpus/conversations/KPS009.html;https://search.corpuskiparla.it/corpus/conversations/KPS009_jefferson.html;;;;;no;simmetrico;;;4;pasto;per i cani guarda // ho capito non è un indizio // no è un mestiere // eh lo so ma eri ironico // è certo che ero ironico // e;allora;e ci che vuoi da me // #ti ttacchi // finite quella finite quella cosa // io ho tempo ancora // cioè sono sazia eh ho mangiato;1;;1;;;;;;;;;;;;;;;;;;;;;;;;;;;0;;
KPS009;#1213311;doc#171;2020;https://search.corpuskiparla.it/corpus/player/player.cgi?code=KPS009&begin=1539850&end=1543430;1539850;1543430;KPS009;;0,018958333;libero;https://search.corpuskiparla.it/corpus/conversations/KPS009.html;https://search.corpuskiparla.it/corpus/conversations/KPS009_jefferson.html;;;;;no;simmetrico;;;4;pasto;avrai mangiato cinquanta grammi // ma va // ma suvvia // ne apriamo un altro // allora posso mangiarne un''altra intera //;allora;ci sta la mia segretaria lau ci sta clara // allora posso arrivare a duecento // che ogni volta io mi porto l''orzo dico cla;;;;;1;;;;;;;;;;;1;;;;;;;;;;;;;;0;;
BOA3020;#1242222;doc#176;2019;https://search.corpuskiparla.it/corpus/player/player.cgi?code=BOA3020&begin=958590&end=959790;958590;959790;BOA3020;;0,01587963;libero;https://search.corpuskiparla.it/corpus/conversations/BOA3020.html;https://search.corpuskiparla.it/corpus/conversations/BOA3020_jefferson.html;;;;;no;simmetrico;;;1;conversazione libera;// lo fanno loro // però ho passato tutti gli esami di inglese // lo fanno loro // diciamo che sei anche un ci uno eh //;allora;no allora sì // sì però il first non te lo contano dopo tot // vale // penso // dopo due anni penso // no lehmh // devi prendere;;;;;;;;;;;;;;;;;;;;;;;;;;;;;;0;;
BOA3020;#1242296;doc#176;2019;https://search.corpuskiparla.it/corpus/player/player.cgi?code=BOA3020&begin=977231&end=979070;977231;979070;BOA3020;;0,01587963;libero;https://search.corpuskiparla.it/corpus/conversations/BOA3020.html;https://search.corpuskiparla.it/corpus/conversations/BOA3020_jefferson.html;;;;;no;simmetrico;;;1;conversazione libera;// di ideoneità che costa trenta euro // io dovrei fare l // l aielts // l'' aielts // come si fa però senza fare un corso? // no;allora;se tu azzo // studi da sola // dovevi dirmelo prima // perché l'' università // ti offre il corso di preparazion eh il corso;;;;;1;1;1;;;;;;;;;1;;1;;;;;;;;;;;;0;;non mi pare di sentire allora no 
BOA3020;#1242367;doc#176;2019;https://search.corpuskiparla.it/corpus/player/player.cgi?code=BOA3020&begin=992840&end=997130;992840;997130;BOA3020;;0,01587963;libero;https://search.corpuskiparla.it/corpus/conversations/BOA3020.html;https://search.corpuskiparla.it/corpus/conversations/BOA3020_jefferson.html;;;;;no;simmetrico;;;1;conversazione libera;alma english? // ah sì? // davvero? // sì // ma i~ perché non me l'' hi detto? // ma perché non me l'' avete detto niente // a~ //;allora;io lo volevo fare tipo a settembre me ne sono accorta un giorno dopo // le che è scaduta la // esatto poi però // voi mi avete;;;;;1;;1;;;;;;;;;1;;;;;;;;;;;;;;1;;
PBB031;#1261106;doc#179;2024;https://search.corpuskiparla.it/corpus/player/player.cgi?code=PBB031&begin=711760&end=712310;711760;712310;PBB031;;0,034699074;fisso;https://search.corpuskiparla.it/corpus/conversations/PBB031.html;https://search.corpuskiparla.it/corpus/conversations/PBB031_jefferson.html;;;;;sì;asimmetrico;;;3;intervista semistrutturata;per shopping no // okay // no // // perché d''inverno io ho freddo d''estate troppo caldo quindi // eh sì // è vero // poi //;allora;// rimane la mezza stagione // // non amo non amo sì non amo tantissimo questo modo // però // sì // conosco un sacco di;;;;;;;;;;;;;;;;;;;;;;;;;;;;;;1;;
PBB003;#1268774;doc#180;2021;https://search.corpuskiparla.it/corpus/player/player.cgi?code=PBB003&begin=20105&end=21965;20105;21965;PBB003;;0,034583333;fisso;https://search.corpuskiparla.it/corpus/conversations/PBB003.html;https://search.corpuskiparla.it/corpus/conversations/PBB003_jefferson.html;;;;;sì;asimmetrico;;;3;intervista semistrutturata;chi risponde per pri~ vabbè che dopo deve instaurarsi una conversazione // beh inizia la mamma poi rispondo io dai //;allora;in che zona di bologna vivi? // alla croce di casalecchio // eh // alla croce di casalecchio // che è l''ultimo quartiere di;;;;;1;;1;;;;;;;;;1;;;;;;;;;;;;;;0;;non si capisce, ma non mi sembra di sentire allora
PBB003;#1270453;doc#180;2021;https://search.corpuskiparla.it/corpus/player/player.cgi?code=PBB003&begin=640070&end=644870;640070;644870;PBB003;;0,034583333;fisso;https://search.corpuskiparla.it/corpus/conversations/PBB003.html;https://search.corpuskiparla.it/corpus/conversations/PBB003_jefferson.html;;;;;sì;asimmetrico;;;3;intervista semistrutturata;nell''ambito di // di un raggio di due o tre chilometri ecco mi muovo vo~ molto volentieri a piedi mezzi pubblici mai //;allora;secondo voi bologna proprio bologna quindi non il quartiere // riprendendo anche un po'' // magari le cose che si sono;;;;;1;;;1;;;;;;;;1;;1;;;;;;;;;;;;1;;
KPN017;#1277249;doc#181;2021;https://search.corpuskiparla.it/corpus/player/player.cgi?code=KPN017&begin=186210&end=186619;186210;186619;KPN017;;0,023518519;libero;https://search.corpuskiparla.it/corpus/conversations/KPN017.html;https://search.corpuskiparla.it/corpus/conversations/KPN017_jefferson.html;;;;;no;simmetrico;;;2;pasto;po'' di verdure se vuoi stasera facciamo // il mix ci mettiam gli spinaci // mh // glielo chiedo a modo come le ha fatte ma //;allora;// ma per il papà ce n''è di questi? // sì // ah okay // ce ne son due // e poi ci sono tutte quelle tagliatelle là // se di;;;;;1;;;;;;;;;;;1;;;;;;;;;;;;;;1;;
KPN017;#1277475;doc#181;2021;https://search.corpuskiparla.it/corpus/player/player.cgi?code=KPN017&begin=302073&end=305680;302073;305680;KPN017;;0,023518519;libero;https://search.corpuskiparla.it/corpus/conversations/KPN017.html;https://search.corpuskiparla.it/corpus/conversations/KPN017_jefferson.html;;;;;no;simmetrico;;;2;pasto;niente con la salsa agrodolce // forse non la conosceva // e allora // eh lei era convinta // mh che fosse quella lì // mh // e;allora;ha detto stefano fa dai // la faccio io mi faccio dare la ricetta dalla giada // mhmh // ah poi ieri sera ho chiesto a suo papà;1;;;;1;;;;;;;;;;;1;;;;;;;;;;;;;;0;;
KPN017;#1278087;doc#181;2021;https://search.corpuskiparla.it/corpus/player/player.cgi?code=KPN017&begin=566694&end=570908;566694;570908;KPN017;;0,023518519;libero;https://search.corpuskiparla.it/corpus/conversations/KPN017.html;https://search.corpuskiparla.it/corpus/conversations/KPN017_jefferson.html;;;;;no;simmetrico;;;2;pasto;questo qua lasciamolo a papà poi se non gli piacciono avrà un cannellone e mezzo // ma vedrai che papà li mangia quelli //;allora;ehm lo tagliamo a metà e poi lo scaldiamo qua dentro // così lo scaldiamo // vabbè non so se quello lì dopo va bene xxx dopo lo;;;;;1;;1;;;;;;;;;1;;1;;;;;;;;;;;;0;;
PTA017;#1281965;doc#182;2019;https://search.corpuskiparla.it/corpus/player/player.cgi?code=PTA017&begin=183653&end=188050;183653;188050;PTA017;;0,022361111;fisso;https://search.corpuskiparla.it/corpus/conversations/PTA017.html;https://search.corpuskiparla.it/corpus/conversations/PTA017_jefferson.html;;;;;sì;asimmetrico;;;2;intervista semistrutturata;po'' che bimbiquanti an~ quanti anni avevano co~ cosa facevi tu con loroquanti giorni a settimana andavi // un po'' così //;allora;eh due anni li ho divisi proprio un anno con una famiglia un anno con un''altra // okay // la prima erano genitori;;;;;1;;1;;;;;;;;;1;;1;;;;;;;;;;;;1;;
PTA017;#1286977;doc#182;2019;https://search.corpuskiparla.it/corpus/player/player.cgi?code=PTA017&begin=1845600&end=1846213;1845600;1846213;PTA017;;0,022361111;fisso;https://search.corpuskiparla.it/corpus/conversations/PTA017.html;https://search.corpuskiparla.it/corpus/conversations/PTA017_jefferson.html;;;;;sì;asimmetrico;;;2;intervista semistrutturata;tu hai fatto calcio e sai cosa vuol dire giocare secondo te queste persone messe insieme per soldi giocano bene o male? //;allora;// io ho fatto calcio cinque ed è già un contesto completamente diverso dal calcio undici le regole però le so ugualmente;;;;;1;;1;;;;;;;;;1;;1;;;;;;;;;;;;1;;
PBB026;#1287866;doc#183;2023;https://search.corpuskiparla.it/corpus/player/player.cgi?code=PBB026&begin=189740&end=192920;189740;192920;PBB026;;0,042592593;fisso;https://search.corpuskiparla.it/corpus/conversations/PBB026.html;https://search.corpuskiparla.it/corpus/conversations/PBB026_jefferson.html;;;;;sì;asimmetrico;;;4;intervista semistrutturata;cioè si può son curioso // eh sì ci siamo tramite // oh dillo // // tramite mio fratello perchè era suo amico che ci ha // ah //;allora;suo fratello non la poteva più sopportare a casa // // non è vero // e qui~ // allora doveva fare una dichiarazione dei;;;;;1;;;;;;;;;;;1;;;;;;;;1;;;;;;1;;
PBB026;#1287885;doc#183;2023;https://search.corpuskiparla.it/corpus/player/player.cgi?code=PBB026&begin=196220&end=198980;196220;198980;PBB026;;0,042592593;fisso;https://search.corpuskiparla.it/corpus/conversations/PBB026.html;https://search.corpuskiparla.it/corpus/conversations/PBB026_jefferson.html;;;;;sì;asimmetrico;;;4;intervista semistrutturata;perchè era suo amico che ci ha // ah // allora suo fratello non la poteva più sopportare a casa // // non è vero // e qui~ //;allora;doveva fare una dichiarazione dei redditi // eh // ah mi mi fa mia sorella deve fare la dichiarazione dei redditi le puoi;;;;;1;;;;;;;;;;;1;;;;;;;;;;;;;;1;;
PBB026;#1289043;doc#183;2023;https://search.corpuskiparla.it/corpus/player/player.cgi?code=PBB026&begin=539450&end=547060;539450;547060;PBB026;;0,042592593;fisso;https://search.corpuskiparla.it/corpus/conversations/PBB026.html;https://search.corpuskiparla.it/corpus/conversations/PBB026_jefferson.html;;;;;sì;asimmetrico;;;4;intervista semistrutturata;quello che mi dicono // non è poi tutta sta gran cosa perchè poi c''è tipo la cricca che se se conosci un po'' al proprietario;allora;ti puoi trovare bene // ah okay // sì // se no eh la gente ho capito che tende un po'' a evitarlo cioè // mh // ci va di solito;1;;1;;;;;;;;;;;;;;;;;;;;;;;;;;;0;;
PBB026;#1289939;doc#183;2023;https://search.corpuskiparla.it/corpus/player/player.cgi?code=PBB026&begin=798496&end=799722;798496;799722;PBB026;;0,042592593;fisso;https://search.corpuskiparla.it/corpus/conversations/PBB026.html;https://search.corpuskiparla.it/corpus/conversations/PBB026_jefferson.html;;;;;sì;asimmetrico;;;4;intervista semistrutturata;// ah // dei mini giochi // sì // che il palio // no venerdì no // sì // il venerdì c''è la cor~ la corsa del doge tri? // no // no //;allora;la festa // allora è nata all''interno della festa del gemellaggio la festa del gemellaggio è una festa // eh secondo me;;;;;1;;1;;;;;;;;;1;;;;;;;;;;;;;;0;;
PBB026;#1290652;doc#183;2023;https://search.corpuskiparla.it/corpus/player/player.cgi?code=PBB026&begin=1044703&end=1048880;1044703;1048880;PBB026;;0,042592593;fisso;https://search.corpuskiparla.it/corpus/conversations/PBB026.html;https://search.corpuskiparla.it/corpus/conversations/PBB026_jefferson.html;;;;;sì;asimmetrico;;;4;intervista semistrutturata;// ah venite portati dietro degli amici che dovete fare la sfilata in abiti da soldati del medioevo // ah // // sì eh //;allora;io no io no io no poi alla fine siamo andati in quattro cinque // okay // e tutto è iniziato così in maniera molto molto;;;;;1;;;;;;;;;;;1;;;;1;;;;;;;;;;1;;
PBA013;#1307085;doc#185;2023;https://search.corpuskiparla.it/corpus/player/player.cgi?code=PBA013&begin=1123&end=1650;1123;1650;PBA013;;0,038796296;fisso;https://search.corpuskiparla.it/corpus/conversations/PBA013.html;https://search.corpuskiparla.it/corpus/conversations/PBA013_jefferson.html;;;;;sì;asimmetrico;;;3;intervista semistrutturata;il senso di vomito // però se ne fate adeguatamente mirate proprio alla // alla cloche // questo che cos''è? // allora //;allora;// eccoci qui // inizio col chiederti // in che zona vivi? di dove sei // io abito vicino al centro un q~ un quarto d''ora in;;;;;1;;1;;;;;;;;;1;;;;;;;;;;;;;;1;;
PBA013;#1307177;doc#185;2023;https://search.corpuskiparla.it/corpus/player/player.cgi?code=PBA013&begin=29770&end=32729;29770;32729;PBA013;;0,038796296;fisso;https://search.corpuskiparla.it/corpus/conversations/PBA013.html;https://search.corpuskiparla.it/corpus/conversations/PBA013_jefferson.html;;;;;sì;asimmetrico;;;3;intervista semistrutturata;in quella zona lì // tramite // è uno di quei paesini in cui tutti si conoscono // mhmh // e come ti trovi lì // ti piace? //;allora;come zona da un punto di vista di servizi // è molto ben attrezzata // questo va va detto // una cosa che b~ manca magari;;;;;1;;1;;;;;;;;;1;;;;;;;;;;;;;;1;;
PBA013;#1308884;doc#185;2023;https://search.corpuskiparla.it/corpus/player/player.cgi?code=PBA013&begin=490180&end=495603;490180;495603;PBA013;;0,038796296;fisso;https://search.corpuskiparla.it/corpus/conversations/PBA013.html;https://search.corpuskiparla.it/corpus/conversations/PBA013_jefferson.html;;;;;sì;asimmetrico;;;3;intervista semistrutturata;vabbè cibo bolognese insomma cosa preferisci? // o cosa non ti piace se c''è qualcosa // # alaura adesso qua mi metti un po'';allora;una cosa // mhmh // ma a prescindere eh // che tu lo dici a un bolognese // tutti ti dan ragione cioè non mangiare tortellini;;;;;1;;;;;;;;;;;1;;;;;;;;;;;;;;1;;
PBA013;#1309278;doc#185;2023;https://search.corpuskiparla.it/corpus/player/player.cgi?code=PBA013&begin=604694&end=609313;604694;609313;PBA013;;0,038796296;fisso;https://search.corpuskiparla.it/corpus/conversations/PBA013.html;https://search.corpuskiparla.it/corpus/conversations/PBA013_jefferson.html;;;;;sì;asimmetrico;;;3;intervista semistrutturata;che i modenesi pretendono che anche loro abbiano inventato quello // eh ma questa lott~ questa faida voglio capire //;allora;io questa io questa gliela posso anche concedere i tortellini no // i t~ le tigelle sì perché in realtà le tigelle nascono;;;;;1;;;;;;1;;;;;1;;1;;;;;;;;;;;;0;;
PBA013;#1315914;doc#185;2023;https://search.corpuskiparla.it/corpus/player/player.cgi?code=PBA013&begin=2413828&end=2414528;2413828;2414528;PBA013;;0,038796296;fisso;https://search.corpuskiparla.it/corpus/conversations/PBA013.html;https://search.corpuskiparla.it/corpus/conversations/PBA013_jefferson.html;;;;;sì;asimmetrico;;;3;intervista semistrutturata;così per per condire // // per esempio // dulcis in fundo // eh sì // che film o programmi ti piace vedere? // che film? eh //;allora;// ma tu intendi tipo anche su piattaforme? tipo netflix? okay eh // sì qualsiasi cosa certo // ma adesso su // su prime sto;;;;;1;;;;;;;;;;;1;;;;;;1;;;;;;;;1;;
KPS016;#1325028;doc#186;2022;https://search.corpuskiparla.it/corpus/player/player.cgi?code=KPS016&begin=1644081&end=1644832;1644081;1644832;KPS016;;0,024375;libero;https://search.corpuskiparla.it/corpus/conversations/KPS016.html;https://search.corpuskiparla.it/corpus/conversations/KPS016_jefferson.html;;;;;no;simmetrico;;;3;pasto;mettine u~ un po'' di meno // basta così // grazie // vuoi metà banana oppure la vuoi intera? // intera // va bene // a me metà;allora;// sai come si apre la banana? // dalla metà a me // sai come si a~ sai come si apre la banana? // te la do io // come le scimmie //;;;;;;;;;;;;;;;;;;;;;;;;;;;;;;0;;
PBC001;#1335386;doc#188;2021;https://search.corpuskiparla.it/corpus/player/player.cgi?code=PBC001&begin=4720&end=11400;4720;11400;PBC001;;0,038668981;fisso;https://search.corpuskiparla.it/corpus/conversations/PBC001.html;https://search.corpuskiparla.it/corpus/conversations/PBC001_jefferson.html;;;;;sì;asimmetrico;;;2;intervista semistrutturata;della propria vita i genitori dico // mh mh // sì // mh // scusate ma io // mh mh // va bene sì finiamo // bene è partita ehm //;allora;beh inizierei chiedendoti mh appunto se tu hai sempre vissuto qui a bologna // io ho sempre vissuto a bologna sì // fin;;;;;1;;;;;;;;;;;1;;;;;;1;;;;;;;;0;;non credo ci sia allora, o almeno non lo distinguo/sento
PBC001;#1340420;doc#188;2021;https://search.corpuskiparla.it/corpus/player/player.cgi?code=PBC001&begin=1768025&end=1769397;1768025;1769397;PBC001;;0,038668981;fisso;https://search.corpuskiparla.it/corpus/conversations/PBC001.html;https://search.corpuskiparla.it/corpus/conversations/PBC001_jefferson.html;;;;;sì;asimmetrico;;;2;intervista semistrutturata;ristrutturare però conservare // il dall''ara il paladozza quelli sono luoghi simbolo che non vanno spostati fuori? //;allora;su~ // sul dall''ara sinceramente non ho un gran legame io il calcio non l''ho mai vissuto più di tanto e // mh non saprei ecco;;;;;1;;1;;;;;;;;;1;;;;;;;;;;;;;;0;;
BOC1002;#1361785;doc#192;2017/18;https://search.corpuskiparla.it/corpus/player/player.cgi?code=BOC1002&begin=803528&end=805107;803528;805107;BOC1002;;0,019953704;fisso;https://search.corpuskiparla.it/corpus/conversations/BOC1002.html;https://search.corpuskiparla.it/corpus/conversations/BOC1002_jefferson.html;;;;;sì;asimmetrico;;;2;esame;è vero // eheh // poi eh ho invertito oh qua // sì // ho riportato prima l'' an~ mh l'' anno di pubblicazione e poi ehmh il mese //;allora;qui ha messo l'' anno // e il mese // sì // e dà solamente la sequenza di pagine che è uguale qui // sì // anno // mese sequenza di;;;;;1;;1;;;;;;;;;1;;;;;;;;;;;;;;1;;
PBA002;#1364581;doc#193;2022;https://search.corpuskiparla.it/corpus/player/player.cgi?code=PBA002&begin=46193&end=47527;46193;47527;PBA002;;0,019421296;fisso;https://search.corpuskiparla.it/corpus/conversations/PBA002.html;https://search.corpuskiparla.it/corpus/conversations/PBA002_jefferson.html;;;;;sì;asimmetrico;;;3;intervista semistrutturata;vicino alla stazione però come dire in centro proprio mh non spessissimo non ci vado spesissimo // eh xx non la conosci;allora;// non la conosci allora // così così // accidenti tutte domande su bologna // eh infatti // sarà fantastico eil signor //;1;;1;;;;;;;;;;;;;;;;;;;;;;;;;;;1;;
KPN011;#1377085;doc#194;2020;https://search.corpuskiparla.it/corpus/player/player.cgi?code=KPN011&begin=2388300&end=2389690;2388300;2389690;KPN011;;0,029236111;libero;https://search.corpuskiparla.it/corpus/conversations/KPN011.html;https://search.corpuskiparla.it/corpus/conversations/KPN011_jefferson.html;;;;;no;simmetrico;;;4;pasto;tu sei schietta eh // mh // a me piace la pizza croccante cos'' // mh // mh // non mi ricordo te volevi così o più alta? // così //;allora;l~ la pasta è buona // mh già // l''impa~ // è tutto il giorno che la seguo e vedevo proprio che era // mh // è buona è buona //;;;;;1;;;;;;;;;;;1;;;;;;;;;;;;;;0;1;potrebbe marcare inferenza
TOA3002;#1406761;doc#197;2017/18;https://search.corpuskiparla.it/corpus/player/player.cgi?code=TOA3002&begin=17508&end=22632;17508;22632;TOA3002;;0,008587963;libero;https://search.corpuskiparla.it/corpus/conversations/TOA3002.html;https://search.corpuskiparla.it/corpus/conversations/TOA3002_jefferson.html;;;;;no;simmetrico;;;2;conversazione libera;le arance // sì bisogna pagare ma in realtà no~ // ma siete stati fuori o siete stati dentro // è una giungla era in realtà n~;allora;funziona che tu entri coneh che paghi un ingresso // giungla // mh // per andare // e poi ci sono quelli dellemh delle;;;;;1;;;;;;;;;;;1;;;;;;;;;;;;;;0;;
TOA3002;#1407661;doc#197;2017/18;https://search.corpuskiparla.it/corpus/player/player.cgi?code=TOA3002&begin=235961&end=245847;235961;245847;TOA3002;;0,008587963;libero;https://search.corpuskiparla.it/corpus/conversations/TOA3002.html;https://search.corpuskiparla.it/corpus/conversations/TOA3002_jefferson.html;;;;;no;simmetrico;;;2;conversazione libera;ultimi // ventisette è oggi il ventisette // è oggi il ventisette sono sicura l'' ho scritto cento volte in ufficio // eh //;allora;allora non è il ventisette spero per lui che non sia il ventisette o che io abbia capito male perché ieri noneh l'' ho visto e;1;;1;;;;;;;;;;;;;1;;1;;;;;;1;;;;;;0;;
BOD1005;#1419115;doc#200;2017/18;https://search.corpuskiparla.it/corpus/player/player.cgi?code=BOD1005&begin=24549&end=27770;24549;27770;BOD1005;;0,058969907;fisso;https://search.corpuskiparla.it/corpus/conversations/BOD1005.html;https://search.corpuskiparla.it/corpus/conversations/BOD1005_jefferson.html;;;;;no;asimmetrico;;;1;lezione;senza marce // è uno scooter to~ // okay ah // mh non elettronico // ah // mh // mhmh // riprendiamo la nostra lezione // okay;allora;ancora eh // piccoli problemi sulla riduzione naturale // la lezione sta riprendendo // allora mh // allora è stata;;;;;;1;;;;;;;;;;;;;;;;;;;;;;;;1;;
BOD1005;#1419226;doc#200;2017/18;https://search.corpuskiparla.it/corpus/player/player.cgi?code=BOD1005&begin=105360&end=108800;105360;108800;BOD1005;;0,058969907;fisso;https://search.corpuskiparla.it/corpus/conversations/BOD1005.html;https://search.corpuskiparla.it/corpus/conversations/BOD1005_jefferson.html;;;;;no;asimmetrico;;;1;lezione;// quindi la ci è nuova va bene? // rispetto alle assunzioni // allora posso concludere per xx ics a // allora uno dice bene;allora;io posso fare anche questo no // perché se io assumo a bi ci ci occorre nell'' assunzione // capite? // se questa è una foglia;1;;1;;;;;;;;;;;;;;;;;;;;;;;;;;;0;;
BOD1005;#1419843;doc#200;2017/18;https://search.corpuskiparla.it/corpus/player/player.cgi?code=BOD1005&begin=469291&end=472922;469291;472922;BOD1005;;0,058969907;fisso;https://search.corpuskiparla.it/corpus/conversations/BOD1005.html;https://search.corpuskiparla.it/corpus/conversations/BOD1005_jefferson.html;;;;;no;asimmetrico;;;1;lezione;va bene? // eh vi sentite tutti molto famigliari con // no // no ecco eh sempre così mai fare questa domanda // va bene;allora;vediamo intanto di // eh // allora se io dico esistono // almeno // due studenti // esistono almeno due studenti // che;;;;;1;1;;;;;;;;;;1;;1;;;;;;;;;;;;0;1;
BOD1005;#1420204;doc#200;2017/18;https://search.corpuskiparla.it/corpus/player/player.cgi?code=BOD1005&begin=703340&end=704280;703340;704280;BOD1005;;0,058969907;fisso;https://search.corpuskiparla.it/corpus/conversations/BOD1005.html;https://search.corpuskiparla.it/corpus/conversations/BOD1005_jefferson.html;;;;;no;asimmetrico;;;1;lezione;dire che almeno uno c'' è // eh invece quando io dico esistono al massimo devo considerare il caso che nessuno esista //;allora;cosa faccio? // uso che cosa? // per ogni // il per ogni eh uso una parafrasi molto noiosa // va bene // perché io dico // se;1;1;;;;;;;;;;;;;;;;;;;;;;;;;;;;1;;
BOD1005;#1420403;doc#200;2017/18;https://search.corpuskiparla.it/corpus/player/player.cgi?code=BOD1005&begin=823511&end=828260;823511;828260;BOD1005;;0,058969907;fisso;https://search.corpuskiparla.it/corpus/conversations/BOD1005.html;https://search.corpuskiparla.it/corpus/conversations/BOD1005_jefferson.html;;;;;no;asimmetrico;;;1;lezione;// no // capite che non lo posso fare perché ics ipsilon e zeta formano xx qua // va bene e ora vediamo sull'' esistono //;allora;se invece dicessi esistono esattamente due studenti // allora una cosa molto semplice potrebbe fare la congiunzione;;;;;1;;;;;;;;;;;1;;;;;;;;;;;;;;0;;
BOD1005;#1421047;doc#200;2017/18;https://search.corpuskiparla.it/corpus/player/player.cgi?code=BOD1005&begin=1149050&end=1149813;1149050;1149813;BOD1005;;0,058969907;fisso;https://search.corpuskiparla.it/corpus/conversations/BOD1005.html;https://search.corpuskiparla.it/corpus/conversations/BOD1005_jefferson.html;;;;;no;asimmetrico;;;1;lezione;soluzione rassegnata // che dice questo // che io devo questo eh questo è // xxxx questo qui è un terno va bene? //;allora;// questa // eh la struttura di questo enunciato // è una struttura del tipo // soggetto copula predicato // no? // il re di;;;;;1;;;;;;;;;;;1;;;;;;;;;;;;;;0;;
BOD1005;#1421861;doc#200;2017/18;https://search.corpuskiparla.it/corpus/player/player.cgi?code=BOD1005&begin=1558048&end=1563314;1558048;1563314;BOD1005;;0,058969907;fisso;https://search.corpuskiparla.it/corpus/conversations/BOD1005.html;https://search.corpuskiparla.it/corpus/conversations/BOD1005_jefferson.html;;;;;no;asimmetrico;;;1;lezione;gennaio // è praticamente di due settimane lavorative // visto che c'' è pasqua nel m~ // // natale nel mezzo // va bene // eh;allora;noi correggermo tutti i test // sia del dicembre che di gennaio // dopo il diciotto gennaio // perché in ogni caso non mh;;;;;1;;1;;;;;;;;;1;;1;;;;;;;;;;;;0;;
BOD1005;#1422846;doc#200;2017/18;https://search.corpuskiparla.it/corpus/player/player.cgi?code=BOD1005&begin=1984612&end=1990814;1984612;1990814;BOD1005;;0,058969907;fisso;https://search.corpuskiparla.it/corpus/conversations/BOD1005.html;https://search.corpuskiparla.it/corpus/conversations/BOD1005_jefferson.html;;;;;no;asimmetrico;;;1;lezione;importanza // eh lo vuole spiegare lei il processo fondazionale della mtematica della massima importanza no almeno;allora;ascolti // qual è il punto? // è chiaro che i matematici // da sempre hanno fatto dimostrazioni // d'' accordo? // e hanno;;;;;1;;;;;;;;;;;;;;;;;;;;;;;;;1;;
BOD1005;#1423448;doc#200;2017/18;https://search.corpuskiparla.it/corpus/player/player.cgi?code=BOD1005&begin=2263854&end=2266175;2263854;2266175;BOD1005;;0,058969907;fisso;https://search.corpuskiparla.it/corpus/conversations/BOD1005.html;https://search.corpuskiparla.it/corpus/conversations/BOD1005_jefferson.html;;;;;no;asimmetrico;;;1;lezione;non è un gioco isolato è un gioco all'' interno // di un grandissimo progetto di ricerca iniziato nel secolo scorso // oh //;allora;ora voi capite che // per // cercare di dimostrare // che nessuna derivazione può // e x aritmetica perché su cui;;;;;1;;;;;;;;;;;1;;1;;;;;;1;;;;;;0;;
BOD1005;#1424686;doc#200;2017/18;https://search.corpuskiparla.it/corpus/player/player.cgi?code=BOD1005&begin=2951317&end=2952266;2951317;2952266;BOD1005;;0,058969907;fisso;https://search.corpuskiparla.it/corpus/conversations/BOD1005.html;https://search.corpuskiparla.it/corpus/conversations/BOD1005_jefferson.html;;;;;no;asimmetrico;;;1;lezione;esistenziale // e abbiamo una questa è un ics eh non è un per // prendiamo a distinguere in un altro modo // va bene //;allora;// eh ogni // enunciato a // è // equivalente ad un enunciato in quella che si chiama forma normale prenessa // che è così;;;;;1;;;;;;;;;;;1;;;;;;;;;;;;;;1;1;è SD? è analettico (alla luce di ciò)?
BOD1005;#1424969;doc#200;2017/18;https://search.corpuskiparla.it/corpus/player/player.cgi?code=BOD1005&begin=3103813&end=3108393;3103813;3108393;BOD1005;;0,058969907;fisso;https://search.corpuskiparla.it/corpus/conversations/BOD1005.html;https://search.corpuskiparla.it/corpus/conversations/BOD1005_jefferson.html;;;;;no;asimmetrico;;;1;lezione;notevoli con i quantificatori // no // ecco allora questo forse è un'' altra paginetta che dovrei aggiungere // eh;allora;però attenzione io intanto ve le scrivo eh? // ve le scrivo // e voi vedete che // tutte queste equivalenze logiche che voi;;;;;1;1;;;;;;;;;;1;;;;;;;;;;;;;;0;;
BOD1005;#1425367;doc#200;2017/18;https://search.corpuskiparla.it/corpus/player/player.cgi?code=BOD1005&begin=3311285&end=3316430;3311285;3316430;BOD1005;;0,058969907;fisso;https://search.corpuskiparla.it/corpus/conversations/BOD1005.html;https://search.corpuskiparla.it/corpus/conversations/BOD1005_jefferson.html;;;;;no;asimmetrico;;;1;lezione;xx a // ogni quantificatore // vincola una variabile diversa // va bene? // in questo modo non avete mai problemi //;allora;quindi allora anche qui vedete che il quantificatore universale è portato fuori va bene? // facciamo lo stesso col;;;;;1;1;;;;;;;;;;1;;;;;;;;;;;;;;0;;
BOD1005;#1425822;doc#200;2017/18;https://search.corpuskiparla.it/corpus/player/player.cgi?code=BOD1005&begin=3591882&end=3594184;3591882;3594184;BOD1005;;0,058969907;fisso;https://search.corpuskiparla.it/corpus/conversations/BOD1005.html;https://search.corpuskiparla.it/corpus/conversations/BOD1005_jefferson.html;;;;;no;asimmetrico;;;1;lezione;prendiamo qualsiasi cosa // facciamo degli esempi molto facili eh // guardate non mi viene in mente niente di meglio //;allora;cominciamo dalle cose facili // questo mi dice // se tutti sono bi allora // o esiste un ics che xx o esiste un ics tale che qu;;;;;1;;;;;;;;;;;1;;;;;;;;;;;;;;0;;
BOD1005;#1425911;doc#200;2017/18;https://search.corpuskiparla.it/corpus/player/player.cgi?code=BOD1005&begin=3639276&end=3640299;3639276;3640299;BOD1005;;0,058969907;fisso;https://search.corpuskiparla.it/corpus/conversations/BOD1005.html;https://search.corpuskiparla.it/corpus/conversations/BOD1005_jefferson.html;;;;;no;asimmetrico;;;1;lezione;nel modo ovvio // posso scegliere praticamente // eh qualsiasi quantificatore però iniziamo dai più ingenui //;allora;qui ho // eh questo quantificatore va bene? che è dentro una o // allora intanto io so che questo è logicamente;;;;;1;;;;;;;;;;;1;;;;;;;;;;;;;;0;;
BOD1005;#1425926;doc#200;2017/18;https://search.corpuskiparla.it/corpus/player/player.cgi?code=BOD1005&begin=3645663&end=3657109;3645663;3657109;BOD1005;;0,058969907;fisso;https://search.corpuskiparla.it/corpus/conversations/BOD1005.html;https://search.corpuskiparla.it/corpus/conversations/BOD1005_jefferson.html;;;;;no;asimmetrico;;;1;lezione;quantificatore però iniziamo dai più ingenui // allora qui ho // eh questo quantificatore va bene? che è dentro una o //;allora;intanto io so che questo è logicamente equivalente a cosa? a esiste un ics parentesi no momento invece qui è stato fatto;;;;;1;;;;;;;;;;;;;;;;;;;;;;;;;0;;
BOD1005;#1426038;doc#200;2017/18;https://search.corpuskiparla.it/corpus/player/player.cgi?code=BOD1005&begin=3697331&end=3697898;3697331;3697898;BOD1005;;0,058969907;fisso;https://search.corpuskiparla.it/corpus/conversations/BOD1005.html;https://search.corpuskiparla.it/corpus/conversations/BOD1005_jefferson.html;;;;;no;asimmetrico;;;1;lezione;quando poi non sapete più // eh come gestire i quantificatori // vedete io avevo qua xx un ics e qui xxx pasticcio enorme //;allora;// esiste un ipsilon // tale che qu di ipsilon o esiste uno zeta xxx // d'' accordo? // questa abbiamo applicato ora non c'' è;;;;;1;;;;;;;;;;;1;;1;;;;;;;;;;;;0;;
BOD1005;#1426086;doc#200;2017/18;https://search.corpuskiparla.it/corpus/player/player.cgi?code=BOD1005&begin=3719291&end=3722065;3719291;3722065;BOD1005;;0,058969907;fisso;https://search.corpuskiparla.it/corpus/conversations/BOD1005.html;https://search.corpuskiparla.it/corpus/conversations/BOD1005_jefferson.html;;;;;no;asimmetrico;;;1;lezione;ora non c'' è più // la regola che mi dice che un quantificatore all'' interno di una xxxx può sempre essere portato fuori //;allora;nuovamente posso portare fuori questo // questo cosa viene fuori esiste un ics ora io lavoro su questo eh quindi esiste;1;1;1;;;;;;;;;;;;;;;;;;;;;;;;;;;1;;
KPC007;#1434519;doc#202;2021;https://search.corpuskiparla.it/corpus/player/player.cgi?code=KPC007&begin=16270&end=17520;16270;17520;KPC007;;0,033773148;libero;https://search.corpuskiparla.it/corpus/conversations/KPC007.html;https://search.corpuskiparla.it/corpus/conversations/KPC007_jefferson.html;;;;;no;simmetrico;;;3;pasto;// cazz~ e poi non è cioè non stava co~ uno da pochissimo? // ma vale m''ha detto che sta con questo da cinque anni // ambè;allora;no // eh non è quello che dici te // ma no // però niente ha detto questi sta insieme da cinque anni quindi se sposano ma lei è;;;;;1;1;;;;;;;;;;1;;;;;;;;1;;;;;;0;1;avvebio? a questo punto? ne segue, di conseguenza
KPC007;#1436005;doc#202;2021;https://search.corpuskiparla.it/corpus/player/player.cgi?code=KPC007&begin=410755&end=413402;410755;413402;KPC007;;0,033773148;libero;https://search.corpuskiparla.it/corpus/conversations/KPC007.html;https://search.corpuskiparla.it/corpus/conversations/KPC007_jefferson.html;;;;;no;simmetrico;;;3;pasto;xx a paris vip in paris // a me ancora l''università mica m''ha mandato l''application form // no? // ah anche a me sa''? // no //;allora;sto tranquilla io gli ho scritto pure un''email però non m''ha risposto // perchè io ho dovuto fa'' solo un attimo // ehm una;;;;;1;;;;;;;;;;;1;;;;;;;;1;;;;;;1;;
KPC007;#1437328;doc#202;2021;https://search.corpuskiparla.it/corpus/player/player.cgi?code=KPC007&begin=792058&end=796400;792058;796400;KPC007;;0,033773148;libero;https://search.corpuskiparla.it/corpus/conversations/KPC007.html;https://search.corpuskiparla.it/corpus/conversations/KPC007_jefferson.html;;;;;no;simmetrico;;;3;pasto;fatto i ritmi del due // xxxxx in prima elementare // abbiamo fatto i ritmi del due // e dovevate vedere i bambini che;allora;la maestra tipo per fa~ tipo i ritmi del due può esse tipo // // ah okay // oppure tipo in piedi seduti // okay okay xx due;;;;;1;;;;;;;;;;;;;;;;;;;;;;;;;1;;
KPC007;#1441278;doc#202;2021;https://search.corpuskiparla.it/corpus/player/player.cgi?code=KPC007&begin=1770662&end=1773226;1770662;1773226;KPC007;;0,033773148;libero;https://search.corpuskiparla.it/corpus/conversations/KPC007.html;https://search.corpuskiparla.it/corpus/conversations/KPC007_jefferson.html;;;;;no;simmetrico;;;3;pasto;anche vicini quella villa de loro // ah // grossa // ''petta qual è? // ehm @nomeluogo ehm no @nomeluogo @nomeluogo;allora;// ehm c''è il cuppari qua? // sì // c''è via non come si chiama questa qua qua c''è un''altra vi~ esa~ in realtà ehm sì no quella;;;;;1;;;;;;;;;;;;;;;;;1;;;;;;;;0;;
KPC007;#1441417;doc#202;2021;https://search.corpuskiparla.it/corpus/player/player.cgi?code=KPC007&begin=1804500&end=1806407;1804500;1806407;KPC007;;0,033773148;libero;https://search.corpuskiparla.it/corpus/conversations/KPC007.html;https://search.corpuskiparla.it/corpus/conversations/KPC007_jefferson.html;;;;;no;simmetrico;;;3;pasto;sì? // eh perchè quello che c''ha mh cioè allora c''è // cibariando bacian~ braciando e acca ventidue // esatto il proprie~;allora;laura rossi // ah // eh // è quella che c''ha il pasticcere quindi luca // sì // il cugino è quello che c''ha cibariando;;;;;1;;;;;;;;;;;1;;;;;;;;;;;;;;0;;
KPC007;#1442143;doc#202;2021;https://search.corpuskiparla.it/corpus/player/player.cgi?code=KPC007&begin=1971610&end=1973748;1971610;1973748;KPC007;;0,033773148;libero;https://search.corpuskiparla.it/corpus/conversations/KPC007.html;https://search.corpuskiparla.it/corpus/conversations/KPC007_jefferson.html;;;;;no;simmetrico;;;3;pasto;niente poi a una certa prende una pistola e gliela punta in faccia // per forza // e ha smesso di dargli le sportellate;allora;// io tipo vale andiamo via // ecco paula dolores ponches questa qua // sto troio'' // no non l''ho vista ma~ no // dai non ce;1;1;1;;;;;;;;;;;;;;;;;;;;;;;;;;;0;;
KPC007;#1443243;doc#202;2021;https://search.corpuskiparla.it/corpus/player/player.cgi?code=KPC007&begin=2242052&end=2243989;2242052;2243989;KPC007;;0,033773148;libero;https://search.corpuskiparla.it/corpus/conversations/KPC007.html;https://search.corpuskiparla.it/corpus/conversations/KPC007_jefferson.html;;;;;no;simmetrico;;;3;pasto;// povera cucciola robbe'' // dai // povera cocca vabbè non era antipatica però // o ma lo sai che rossa'' è una novax? //;allora;no povera cucciola no // perchè io sarò quello // che è ali ruz? // no perchè siamo proprio amici di facebookay e una volta;1;;1;;;;;;;;;;;;;;;;;;;;;;;;;;;0;;
KPN006;#1450289;doc#203;2020;https://search.corpuskiparla.it/corpus/player/player.cgi?code=KPN006&begin=1247306&end=1248576;1247306;1248576;KPN006;;0,024328704;libero;https://search.corpuskiparla.it/corpus/conversations/KPN006.html;https://search.corpuskiparla.it/corpus/conversations/KPN006_jefferson.html;;;;;no;simmetrico;;;4;pasto;// sua madre a cena fuori? // sì sì sì // xxxxx // andavano andavano a ce~ a mangiare i tortell~ i tortellini in campagna //;allora;alberto // pensa te // è un ricordo che gli rimarrà tutt~ // ah c''è un contratto eh // sì // tutta la vita // sì // allora;;;;;;;;;;;;;;;;;;;;;;;;;;;;;;0;1;non mi sembra eliminabile, sostituibile con se è così
KPN006;#1451567;doc#203;2020;https://search.corpuskiparla.it/corpus/player/player.cgi?code=KPN006&begin=1552453&end=1553283;1552453;1553283;KPN006;;0,024328704;libero;https://search.corpuskiparla.it/corpus/conversations/KPN006.html;https://search.corpuskiparla.it/corpus/conversations/KPN006_jefferson.html;;;;;no;simmetrico;;;4;pasto;fratello // // mi ha detto paolo riguardo quello che mi ha detto tu // se mi ripeti ancora questo non vengo più qua // eh // e;allora;// vabbè lì proprio è stato // e allora // perchè quando era il punto di morire sai cosa diceva non voglio morire // // vabbè;1;;1;;;;;;;;;;;;;;;;;;;;;;;;;;;0;;non si sente il token
KPN006;#1452025;doc#203;2020;https://search.corpuskiparla.it/corpus/player/player.cgi?code=KPN006&begin=1656673&end=1659093;1656673;1659093;KPN006;;0,024328704;libero;https://search.corpuskiparla.it/corpus/conversations/KPN006.html;https://search.corpuskiparla.it/corpus/conversations/KPN006_jefferson.html;;;;;no;simmetrico;;;4;pasto;bevu~ bevuto due // solo? // io nella mia vita ne ho bevu~ // no // gli a~ gli amari // no io // gli amari // io non amo i xxx //;allora;se ne prendo uno al mese un goccio // non fa niente allora // preferisco // sì sì sì // sì // capisci? // col ghiaccio // che te;;;;;1;;;;;;;;;;;1;;;;;;;;;;;;;;0;;
KPN006;#1452109;doc#203;2020;https://search.corpuskiparla.it/corpus/player/player.cgi?code=KPN006&begin=1672878&end=1673298;1672878;1673298;KPN006;;0,024328704;libero;https://search.corpuskiparla.it/corpus/conversations/KPN006.html;https://search.corpuskiparla.it/corpus/conversations/KPN006_jefferson.html;;;;;no;simmetrico;;;4;pasto;u~ una neanche una bottiglia ne basta un goccio al mese e sei caciucco eh // sì esatto // quelle ne metti poco eh è forte //;allora;// poi // tu eh ehm che ne sai più di noi // ehm puoi sempre informarti // no no lo so chiedevo se // cosa // se è l''ama~ //;;;;;1;;1;;;;;;;;;;;1;;;;;;;;;;;;0;;
KPN006;#1453714;doc#203;2020;https://search.corpuskiparla.it/corpus/player/player.cgi?code=KPN006&begin=2029812&end=2030303;2029812;2030303;KPN006;;0,024328704;libero;https://search.corpuskiparla.it/corpus/conversations/KPN006.html;https://search.corpuskiparla.it/corpus/conversations/KPN006_jefferson.html;;;;;no;simmetrico;;;4;pasto;// c''è il bagno // e allora // c''è c''è tutto // perchè tiri fuori l''unica cosa che c''è // sotto // ma perchè sopra c''è // no //;allora;// non è che accendiamo gas cose // // per scaldarsi // la cucina è su // uno alla vo~ oh uno alla volta // e giù ci dormi // o;;;;;1;1;;;;;;;;;;1;;1;;;;;;;;;;;;1;;
KPN007;#1454205;doc#204;2020;https://search.corpuskiparla.it/corpus/player/player.cgi?code=KPN007&begin=34992&end=36242;34992;36242;KPN007;;0,038263889;libero;https://search.corpuskiparla.it/corpus/conversations/KPN007.html;https://search.corpuskiparla.it/corpus/conversations/KPN007_jefferson.html;;;;;no;simmetrico;;;4;pasto;// dai nonna ti pa~ prendi prima tu // no // no lo pre~ pre~ noi lo mangiamo dopo // adesso prima mangiamo queste cose qui //;allora;lo metto qua // auguri // buon buon santo stefano // auguri // ah non ho preso alla fine eccoli guarda // passa passa //;;;;;1;;;;;;;;;;;;;;;;;;;;;;;;;1;;
KPN007;#1455821;doc#204;2020;https://search.corpuskiparla.it/corpus/player/player.cgi?code=KPN007&begin=554793&end=556846;554793;556846;KPN007;;0,038263889;libero;https://search.corpuskiparla.it/corpus/conversations/KPN007.html;https://search.corpuskiparla.it/corpus/conversations/KPN007_jefferson.html;;;;;no;simmetrico;;;4;pasto;// però c''è anche nero antonio // non lo so che vino c''hanno nero // sì // difatti qua alla coop qua ce l''avevano nero //;allora;c''era il commesso dico scusi // a fa dice signora non c''è neanche in magazzino // il frizzantino come lo vuole lei // dico;;;;;1;;;;;;;;;;;1;;;;;;;;;;;;;;0;;
KPN007;#1457385;doc#204;2020;https://search.corpuskiparla.it/corpus/player/player.cgi?code=KPN007&begin=1086551&end=1088164;1086551;1088164;KPN007;;0,038263889;libero;https://search.corpuskiparla.it/corpus/conversations/KPN007.html;https://search.corpuskiparla.it/corpus/conversations/KPN007_jefferson.html;;;;;no;simmetrico;;;4;pasto;che li ho lasciati su // per piacere // e ban ban // cos''hai? // eh // quando mi alzo qui mi fa un male // sei caduta? // no // e;allora;come fa a farti male? // poi il whiskey credo che lo facciano // ci sono altri paesi dove lo fanno // // irlanda? // grazie //;1;;1;;;;;;;;;;;;;;;;;;;;;;;;;;;0;;
KPN007;#1458431;doc#204;2020;https://search.corpuskiparla.it/corpus/player/player.cgi?code=KPN007&begin=1430190&end=1431586;1430190;1431586;KPN007;;0,038263889;libero;https://search.corpuskiparla.it/corpus/conversations/KPN007.html;https://search.corpuskiparla.it/corpus/conversations/KPN007_jefferson.html;;;;;no;simmetrico;;;4;pasto;beh ilaria non me ne intendo // il xx // era una bottiglia che proprio il nonno aveva conservato per le grandi occasioni //;allora;sarà pregiato // ecco perciò non so cosa possa aver pagata // mhmh // e l''aprimmo in quella circostanza // mh // ecco // e;;;;;1;;1;;;;;;;;;;;;;;;;;;;;;;;0;;
KPN007;#1458991;doc#204;2020;https://search.corpuskiparla.it/corpus/player/player.cgi?code=KPN007&begin=1584062&end=1587700;1584062;1587700;KPN007;;0,038263889;libero;https://search.corpuskiparla.it/corpus/conversations/KPN007.html;https://search.corpuskiparla.it/corpus/conversations/KPN007_jefferson.html;;;;;no;simmetrico;;;4;pasto;il nonno n gar~ in cantina // mh // mh // gli raccontò tutta ehm aveva la grappa gliela fece assaggiare // sì ma // ma magari;allora;era grappa neutra aromatizzata // aromati~ ~zzata // ah no io pensavo che l''avesse fatta lui mh // no no // perché;;;;;1;1;;;;;;;;;;;;;;;;;;;;;;;;0;;
KPN007;#1460629;doc#204;2020;https://search.corpuskiparla.it/corpus/player/player.cgi?code=KPN007&begin=2002526&end=2003371;2002526;2003371;KPN007;;0,038263889;libero;https://search.corpuskiparla.it/corpus/conversations/KPN007.html;https://search.corpuskiparla.it/corpus/conversations/KPN007_jefferson.html;;;;;no;simmetrico;;;4;pasto;il brandy è il nome generico dell''acquavite ricavata dalla distillazione del vino // sì è tipo è tipo una grappa eh // eh;allora;quello // se no c''è il cognac // no no il cogna oh oh // eh che è diverso però non è il brandy // il cognac è francese // allora il;;;;;1;;;;;;;;;;;;;;;;;;;;;;;;;0;;
KPN007;#1461816;doc#204;2020;https://search.corpuskiparla.it/corpus/player/player.cgi?code=KPN007&begin=2367733&end=2370637;2367733;2370637;KPN007;;0,038263889;libero;https://search.corpuskiparla.it/corpus/conversations/KPN007.html;https://search.corpuskiparla.it/corpus/conversations/KPN007_jefferson.html;;;;;no;simmetrico;;;4;pasto;hai le spese di spedizione mamma // eh venti euro di spese di spedizione // sì ma te sai come te lo spediscono bene // soccia;allora;c''ha dato altro che il sovrapprezzo eh // soccia // xxxx // sì // lo prenderesti tu magari per posta che t''arriva anche una;;;;;;;;;;;;;;;;;;;;;;;;;;;;;;0;;
KPN007;#1462916;doc#204;2020;https://search.corpuskiparla.it/corpus/player/player.cgi?code=KPN007&begin=2719933&end=2721266;2719933;2721266;KPN007;;0,038263889;libero;https://search.corpuskiparla.it/corpus/conversations/KPN007.html;https://search.corpuskiparla.it/corpus/conversations/KPN007_jefferson.html;;;;;no;simmetrico;;;4;pasto;mette nei dolci // questo è mio ma non è vero quello no ne metterai più scarso nei dolci // senti che profumo buono che fa //;allora;il malto dice // mh // è la la cariosside // ossia il chicco di un cerela~ ehm di un di un cereale // che ha subito la;;;;;1;;1;;;;;;;;;1;;;;;;;;;;;;;;0;;
TOD2016;#1477771;doc#207;2019;https://search.corpuskiparla.it/corpus/player/player.cgi?code=TOD2016&begin=201391&end=207160;201391;207160;TOD2016;;0,021284722;fisso;https://search.corpuskiparla.it/corpus/conversations/TOD2016.html;https://search.corpuskiparla.it/corpus/conversations/TOD2016_jefferson.html;;;;;sì;simmetrico;;;2;intervista semistrutturata;di milano o? // nel senso c'' è stato un momento in cui sei stata magari un po'' in dubbio o hai scelto torino così a // no;allora;io mi sono informata su tutti i corsi possibili immaginabili a a milano // anche a bergamo perché comunque bergamo // è;;;;;1;1;;;;;;;;;;1;;1;;;;;;;;;;;;;;
TOD2016;#1478739;doc#207;2019;https://search.corpuskiparla.it/corpus/player/player.cgi?code=TOD2016&begin=502784&end=505189;502784;505189;TOD2016;;0,021284722;fisso;https://search.corpuskiparla.it/corpus/conversations/TOD2016.html;https://search.corpuskiparla.it/corpus/conversations/TOD2016_jefferson.html;;;;;sì;simmetrico;;;2;intervista semistrutturata;// no // eh è nel pollino // okayey // quindi è collina quasi montagna poi io non sono // è vicino matera o cioè // abbastanza;allora;è provincia di potenza // okay // però è più vicino a matera // mhmh // perché non so se hai presente come è divisa la a la;;;;;1;;;;;;;;;;;;;1;;;;;;;;;;;;;;
TOD2016;#1479951;doc#207;2019;https://search.corpuskiparla.it/corpus/player/player.cgi?code=TOD2016&begin=868514&end=869783;868514;869783;TOD2016;;0,021284722;fisso;https://search.corpuskiparla.it/corpus/conversations/TOD2016.html;https://search.corpuskiparla.it/corpus/conversations/TOD2016_jefferson.html;;;;;sì;simmetrico;;;2;intervista semistrutturata;// al quale vorrò andare // e quindi visto che ci sei stata se mi racconti un po'' la location ci arrivo preparato // eh //;allora;è molto piccolo // okay // molto molto piccolo // ehm // poi non so perché sono due tre sale non so se magari si pos~ sì se una;;;;;1;;1;;;;;;;;;1;;1;;;;;;;;;;;;;;
TOD2016;#1480835;doc#207;2019;https://search.corpuskiparla.it/corpus/player/player.cgi?code=TOD2016&begin=1134968&end=1138467;1134968;1138467;TOD2016;;0,021284722;fisso;https://search.corpuskiparla.it/corpus/conversations/TOD2016.html;https://search.corpuskiparla.it/corpus/conversations/TOD2016_jefferson.html;;;;;sì;simmetrico;;;2;intervista semistrutturata;un altro paio di domande // allora // ti chiedo come ultime domandine // di raccontarmi degli aneddoti // okay? // mh //;allora;me ne racconti ma a tuo piacimento eh // insomma // cioè // assoluta ruota libera // sia un aneddoto su // cazzo di mosca //;;;;;1;;;;;;;;;;;1;;;;;;;;;;;;;;;;
TOD2016;#1482184;doc#207;2019;https://search.corpuskiparla.it/corpus/player/player.cgi?code=TOD2016&begin=1566284&end=1567393;1566284;1567393;TOD2016;;0,021284722;fisso;https://search.corpuskiparla.it/corpus/conversations/TOD2016.html;https://search.corpuskiparla.it/corpus/conversations/TOD2016_jefferson.html;;;;;sì;simmetrico;;;2;intervista semistrutturata;// piove diluvia grandina // fine del mondo // sì // sei sola a casa tua // sì // che fai? // ehm dipende cosa c'' è da fare //;allora;se ci sono delle xxx // hai finto anche tutte le commissioni di casa // finito le commissioni di casa // eh o mi metto a;;;;;1;;;;;;;;;;;;;1;;;;;;;;;;;;;;
TOD2016;#1482536;doc#207;2019;https://search.corpuskiparla.it/corpus/player/player.cgi?code=TOD2016&begin=1662844&end=1664453;1662844;1664453;TOD2016;;0,021284722;fisso;https://search.corpuskiparla.it/corpus/conversations/TOD2016.html;https://search.corpuskiparla.it/corpus/conversations/TOD2016_jefferson.html;;;;;sì;simmetrico;;;2;intervista semistrutturata;eh di~ // allora x~ // se domani ti dicessero puoi fare la band di ciò che vuoi e diventare famosa che genere faresti? // no;allora;suonare // pop rock // ahah // ma perché non sono capace di suonare altro quindi non per altro // ti piace quello // ehm //;;;;;1;1;;;;;;;;;;1;;;;;;;;;;;;;;;;
KPS012;#1516478;doc#211;2020;https://search.corpuskiparla.it/corpus/player/player.cgi?code=KPS012&begin=724820&end=725520;724820;725520;KPS012;;0,022546296;libero;https://search.corpuskiparla.it/corpus/conversations/KPS012.html;https://search.corpuskiparla.it/corpus/conversations/KPS012_jefferson.html;;;;;no;simmetrico;;;3;pasto;fatto mancu lu panino // xx hai detto hai detto // hai detto che la crostata // con ricotta e cioccolato se la mangia // embè;allora;// ah si? // te la mangi la ricotta? // non la ricotta della sicilia quella non di certo // #va bene le ricotte e xxxxxxxx;;;;;;;;;;;;;;;;;;;;;;;;;;;;;;;;
KPS012;#1516975;doc#211;2020;https://search.corpuskiparla.it/corpus/player/player.cgi?code=KPS012&begin=888973&end=892166;888973;892166;KPS012;;0,022546296;libero;https://search.corpuskiparla.it/corpus/conversations/KPS012.html;https://search.corpuskiparla.it/corpus/conversations/KPS012_jefferson.html;;;;;no;simmetrico;;;3;pasto;alla chiazza // oggi ho portato maria a piano poi c''e piazz~ // no ma xxxx lo faccio fuori // fuori // uscite insieme? //;allora;siamo andati insieme perche // dovevamo portare i libri di testo suoi in libreria // siccome pesano un quintale io non;;;;;1;;1;;;;;;;;;1;;1;;;;;;;;;;;;;;
KPS012;#1517188;doc#211;2020;https://search.corpuskiparla.it/corpus/player/player.cgi?code=KPS012&begin=971310&end=972887;971310;972887;KPS012;;0,022546296;libero;https://search.corpuskiparla.it/corpus/conversations/KPS012.html;https://search.corpuskiparla.it/corpus/conversations/KPS012_jefferson.html;;;;;no;simmetrico;;;3;pasto;per me con questo un pezzetto di panettone non xxx // #senti guarda a me quel panettone mi faci schifo io non so che dirt~ //;allora;la pancetta ti rovina // mangiatelo // madonna mia // cosa // il panettone che hanno aperto ieri non mi piace che cosa devo;;;;;;;;;;;;;;;;;;;;;;;;;;;;;;;;
KPS012;#1519724;doc#211;2020;https://search.corpuskiparla.it/corpus/player/player.cgi?code=KPS012&begin=1839520&end=1841719;1839520;1841719;KPS012;;0,022546296;libero;https://search.corpuskiparla.it/corpus/conversations/KPS012.html;https://search.corpuskiparla.it/corpus/conversations/KPS012_jefferson.html;;;;;no;simmetrico;;;3;pasto;puoi nemmeno proibire ca puru tu sta xxxxx du tampone // ci credi perchè tu ci credi che la ros~ // andranno a mangiare //;allora;oggi oggi la nonna // fin quando non avranno il risultato potrebbero // xx xx xx // no // a mangiare no ma io non ci credevo;;;;;1;;1;;;;;;;;;1;;1;;;;;;;;;;;;;;
KPS012;#1519944;doc#211;2020;https://search.corpuskiparla.it/corpus/player/player.cgi?code=KPS012&begin=1887872&end=1892880;1887872;1892880;KPS012;;0,022546296;libero;https://search.corpuskiparla.it/corpus/conversations/KPS012.html;https://search.corpuskiparla.it/corpus/conversations/KPS012_jefferson.html;;;;;no;simmetrico;;;3;pasto;ma // no ho detto non è vero // ah no? dico no // no vabbè poi sta cosa // no // #che quasi che io ho sentito che loro stanno bene;allora;si pensa che in capo soa non succede niente // eh ho detto mio fratello per fortuna non se l''è preso non so perchè // forse;1;;1;;;;;;;;;;;;;;;;;;;;;;;;;;;;;
KPS012;#1520130;doc#211;2020;https://search.corpuskiparla.it/corpus/player/player.cgi?code=KPS012&begin=1937027&end=1938758;1937027;1938758;KPS012;;0,022546296;libero;https://search.corpuskiparla.it/corpus/conversations/KPS012.html;https://search.corpuskiparla.it/corpus/conversations/KPS012_jefferson.html;;;;;no;simmetrico;;;3;pasto;io // io non mi voglio rovinare // no quindi quindi no // uno deve andare a scuola no proprio // allora quindi ho det~ no;allora;// prima di cosa noi dobbiamo ragionare ci dobbiamo mettere in prima persona noi // nel senso che noi potremmo anche;;;;;1;;;;;;;;;;;1;;;;;;;;;;;;;;;;
PTD009;#1526630;doc#213;2019;https://search.corpuskiparla.it/corpus/player/player.cgi?code=PTD009&begin=1071323&end=1079440;1071323;1079440;PTD009;;0,039155093;fisso;https://search.corpuskiparla.it/corpus/conversations/PTD009.html;https://search.corpuskiparla.it/corpus/conversations/PTD009_jefferson.html;;;;;sì;asimmetrico;;;2;intervista semistrutturata;fare una metropolitana okay perfetto al di là dei fondi dei lavori e tutto // significa avere dei disagi // certo //;allora;se i disagi derivano dal fatto che per fare una fermata ci impieghi venticinque anni perché dal punto di vista;;;;;1;;;;;;;;;;;;;;;;;;;;;;;;;;;
PTD009;#1532217;doc#213;2019;https://search.corpuskiparla.it/corpus/player/player.cgi?code=PTD009&begin=2842074&end=2844383;2842074;2844383;PTD009;;0,039155093;fisso;https://search.corpuskiparla.it/corpus/conversations/PTD009.html;https://search.corpuskiparla.it/corpus/conversations/PTD009_jefferson.html;;;;;sì;asimmetrico;;;2;intervista semistrutturata;lui di cui ovviamente per risrvatezza non faccio nome però // // sto canzonando il quartiere in cui vivi // okay //;allora;la la domanda successiva sarebbe su // gli interessi e se si possono coltivare // gli interessi appunto nel nel posto in;;;;;1;;;;;;;;;;;1;;;;;;;;;;;;;;;;
PTD009;#1532936;doc#213;2019;https://search.corpuskiparla.it/corpus/player/player.cgi?code=PTD009&begin=3064010&end=3066723;3064010;3066723;PTD009;;0,039155093;fisso;https://search.corpuskiparla.it/corpus/conversations/PTD009.html;https://search.corpuskiparla.it/corpus/conversations/PTD009_jefferson.html;;;;;sì;asimmetrico;;;2;intervista semistrutturata;nulla se noi vogliamo possiamo // possiamo fare // però di concerti negli ultimi anni // non tantissimi no? // ho capi~;allora;però ripet~ ripeto allora rispetto // eh l''italia dal punto di vista concertistico // ha una grande sfortuna // sotto;;;;;1;1;;;;;;;;;;1;;;;;;;;;;;;;;;;
BOD1004;#1540515;doc#214;2017/18;https://search.corpuskiparla.it/corpus/player/player.cgi?code=BOD1004&begin=3282146&end=3286219;3282146;3286219;BOD1004;;0,043125;fisso;https://search.corpuskiparla.it/corpus/conversations/BOD1004.html;https://search.corpuskiparla.it/corpus/conversations/BOD1004_jefferson.html;;;;;no;asimmetrico;;;1;lezione;di protezione però allo stesso tempo // se si eccede in questo meccanismo di protezione perché il danno è prolungato //;allora;quello che succede è che si altera il meccanismo di traduzione // ehm e quindi di produzione delle proteine // questi;;;;;1;;;;;;;;;;;;;;;;;;;;;;;;;;;
BOD1004;#1540554;doc#214;2017/18;https://search.corpuskiparla.it/corpus/player/player.cgi?code=BOD1004&begin=3296876&end=3299753;3296876;3299753;BOD1004;;0,043125;fisso;https://search.corpuskiparla.it/corpus/conversations/BOD1004.html;https://search.corpuskiparla.it/corpus/conversations/BOD1004_jefferson.html;;;;;no;asimmetrico;;;1;lezione;delle proteine // questi granuli da stress vi ho detto sono stati trovati in molte patologie ma soprattutto nella sla //;allora;fatta questa premessa // eh che è come vi ho detto comune a tutte le patologie iniziamo a parlare di tutte le singole;;;;;1;;;;;;;;;;;;;;;;;;;;;;;;;;;
TOD1005;#1587031;doc#221;2017/18;https://search.corpuskiparla.it/corpus/player/player.cgi?code=TOD1005&begin=247645&end=252055;247645;252055;TOD1005;;0,043125;fisso;https://search.corpuskiparla.it/corpus/conversations/TOD1005.html;https://search.corpuskiparla.it/corpus/conversations/TOD1005_jefferson.html;;;;;no;asimmetrico;;;1;lezione;che lui fa tre ore ogni giorno lunedì martedì e mercoledì // è solo un mese di corso // che è fino alla fine di marzo // eh beh;allora;noi non possiamo rinviare il corso // cioè // nel senso a me dispiace questa cosa ma se fosse la maggior parte degli;;;;;1;;;;;;;;;;;;;;;;;;;;;;;;;;;
TOD1005;#1587329;doc#221;2017/18;https://search.corpuskiparla.it/corpus/player/player.cgi?code=TOD1005&begin=413438&end=414238;413438;414238;TOD1005;;0,043125;fisso;https://search.corpuskiparla.it/corpus/conversations/TOD1005.html;https://search.corpuskiparla.it/corpus/conversations/TOD1005_jefferson.html;;;;;no;asimmetrico;;;1;lezione;va bene eh // la vita dev'' essere complicata se no // sì // okay // okay // ci sono // non so dopo che faccio questa frase //;allora;// ci siamo dov'' è la mia bottiglietta d'' acqua? uh grazie // eh // scusate il ritardo possiamo cominciare // benvenuti //;;;;;1;;1;;;;;;;;;;;;;;;;;;;;;;;;;
BOA1004;#1632417;doc#227;2017/18;https://search.corpuskiparla.it/corpus/player/player.cgi?code=BOA1004&begin=115408&end=116957;115408;116957;BOA1004;;0,005173611;libero;https://search.corpuskiparla.it/corpus/conversations/BOA1004.html;https://search.corpuskiparla.it/corpus/conversations/BOA1004_jefferson.html;;;;;no;asimmetrico;;;2;ricevimento studenti;per l'' analisi della sequenza // ehmh // non le avevo già indicato // e no ha detto che aveva in mente dei saggi // ehmh eh;allora;// quali era~ quali sono le sue lingue straniere? // e inglese e tedesco // quindi c'' è già l'' articolo in inglese quello di;;;;;;;1;;;;;;;;;;;;;;;;;;;;;;;;;
BOA1004;#1633333;doc#227;2017/18;https://search.corpuskiparla.it/corpus/player/player.cgi?code=BOA1004&begin=432131&end=434134;432131;434134;BOA1004;;0,005173611;libero;https://search.corpuskiparla.it/corpus/conversations/BOA1004.html;https://search.corpuskiparla.it/corpus/conversations/BOA1004_jefferson.html;;;;;no;asimmetrico;;;2;ricevimento studenti;lo scritto o lo sa già lei // xx valentini // cioè le rispond~ // no no m~ me me lo scrivo io adesso // okay // va bene? // va bene;allora;io mi iscrivo // sì // per giugno lo farà? // sì // d'' accordo // grazie arrivederci // bon ci siamo // benissimo allor~;;;;;1;;;;;;1;;;1;;1;;;;;;;;;;;;;;;;non sento nessuna occorrenza di allora
TOD2013;#1636248;doc#228;2019;https://search.corpuskiparla.it/corpus/player/player.cgi?code=TOD2013&begin=793580&end=794070;793580;794070;TOD2013;;0,047546296;fisso;https://search.corpuskiparla.it/corpus/conversations/TOD2013.html;https://search.corpuskiparla.it/corpus/conversations/TOD2013_jefferson.html;;;;;sì;simmetrico;;;3;intervista semistrutturata;eh da marzo fino a luglio sono stata invece a londra // mhmh // ah // tutta e infatti per quello ho detto io parlo solo io xx //;allora;// invece da da marzo sono tornata solo per il matrimonio di una mia amica ad aprile però sono stata a londra // mhmh // in;;;;;;;;;;;;;;;;;;;;;;;;;;;;;;0;1;come 4 e 38
TOD2013;#1637859;doc#228;2019;https://search.corpuskiparla.it/corpus/player/player.cgi?code=TOD2013&begin=1244345&end=1248436;1244345;1248436;TOD2013;;0,047546296;fisso;https://search.corpuskiparla.it/corpus/conversations/TOD2013.html;https://search.corpuskiparla.it/corpus/conversations/TOD2013_jefferson.html;;;;;sì;simmetrico;;;3;intervista semistrutturata;descrivimi un po'' ste ste // duran~ sì più o meno nel duemiladodici // tre situazioni cioè sia l'' i~ l'' istituto sia //;allora;l'' istituto non non mi trovavo bene a causa de~ degli orari // okay // orari // sì lì effettivamente // troppo rigidi // nel;;;;;1;;1;;;;;;;;;;;1;;;;;;;;;;;;;;non sento nessuna occorrenza di allora
TOD2013;#1639904;doc#228;2019;https://search.corpuskiparla.it/corpus/player/player.cgi?code=TOD2013&begin=1898483&end=1902254;1898483;1902254;TOD2013;;0,047546296;fisso;https://search.corpuskiparla.it/corpus/conversations/TOD2013.html;https://search.corpuskiparla.it/corpus/conversations/TOD2013_jefferson.html;;;;;sì;simmetrico;;;3;intervista semistrutturata;perchè mi conveniva // perchè stavi s~ e stavi sola soprattutto // e stavo da sola // mbè // poi ho conosciuto john e // e;allora;siamo andati a convivere in quella che prima era solo casa sua // aha // per un annetto e mezzo e poi ora in questa casa qui //;;;;;1;;;;;;;;;;;1;;1;;;;;;;;;;;;;;
TOD2013;#1645176;doc#228;2019;https://search.corpuskiparla.it/corpus/player/player.cgi?code=TOD2013&begin=3431155&end=3437467;3431155;3437467;TOD2013;;0,047546296;fisso;https://search.corpuskiparla.it/corpus/conversations/TOD2013.html;https://search.corpuskiparla.it/corpus/conversations/TOD2013_jefferson.html;;;;;sì;simmetrico;;;3;intervista semistrutturata;del per la pulizia la lettiera sta fuori e // è coperta così il gatto non si lancia giù ma comunque fuori dalla casa // e // e;allora;per me è importante questa casa perchè l'' abbiamo scelta con cura l'' abbiamo rimessa in sesto perchè // gli inquilini;;;;;1;;;;;;;;;;;1;;;;;;;;;;;;;;;;
TOD2013;#1646462;doc#228;2019;https://search.corpuskiparla.it/corpus/player/player.cgi?code=TOD2013&begin=3812637&end=3813100;3812637;3813100;TOD2013;;0,047546296;fisso;https://search.corpuskiparla.it/corpus/conversations/TOD2013.html;https://search.corpuskiparla.it/corpus/conversations/TOD2013_jefferson.html;;;;;sì;simmetrico;;;3;intervista semistrutturata;come fa gli esami rossi vi consiglio di fare lo stesso // anch'' io ci vado // ma tu non lo fai quindi l'' esaame il dodici? //;allora;// no // sì cioè in realtà vorrei farlo ma io non so cosa dire cioè // sì o no? // quindi vengo a vedere a te vengo a vedere // ti~;;;;;1;;1;;;;;;;;;;;1;;;;;;;;;;;;;;
TOD2013;#1646941;doc#228;2019;https://search.corpuskiparla.it/corpus/player/player.cgi?code=TOD2013&begin=3937196&end=3938884;3937196;3938884;TOD2013;;0,047546296;fisso;https://search.corpuskiparla.it/corpus/conversations/TOD2013.html;https://search.corpuskiparla.it/corpus/conversations/TOD2013_jefferson.html;;;;;sì;simmetrico;;;3;intervista semistrutturata;prime armi mi vai a fare // eh a chiedere una cosa specifica della grammatica aramaica // per me diventa un problema //;allora;aspe~ per quello anche per me // cioè io la grammatichina la grammatichina // che ci ha dato // la sto studiando // però è;;;;;1;1;1;;;;;;;;;1;;;;;;;;;;;;;;;;
KPN003;#1655212;doc#229;2020;https://search.corpuskiparla.it/corpus/player/player.cgi?code=KPN003&begin=2651103&end=2653849;2651103;2653849;KPN003;;0,034884259;libero;https://search.corpuskiparla.it/corpus/conversations/KPN003.html;https://search.corpuskiparla.it/corpus/conversations/KPN003_jefferson.html;;;;;no;simmetrico;;;3;pasto;dietro al piede // tu? // e alla al~ al tal~ cioè non al tallone al tendine // il solito coso dell''anfibio // esatto //;allora;ho iniziato a camminare con le vans messe a ciabatta // // sì // per il centro perché avevo malissimo // è comodo camminare;;;;;;;;;;;;;;;;;;;;;;;;;;;;;;;;
KPN003;#1656113;doc#229;2020;https://search.corpuskiparla.it/corpus/player/player.cgi?code=KPN003&begin=2895768&end=2897902;2895768;2897902;KPN003;;0,034884259;libero;https://search.corpuskiparla.it/corpus/conversations/KPN003.html;https://search.corpuskiparla.it/corpus/conversations/KPN003_jefferson.html;;;;;no;simmetrico;;;3;pasto;fatto la // no hai detto il memory // il quello dello yoga // yoga // sì // il twister // e il twister è vero // il twister?;allora;erano quattro forse // quello che ha fatto con la sara // obbligo o verità c''era // secondo me obbligo o verità era nelle;;;;;1;;;;;;;;;;;1;;1;;;;;;;;;;;;;;
PBB008;#1667677;doc#232;2022;https://search.corpuskiparla.it/corpus/player/player.cgi?code=PBB008&begin=418470&end=420310;418470;420310;PBB008;;0,039340278;fisso;https://search.corpuskiparla.it/corpus/conversations/PBB008.html;https://search.corpuskiparla.it/corpus/conversations/PBB008_jefferson.html;;;;;sì;asimmetrico;;;3;intervista semistrutturata;eh il fatto di aver scelto // eh casa in in @nomeluogo // cioè la una delle vie clou diciamo della città è capitato oppure //;allora;quello è capitato // per puro caso nel senso che cercavo casa veramente da tanto tempo // ehm // e quindi quando vedi;;;;;;;1;;;;;;;;;;;;;;;;;;;;;;;;;
PBB008;#1669641;doc#232;2022;https://search.corpuskiparla.it/corpus/player/player.cgi?code=PBB008&begin=1132080&end=1135575;1132080;1135575;PBB008;;0,039340278;fisso;https://search.corpuskiparla.it/corpus/conversations/PBB008.html;https://search.corpuskiparla.it/corpus/conversations/PBB008_jefferson.html;;;;;sì;asimmetrico;;;3;intervista semistrutturata;queste co~ // e per loro eran~ magari erano cose normali // piccole cose e invece avevano fatto tantissimo // mhmh // e;allora;tutte queste cose le ho volute raccontare insomma // e nonna lia come // tutte queste donne dopo non ha più fatto politica;;;;;1;;;;;;;;;;;1;;;;;;;;;;;;;;;;
BOA3002;#1683059;doc#234;2017/18;https://search.corpuskiparla.it/corpus/player/player.cgi?code=BOA3002&begin=58030&end=58900;58030;58900;BOA3002;;0,012696759;libero;https://search.corpuskiparla.it/corpus/conversations/BOA3002.html;https://search.corpuskiparla.it/corpus/conversations/BOA3002_jefferson.html;;;;;no;simmetrico;;;4;conversazione libera;// quando ci sono questi impegni // e affrontare un po'' la vita cioè nel senso // daje mario // eh ecc~ // e allora niente // e;allora;niente // è andata che alla fine se n~ cioè se n'' è andato poi è tornato ovviamente mi ha accompagnato // ho detto ci manca;;;;;1;1;;;;;;;;;;1;1;;;;;;;;;;;;;;;
BOA3002;#1684255;doc#234;2017/18;https://search.corpuskiparla.it/corpus/player/player.cgi?code=BOA3002&begin=329341&end=330259;329341;330259;BOA3002;;0,012696759;libero;https://search.corpuskiparla.it/corpus/conversations/BOA3002.html;https://search.corpuskiparla.it/corpus/conversations/BOA3002_jefferson.html;;;;;no;simmetrico;;;4;conversazione libera;rotto? // no // no no è qua // no no // ho detto te ne esci una volta per tutte // e allora da lì si e poi si inizia a litigare e //;allora;cosa ho fatto // ha preso e se n'' è andato io la prima volta che lo stava facendo // l'' ho preso per la maglia e lui andava;;;;;1;;;;;;;;;;;1;;;;;;;;;;;;;;;1;niente chiude il topic
BOA3019;#1688286;doc#235;2019;https://search.corpuskiparla.it/corpus/player/player.cgi?code=BOA3019&begin=202000&end=203719;202000;203719;BOA3019;;0,016145833;libero;https://search.corpuskiparla.it/corpus/conversations/BOA3019.html;https://search.corpuskiparla.it/corpus/conversations/BOA3019_jefferson.html;;;;;no;simmetrico;;;4;conversazione libera;non posso parlare se sta in mezzo // scusi io // // la confondiamo // mh oh poverino vuoi un po'' di // pasta frolla? // // // //;allora;frank com'' è questa torta? // descrivicela // buona // potrebbe essere la cosa più salutare che mangi // nell'' ultimo;;;;;1;;1;;;;;;;1;;1;;;;;;;;;;;;;;;;
BOA3019;#1690730;doc#235;2019;https://search.corpuskiparla.it/corpus/player/player.cgi?code=BOA3019&begin=772919&end=774219;772919;774219;BOA3019;;0,016145833;libero;https://search.corpuskiparla.it/corpus/conversations/BOA3019.html;https://search.corpuskiparla.it/corpus/conversations/BOA3019_jefferson.html;;;;;no;simmetrico;;;4;conversazione libera;tanti in effe~ cioè // ah okay okay // // passando così dall'' autobus vedendo l'' edificio ne ho visti f~ // una decina // no;allora;migliore aspettare // // erano a lezione oh // // // imparano anche loro // allora no okay ovviamente sì // no vabbè //;;;;;;;;;;;;;;;;;;;;;;;;;;;;;;;;
BOA3019;#1690746;doc#235;2019;https://search.corpuskiparla.it/corpus/player/player.cgi?code=BOA3019&begin=776286&end=777572;776286;777572;BOA3019;;0,016145833;libero;https://search.corpuskiparla.it/corpus/conversations/BOA3019.html;https://search.corpuskiparla.it/corpus/conversations/BOA3019_jefferson.html;;;;;no;simmetrico;;;4;conversazione libera;ne ho visti f~ // una decina // no allora migliore aspettare // // erano a lezione oh // // // imparano anche loro //;allora;no okay ovviamente sì // no vabbè // senso di insicurezza sì però al tempo stesso // cioè sì nel senso s~ // cioè // se sei in;;;;;;;;;;;;;;;;;;;;;;;;;;;;;;;;audio non chiaro
PBB017;#1693415;doc#236;2022;https://search.corpuskiparla.it/corpus/player/player.cgi?code=PBB017&begin=22811&end=24116;22811;24116;PBB017;;0,046099537;fisso;https://search.corpuskiparla.it/corpus/conversations/PBB017.html;https://search.corpuskiparla.it/corpus/conversations/PBB017_jefferson.html;;;;;sì;asimmetrico;;;2;intervista semistrutturata;allora duemilauno // quando l''euro proprio la c~ la carta ha circolato // perché se no sono // forse duemiladue;allora;lo sai? // primo gennaio duemiladue forse // duemiladue? // ah va bene allora duemiladue // non lo so // più o meno // eh // e;;;;;1;;;;;;;;;;;;;;;;;;;1;;;;;;;;audio non chiaro
PBB017;#1695894;doc#236;2022;https://search.corpuskiparla.it/corpus/player/player.cgi?code=PBB017&begin=838993&end=847893;838993;847893;PBB017;;0,046099537;fisso;https://search.corpuskiparla.it/corpus/conversations/PBB017.html;https://search.corpuskiparla.it/corpus/conversations/PBB017_jefferson.html;;;;;sì;asimmetrico;;;2;intervista semistrutturata;e lei ah io ho mangiato la minestra un giorno e il giorno dopo e tu cos''hai mangia~? ah un po'' di verdure e tu? e io la minestra;allora;un giorno le ho detto ma tutti i giorni minestra mangi // // e lei mi fa sì sì // e io ma come tutti i giorni il brodino? ma che;;;;;1;;;;;;;;;;;1;;;;;;;;;;;;;;;;
PBB017;#1697500;doc#236;2022;https://search.corpuskiparla.it/corpus/player/player.cgi?code=PBB017&begin=1333118&end=1336146;1333118;1336146;PBB017;;0,046099537;fisso;https://search.corpuskiparla.it/corpus/conversations/PBB017.html;https://search.corpuskiparla.it/corpus/conversations/PBB017_jefferson.html;;;;;sì;asimmetrico;;;2;intervista semistrutturata;dietro la chiesa? quella che mi troppo simpatica? // sì // // // ho detto // lo vogliamo raccontare questa cosa? //;allora;è una terrazza e un ascensore // ehm // fatto di metallo // dove tu // prima di salire // eh firmi una carta che se succede;;;;;1;;;;;;;;;;;;;1;;;;1;;;;;;;;;;
PBB017;#1700219;doc#236;2022;https://search.corpuskiparla.it/corpus/player/player.cgi?code=PBB017&begin=2134269&end=2135646;2134269;2135646;PBB017;;0,046099537;fisso;https://search.corpuskiparla.it/corpus/conversations/PBB017.html;https://search.corpuskiparla.it/corpus/conversations/PBB017_jefferson.html;;;;;sì;asimmetrico;;;2;intervista semistrutturata;// ha detto che siete andati all''arco~ all''archiginnasio? // sì? // sì // dove ci sono tutti quegli stemmini // no //;allora;forse ti sei sbagliato // ma io non ti ho detto sta cosa // o sì? // sì // mh // o forse qualcun altro? // forse era qualcun;;;;;1;;;;;;;;;;;1;;;;;;;;1;;;;;;;;
PBC012;#1712649;doc#237;2022;https://search.corpuskiparla.it/corpus/player/player.cgi?code=PBC012&begin=2147104&end=2148616;2147104;2148616;PBC012;;0,033668981;fisso;https://search.corpuskiparla.it/corpus/conversations/PBC012.html;https://search.corpuskiparla.it/corpus/conversations/PBC012_jefferson.html;;;;;sì;asimmetrico;;;3;intervista semistrutturata;quindi e xxx // io quel libro lì che t''ho dato l''ho trovato nella mia biblioteca perché hanno tanti libri // hai capito //;allora;vado lì dico ma gua~ // eh si fa fatica sicuramente // è la stessa guarda è stato scritto da co~ ardizzani // ardizzani // sì;;;;;1;;;;;;;;;;;1;;;;;;;;;;;;;;;;
PBC012;#1712738;doc#237;2022;https://search.corpuskiparla.it/corpus/player/player.cgi?code=PBC012&begin=2170290&end=2177476;2170290;2177476;PBC012;;0,033668981;fisso;https://search.corpuskiparla.it/corpus/conversations/PBC012.html;https://search.corpuskiparla.it/corpus/conversations/PBC012_jefferson.html;;;;;sì;asimmetrico;;;3;intervista semistrutturata;sì // sì dal ve~ dal venti o fa xx quindi // era un po'' e // adesso avrebbe cento anni e qualche cosa // mh // quindi // e;allora;hai capito quella è proprio guarda scritto per perché era la vita che si conduceva allora ecco // ah sì sì // la vita che si è;;;;;1;;;;;;;;;;;1;;;;;;;;;;;;;;;;
BOA1005;#1716614;doc#238;2017/18;https://search.corpuskiparla.it/corpus/player/player.cgi?code=BOA1005&begin=553571&end=561201;553571;561201;BOA1005;;0,006550926;libero;https://search.corpuskiparla.it/corpus/conversations/BOA1005.html;https://search.corpuskiparla.it/corpus/conversations/BOA1005_jefferson.html;;;;;no;asimmetrico;;;2;ricevimento studenti;// mh mh // non so cose più culturali storiche italiane // e e anche esercizi di grammatica o questionari o // quindi lei eh;allora;l~ l~ la sua intenzione è quella di di laurearsi na nella sessione di marzo duemiladiciotto // sì // adesso starà a;;;;;1;;;;;;;;;;;1;;;1;;;;;;;;;;;;;
PBA018;#1721635;doc#240;2023;https://search.corpuskiparla.it/corpus/player/player.cgi?code=PBA018&begin=27886&end=30530;27886;30530;PBA018;;0,02431713;fisso;https://search.corpuskiparla.it/corpus/conversations/PBA018.html;https://search.corpuskiparla.it/corpus/conversations/PBA018_jefferson.html;;;;;sì;asimmetrico;;;2;intervista semistrutturata;urbano // eh // ecco perché me l''aveva raccontata questa cosa sara // okay // ehm ti piace? come ti ci trovi? come // ma;allora;è un po'' complicato // cioè all''inizio ti dico mi son trovato // malino // perché conta che non avevo mai fatto un lavoro;;;;;1;1;1;;;;;;;;;1;;1;;;;;;;;;;;;;;
PBA018;#1722341;doc#240;2023;https://search.corpuskiparla.it/corpus/player/player.cgi?code=PBA018&begin=276655&end=279488;276655;279488;PBA018;;0,02431713;fisso;https://search.corpuskiparla.it/corpus/conversations/PBA018.html;https://search.corpuskiparla.it/corpus/conversations/PBA018_jefferson.html;;;;;sì;asimmetrico;;;2;intervista semistrutturata;di vari settori // tipo // non so fa le pulizie le disinfestazioni // mh cantieri edili // e anche il giardinaggio //;allora;io sono andato lì e // son stato cioè ho fatto il colloquio // bello che ero tipo in camicia tutto elegante // invece il mio;;;;;1;;;;;;;;;;;1;;;;;;;;;;;;;;;;
PBA018;#1725448;doc#240;2023;https://search.corpuskiparla.it/corpus/player/player.cgi?code=PBA018&begin=1369724&end=1372749;1369724;1372749;PBA018;;0,02431713;fisso;https://search.corpuskiparla.it/corpus/conversations/PBA018.html;https://search.corpuskiparla.it/corpus/conversations/PBA018_jefferson.html;;;;;sì;asimmetrico;;;2;intervista semistrutturata;il resto qua a bologna ti ti trovi bene cioè // con in generale // ti piace questa zona cioè mh // allora ti dico san donato //;allora;a me piace di bologna il fatto che sia molto // mh // che parola posso usare // molto ristretta come // mh // come città //;;;;;1;;;;;;;;;;;1;;1;;;;;;;;;;;;;;
PBB025;#1739485;doc#242;2023;https://search.corpuskiparla.it/corpus/player/player.cgi?code=PBB025&begin=1184214&end=1193726;1184214;1193726;PBB025;;0,031388889;fisso;https://search.corpuskiparla.it/corpus/conversations/PBB025.html;https://search.corpuskiparla.it/corpus/conversations/PBB025_jefferson.html;;;;;sì;asimmetrico;;;2;intervista semistrutturata;// mentre ultima festività estiva questa volta // il ferragosto // tu cosa fai in genere a ferragosto // il ferragosto;allora;negli ultimi n~ n~ negli ultimi anni sono su a san benedetto perchè prendiamo in affitto la casa che è in appenino // e boh;;;;;1;;;;;;;;;;;1;;1;;;;;;;;;;;;;;
PBB025;#1741547;doc#242;2023;https://search.corpuskiparla.it/corpus/player/player.cgi?code=PBB025&begin=1951882&end=1953764;1951882;1953764;PBB025;;0,031388889;fisso;https://search.corpuskiparla.it/corpus/conversations/PBB025.html;https://search.corpuskiparla.it/corpus/conversations/PBB025_jefferson.html;;;;;sì;asimmetrico;;;2;intervista semistrutturata;// mh che ho visto al cinema all''aperto? // eh sì // e no non ricordo perchè son passati tanti tanti anni // tralasciamo;allora;// mh // ehm mentre // eh // allora abbiamo parlato un po'' comunque tradizioni di bologna e tutto quanto così // ultime;;;;;1;;;;;;;1;;;;;1;;;;;;;;;;;;;;;
PBB025;#1741710;doc#242;2023;https://search.corpuskiparla.it/corpus/player/player.cgi?code=PBB025&begin=2009167&end=2013921;2009167;2013921;PBB025;;0,031388889;fisso;https://search.corpuskiparla.it/corpus/conversations/PBB025.html;https://search.corpuskiparla.it/corpus/conversations/PBB025_jefferson.html;;;;;sì;asimmetrico;;;2;intervista semistrutturata;con tuo papà? // mh in tutti in tutti i modi in tutti e tre in tutte e tre le le modalità diciamo // in tutti i modi // va bene;allora;io adesso passerei a domande più proprio tue personali // mh // adesso // innanzitutto ti chiedo che lavoro fai qual è la;;;;;1;1;;;;;;;;;;1;;1;;;;;;;;;;;;;;
PBB025;#1742988;doc#242;2023;https://search.corpuskiparla.it/corpus/player/player.cgi?code=PBB025&begin=2505316&end=2513605;2505316;2513605;PBB025;;0,031388889;fisso;https://search.corpuskiparla.it/corpus/conversations/PBB025.html;https://search.corpuskiparla.it/corpus/conversations/PBB025_jefferson.html;;;;;sì;asimmetrico;;;2;intervista semistrutturata;// mh // sei appassionata a qualche anche show di quando eri giovane dici ah quello era uno show con cui sono cresciuta //;allora;cinema ultimamente ci vado poco lo ripeto mh andiamo adesso abbiamo un po'' optato per il teatro // e televisione //;;;;;1;;1;;;;;;;;;1;;1;;;;;;;;;;;;;;
PTD006;#1744455;doc#243;2019;https://search.corpuskiparla.it/corpus/player/player.cgi?code=PTD006&begin=260650&end=264077;260650;264077;PTD006;;0,046273148;fisso;https://search.corpuskiparla.it/corpus/conversations/PTD006.html;https://search.corpuskiparla.it/corpus/conversations/PTD006_jefferson.html;;;;;sì;asimmetrico;;;2;intervista semistrutturata;a settimo ehm di penne pennarelli matite // mhmh // perchè settimo è la città proprio della penna per eccellenza;allora;// sì sì // poi la fabbrica ha chiuso ha dichiarato il fallimento ed è rimasta senza lavoro // è giovane però tua mamma? //;;;;;1;;;;;;;;;;;1;;;;;;;;;;;;;;;;
PTD006;#1745921;doc#243;2019;https://search.corpuskiparla.it/corpus/player/player.cgi?code=PTD006&begin=682110&end=690096;682110;690096;PTD006;;0,046273148;fisso;https://search.corpuskiparla.it/corpus/conversations/PTD006.html;https://search.corpuskiparla.it/corpus/conversations/PTD006_jefferson.html;;;;;sì;asimmetrico;;;2;intervista semistrutturata;l''università perchè poi f~ facevo anche dei lavo~ allora durante l''università il primo lavoro che ho fatto aspe~;allora;// durante ilehm il periodo estivo facevo l''animatore nei centri estivi // ah fico // a settimo // tramite dei cen~ dei;;;;;1;;;;;;;;;;;1;;;;;;;;;;;;;;;;
PTD006;#1746969;doc#243;2019;https://search.corpuskiparla.it/corpus/player/player.cgi?code=PTD006&begin=996480&end=1000546;996480;1000546;PTD006;;0,046273148;fisso;https://search.corpuskiparla.it/corpus/conversations/PTD006.html;https://search.corpuskiparla.it/corpus/conversations/PTD006_jefferson.html;;;;;sì;asimmetrico;;;2;intervista semistrutturata;quello che dovevano fare in questa camera solo che avevano de~ de~ mh un tono di voce un po'' troppo alto // madonna // e;allora;il il i~ eh uno che era nellaa fia~ nella stanza a fianco // eh si è un po'' lamentato tra virgolette in maniera scherzosa;;;;;1;;;;;;;;;;;1;;;;;;;;;;;;;;;;
PTD006;#1748719;doc#243;2019;https://search.corpuskiparla.it/corpus/player/player.cgi?code=PTD006&begin=1498825&end=1503548;1498825;1503548;PTD006;;0,046273148;fisso;https://search.corpuskiparla.it/corpus/conversations/PTD006.html;https://search.corpuskiparla.it/corpus/conversations/PTD006_jefferson.html;;;;;sì;asimmetrico;;;2;intervista semistrutturata;c''erano queste bambinate che proprio mi facevano cagare // si può dire? // sì sì sì puoi di~ // ecco mi facevano cagare //;allora;io avevo detto però mh ehm una bella esperienza perchè comunqueehm // ho avuto anche di mettere in in pratica un po'' mh il;;;;;1;;;;;;;;;;;1;;;;;;;;;;;;;;;;
PTD006;#1750921;doc#243;2019;https://search.corpuskiparla.it/corpus/player/player.cgi?code=PTD006&begin=2116990&end=2120337;2116990;2120337;PTD006;;0,046273148;fisso;https://search.corpuskiparla.it/corpus/conversations/PTD006.html;https://search.corpuskiparla.it/corpus/conversations/PTD006_jefferson.html;;;;;sì;asimmetrico;;;2;intervista semistrutturata;non mi capiva // no cioè ma quindi non sapeva l''italiano? // no lo sapeva fatto sta che poi non capivo se lui capiva //;allora;io mi sono arrabbiatoe ma lei non capisce cioè insomma // mh ho fatto mh l''isterico e poi c~ poi ci siamo capiti e e ho;;;;;1;;;;;;;;;;;1;;;;;;;;;;;;;;;;
PTD006;#1752646;doc#243;2019;https://search.corpuskiparla.it/corpus/player/player.cgi?code=PTD006&begin=2621451&end=2624781;2621451;2624781;PTD006;;0,046273148;fisso;https://search.corpuskiparla.it/corpus/conversations/PTD006.html;https://search.corpuskiparla.it/corpus/conversations/PTD006_jefferson.html;;;;;sì;asimmetrico;;;2;intervista semistrutturata;a bergamo che è di torino la mole // eh beh eh no // perchè tutti i clazifici sono // più o meno nella zona esatto però esatto;allora;// beh sì in effetti è vero il tessile è da quelle parti // hanno tante hann~ ne hanno cioè ecco pra~ eh se uno entra lì den~;;;;;1;;;;;;;;;;;;;;;;;1;;;;;;;;;;
PTD006;#1753239;doc#243;2019;https://search.corpuskiparla.it/corpus/player/player.cgi?code=PTD006&begin=2783258&end=2787996;2783258;2787996;PTD006;;0,046273148;fisso;https://search.corpuskiparla.it/corpus/conversations/PTD006.html;https://search.corpuskiparla.it/corpus/conversations/PTD006_jefferson.html;;;;;sì;asimmetrico;;;2;intervista semistrutturata;ah quella okay // e allora eh // quindi hanno tra~ hanno aperto un altro corner non xxx no aspetta aspetta mi sto sba~;allora;// io fino al duemila e quatto~ dopo di che // hanno aperto un altro corner di scarpe alle gru quindi ce n''erano due uno in;;;;;1;;;;;;;;;;;;;;1;;;;;;;;;;;;;
PTD006;#1753647;doc#243;2019;https://search.corpuskiparla.it/corpus/player/player.cgi?code=PTD006&begin=2897621&end=2900173;2897621;2900173;PTD006;;0,046273148;fisso;https://search.corpuskiparla.it/corpus/conversations/PTD006.html;https://search.corpuskiparla.it/corpus/conversations/PTD006_jefferson.html;;;;;sì;asimmetrico;;;2;intervista semistrutturata;// eh coinvol~ ehm cioè praticamente c''è la domanda e l''offerta nel mondo del fashion // quindi nei negozi e via dicendo;allora;io mh ho detto ma~ // okay // mando il curriculum e c''era un negozio in centro a torino in via lagrange che cercava // io mh;;;;;1;;;;;;;;;;;1;;;;;;;;;;;;;;;;
PTD006;#1755091;doc#243;2019;https://search.corpuskiparla.it/corpus/player/player.cgi?code=PTD006&begin=3264630&end=3266374;3264630;3266374;PTD006;;0,046273148;fisso;https://search.corpuskiparla.it/corpus/conversations/PTD006.html;https://search.corpuskiparla.it/corpus/conversations/PTD006_jefferson.html;;;;;sì;asimmetrico;;;2;intervista semistrutturata;i clienti ti dicono la loro tutti i clienti // cioè praticamente vai in analisi a un certo pu~ // va~ devi andare esatto;allora;per ve~ // cioè eh diventa pesante però è un lavoro che comunque è stimolante perchè sei sempre in giro sempre nuove sfide;;;;;1;;;;;;;;;;;;;1;;;;1;;;;;;;;;;
PTD006;#1756160;doc#243;2019;https://search.corpuskiparla.it/corpus/player/player.cgi?code=PTD006&begin=3538970&end=3542667;3538970;3542667;PTD006;;0,046273148;fisso;https://search.corpuskiparla.it/corpus/conversations/PTD006.html;https://search.corpuskiparla.it/corpus/conversations/PTD006_jefferson.html;;;;;sì;asimmetrico;;;2;intervista semistrutturata;mano lava l''altra quindi è giusto che un po'' per uno si // e allora molte volte vengono loro molte volte vado io via dicendo;allora;// mi sposto poi non faccio solamente il piemonte faccio anche la liguria faccio anche la val d''aosta tutto il nord ovest;;;;;;;;;;;;;;;;;;;;;;;;;;;;;;;;
PTD006;#1757338;doc#243;2019;https://search.corpuskiparla.it/corpus/player/player.cgi?code=PTD006&begin=3875370&end=3876420;3875370;3876420;PTD006;;0,046273148;fisso;https://search.corpuskiparla.it/corpus/conversations/PTD006.html;https://search.corpuskiparla.it/corpus/conversations/PTD006_jefferson.html;;;;;sì;asimmetrico;;;2;intervista semistrutturata;va bene // velocissima ultima cosa // sì // qual è il viaggio più bello che hai fatto? // il viaggio più bello che ho fatto //;allora;// ne ho fatti // beh il più bello se adesso come adesso // è quello che ho fatto nel duemiladiciassette in sardegna // mhmh;;;;;1;;;;;;;;;;;;;;;;;1;;;;;;;;;;non sento allora
PTA002;#1758052;doc#244;2019;https://search.corpuskiparla.it/corpus/player/player.cgi?code=PTA002&begin=124452&end=129020;124452;129020;PTA002;;0,003923611;fisso;https://search.corpuskiparla.it/corpus/conversations/PTA002.html;https://search.corpuskiparla.it/corpus/conversations/PTA002_jefferson.html;;;;;sì;asimmetrico;;;5;intervista semistrutturata;// quattro anni // ah caspita un sacco // dodici // un sacco // // // // // // x // in cosa consiste il lavoro cioè cosa fate? //;allora;noi produciamo bulloneria e viteria speciale // mh mh // esportiamo in tutto il mondo // mh mh // ed èmh // praticamente ci;;;;;1;;1;;;;;;;;;1;;1;;;;;;;;;;;;;;
BOA3004;#1759605;doc#245;2017/18;https://search.corpuskiparla.it/corpus/player/player.cgi?code=BOA3004&begin=276420&end=279477;276420;279477;BOA3004;;0,052534722;libero;https://search.corpuskiparla.it/corpus/conversations/BOA3004.html;https://search.corpuskiparla.it/corpus/conversations/BOA3004_jefferson.html;;;;;no;simmetrico;;;4;conversazione libera;xxx // lei aveva che si faceva due settimane tipo // so che la mamma operazioni varie cose ci sta figurati // minchia //;allora;io giada so che in teoria fino a fine mese dovrebbe restare // che maurizio se ne va il venticinque // posso invitarvi a;;;;;1;;;;;;;;;;;1;;1;;;;;;;;;;;;;;
BOA3004;#1760210;doc#245;2017/18;https://search.corpuskiparla.it/corpus/player/player.cgi?code=BOA3004&begin=483410&end=487863;483410;487863;BOA3004;;0,052534722;libero;https://search.corpuskiparla.it/corpus/conversations/BOA3004.html;https://search.corpuskiparla.it/corpus/conversations/BOA3004_jefferson.html;;;;;no;simmetrico;;;4;conversazione libera;divertita un sacco sabato // ma che hai fatto tu questo weekend oh? // allora praticamente io ero andata a studiare //;allora;io dovevo andare ad una cena con ad una cena organizzata dagli amici dei coinqui // e praticamente solo che dato che;;;;;1;;;;;;;;;;;;;;1;;;;;;;;;;;;;
BOA3004;#1762517;doc#245;2017/18;https://search.corpuskiparla.it/corpus/player/player.cgi?code=BOA3004&begin=1226915&end=1228867;1226915;1228867;BOA3004;;0,052534722;libero;https://search.corpuskiparla.it/corpus/conversations/BOA3004.html;https://search.corpuskiparla.it/corpus/conversations/BOA3004_jefferson.html;;;;;no;simmetrico;;;4;conversazione libera;penso che costino tre euro // aspetta ti parlo del bar della coop // non alla coop coop // ah okay // ma vedi che;allora;in questo periodo no // perchè la verdura e la frutta ti costa tantissimo ti credo è marzo // ma quando è stagione tipo;;;;;1;1;;;;;;;;;;1;;1;;;;;;;;;;;;;;
BOA3004;#1768757;doc#245;2017/18;https://search.corpuskiparla.it/corpus/player/player.cgi?code=BOA3004&begin=3227404&end=3231414;3227404;3231414;BOA3004;;0,052534722;libero;https://search.corpuskiparla.it/corpus/conversations/BOA3004.html;https://search.corpuskiparla.it/corpus/conversations/BOA3004_jefferson.html;;;;;no;simmetrico;;;4;conversazione libera;// vabbè guagliò ma silvia è una culona pigra già lo sappiamo // però mi sta simpatica // però scusa la torta salata? // no;allora;a me pure devo dire di recente m'' è stata più simpatica // anzi l'' altro ieri mattina sono pure stata abbastanza contenta;;;;;1;1;1;;;;;;;;;;;1;;;;;;;;;;;;;;dice:  allora tipo in questo periodo no
BOA3004;#1769700;doc#245;2017/18;https://search.corpuskiparla.it/corpus/player/player.cgi?code=BOA3004&begin=3473758&end=3478466;3473758;3478466;BOA3004;;0,052534722;libero;https://search.corpuskiparla.it/corpus/conversations/BOA3004.html;https://search.corpuskiparla.it/corpus/conversations/BOA3004_jefferson.html;;;;;no;simmetrico;;;4;conversazione libera;manco tre mesi l'' anno // poi cazzo pigliano i giardinieri rega // no e poi com~ però tipo fa conto già ieri // è vero;allora;xx io lo so che mi dovrei stare zitta quando ci sono i servizi delle ieie // perché? // mi dovrei proprio stare zitta // no;;;;;1;;;;;;;;;;;1;;;1;;;;;;;;;;;;;
BOD1010;#1787033;doc#247;2017/18;https://search.corpuskiparla.it/corpus/player/player.cgi?code=BOD1010&begin=14223&end=15751;14223;15751;BOD1010;;0,075856481;fisso;https://search.corpuskiparla.it/corpus/conversations/BOD1010.html;https://search.corpuskiparla.it/corpus/conversations/BOD1010_jefferson.html;;;;;no;asimmetrico;;;1;lezione;arrivata // // va bene abbiamo detto un po'' di cazzate prima che si accendesse il registratore // allora // allora allora;allora;// vi ricordo che abbiamo venerdì prissimo facciamo lezione eh regolarmente // la facciamo? // // sì sì la facciamo //;;;;;1;1;;;;;;;;;;;;1;;;;1;;;;;;;;;;
BOD1010;#1787312;doc#247;2017/18;https://search.corpuskiparla.it/corpus/player/player.cgi?code=BOD1010&begin=174675&end=175485;174675;175485;BOD1010;;0,075856481;fisso;https://search.corpuskiparla.it/corpus/conversations/BOD1010.html;https://search.corpuskiparla.it/corpus/conversations/BOD1010_jefferson.html;;;;;no;asimmetrico;;;1;lezione;incominciamo // ma noi incominciamo alla faccia loro questo si può dire? sì // anche di meglio xxx // la franchezza! //;allora;// noi ci siamo lasciati la volta scorsa // allora // la volta scorsa // se vi ricorderete ci siamo fermati // a eh //;;;;;1;;;;;;;;;1;;1;;1;;;;;;;;;;;;;;
BOD1010;#1788745;doc#247;2017/18;https://search.corpuskiparla.it/corpus/player/player.cgi?code=BOD1010&begin=834170&end=835426;834170;835426;BOD1010;;0,075856481;fisso;https://search.corpuskiparla.it/corpus/conversations/BOD1010.html;https://search.corpuskiparla.it/corpus/conversations/BOD1010_jefferson.html;;;;;no;asimmetrico;;;1;lezione;devo ridare perchè xxx xxx anche a lui // sì // eh no è il co~ io ero il correlatore il relatore è rossi // devo cambiare //;allora;è lui che te la deve firmare // non io // no devo eh // ah devi invertire ho capito ho capito ho capito ho capito va bene // d'';1;;1;;;;;;;;;;;;;;;;;;;;;;;;;;;;;
BOD1010;#1793232;doc#247;2017/18;https://search.corpuskiparla.it/corpus/player/player.cgi?code=BOD1010&begin=3165620&end=3167660;3165620;3167660;BOD1010;;0,075856481;fisso;https://search.corpuskiparla.it/corpus/conversations/BOD1010.html;https://search.corpuskiparla.it/corpus/conversations/BOD1010_jefferson.html;;;;;no;asimmetrico;;;1;lezione;struttura qui perchè voglio farvelo vedere alla lavagna invece di guardare le sigle // le sigle sono meno importanti //;allora;il tema è fatto // da un'' idea che chiamo a // di sedici battute // e un'' idea che chiamo a primo che è di ventidue // okay? // ce;;;;;1;;;;;;;;;;;1;;;;;;;;;;;;;;;;
KPC005;#1800562;doc#248;2021;https://search.corpuskiparla.it/corpus/player/player.cgi?code=KPC005&begin=345633&end=346334;345633;346334;KPC005;;0,022407407;libero;https://search.corpuskiparla.it/corpus/conversations/KPC005.html;https://search.corpuskiparla.it/corpus/conversations/KPC005_jefferson.html;;;;;no;simmetrico;;;3;pasto;xxx per carità // sta lontana dai musulami perché quelli ammazza la gente con loro non te ce immischia'' eh // mamma mia //;allora;// ma chi è sto troglodita // aspetta allora alla fine glie fa // guarda sta a senti'' // ha detto l''importante ha detto è non;;;;;1;;;;;;;;;;;1;;;;;;;;;;;;;;;;
KPC005;#1801786;doc#248;2021;https://search.corpuskiparla.it/corpus/player/player.cgi?code=KPC005&begin=757367&end=759218;757367;759218;KPC005;;0,022407407;libero;https://search.corpuskiparla.it/corpus/conversations/KPC005.html;https://search.corpuskiparla.it/corpus/conversations/KPC005_jefferson.html;;;;;no;simmetrico;;;3;pasto;// bellino // probabile due e cinquanta per due e venti // il vino // xxxx // no no // no no dai dai // lui ce l''ha // no;allora;perché me l''hai chiesto se // no perché lì ce n''era una a ventinove e novanta due e cinquanta per due e quaranta // e quindi;;;;;1;;;;;;;;;;;;;;;;;;;;;;;;;;;
KPC005;#1803997;doc#248;2021;https://search.corpuskiparla.it/corpus/player/player.cgi?code=KPC005&begin=1457334&end=1458558;1457334;1458558;KPC005;;0,022407407;libero;https://search.corpuskiparla.it/corpus/conversations/KPC005.html;https://search.corpuskiparla.it/corpus/conversations/KPC005_jefferson.html;;;;;no;simmetrico;;;3;pasto;eh mh che mi faccio vedere perché non mh posso avere sempre st''abbassamenti // // co~ c''ho sempre sta voce così // eh;allora;fatti vedere // non c''ho // è la vecchiaia // la tua // // mah io non è che ho xxxxxxx // un milione di persone xxxxxx del covid;1;;;;;;;;;;;;;;;;;;;;;;;;;;;;;;;
TOA1004;#1806695;doc#249;2019;https://search.corpuskiparla.it/corpus/player/player.cgi?code=TOA1004&begin=370420&end=371120;370420;371120;TOA1004;;0,02587963;libero;https://search.corpuskiparla.it/corpus/conversations/TOA1004.html;https://search.corpuskiparla.it/corpus/conversations/TOA1004_jefferson.html;;;;;no;asimmetrico;;;3;ricevimento studenti;fino al tredici dicembre // questo qua invece aveva scadenza il quindici ottobre duemilediciotto // ah // eh eh eh sì //;allora;sì // certo // perché anche lì non non si // non era ben chiaro se fosse // appunto per un rimborso spese dell'' anno;1;;1;;;;;;;;;;;;;;;;;;;;;;;;;;;;;
TOA1004;#1808107;doc#249;2019;https://search.corpuskiparla.it/corpus/player/player.cgi?code=TOA1004&begin=829413&end=832365;829413;832365;TOA1004;;0,02587963;libero;https://search.corpuskiparla.it/corpus/conversations/TOA1004.html;https://search.corpuskiparla.it/corpus/conversations/TOA1004_jefferson.html;;;;;no;asimmetrico;;;3;ricevimento studenti;interessante // emh // un po'' // problematico però interessante // eh quali sono quali sarebbero le tempistiche? //;allora;io xxx organizzandomi un attimo // mh p~ penso nella sessione di ottobre novembre del prossimo anno mh;;;;;1;;1;;;;;;;;;1;;;;;;;;;;;;;;;1;come 4
KPN015;#1815057;doc#250;2020;https://search.corpuskiparla.it/corpus/player/player.cgi?code=KPN015&begin=1340213&end=1344880;1340213;1344880;KPN015;;0,026412037;libero;https://search.corpuskiparla.it/corpus/conversations/KPN015.html;https://search.corpuskiparla.it/corpus/conversations/KPN015_jefferson.html;;;;;no;simmetrico;;;3;pasto;e ti preparanno perchè quando uno è sommelier al terzo grado // e può anche decidere di farlo per professione e;allora;un sommelier a quel punto lì // sì // sì dev''essere in grado anche di // sì è chiaro è chiaro che da solo non ti conosce;1;;1;;;;;;;;;;;;;;;;;;;;;;;;;;;;;
KPN015;#1816295;doc#250;2020;https://search.corpuskiparla.it/corpus/player/player.cgi?code=KPN015&begin=1774171&end=1779880;1774171;1779880;KPN015;;0,026412037;libero;https://search.corpuskiparla.it/corpus/conversations/KPN015.html;https://search.corpuskiparla.it/corpus/conversations/KPN015_jefferson.html;;;;;no;simmetrico;;;3;pasto;dal naso // mh // che che fanno parte di un misto di sensazioni che può che che non sono nè solo olfatto nè solo gusto // mh //;allora;se tu t~ hai un''infarinatura di quello che è della composizione di un vino // hai idea ti faccio sentire l''acido;;;;;1;;;;;;;;;;;1;;;;;;;;;;;;;;;;
KPN015;#1816834;doc#250;2020;https://search.corpuskiparla.it/corpus/player/player.cgi?code=KPN015&begin=1964190&end=1971390;1964190;1971390;KPN015;;0,026412037;libero;https://search.corpuskiparla.it/corpus/conversations/KPN015.html;https://search.corpuskiparla.it/corpus/conversations/KPN015_jefferson.html;;;;;no;simmetrico;;;3;pasto;sommelier // cioè queste cose qua le impari guardando il vino dici ma da dov~ dove lo fanno? // allora ti incuriosisci //;allora;dopo dopo un po'' che uno si si abitua a capire che cosa beve e dopo si fa anche un''idea // mh // però che è la cosa più;;;;;1;;;;;;;;;;;1;;;;;;;;;;;;;;;;
PTD005;#1837607;doc#255;2019;https://search.corpuskiparla.it/corpus/player/player.cgi?code=PTD005&begin=206809&end=210987;206809;210987;PTD005;;0,01556713;fisso;https://search.corpuskiparla.it/corpus/conversations/PTD005.html;https://search.corpuskiparla.it/corpus/conversations/PTD005_jefferson.html;;;;;sì;asimmetrico;;;2;intervista semistrutturata;// non era la tua classe // non era la mia classe // una maestra infatti mi guarda e mi dice no ma qua non è il tuo posto;allora;mi // mi fa andare via // ma erano tutte comunque // diciamo bambine che io conoscevo anche a venaria // cioè che sapevi che;1;;1;;;;;;;;;;;;;;;;;;;;;;;;;;;;;
PTD005;#1838093;doc#255;2019;https://search.corpuskiparla.it/corpus/player/player.cgi?code=PTD005&begin=344397&end=348172;344397;348172;PTD005;;0,01556713;fisso;https://search.corpuskiparla.it/corpus/conversations/PTD005.html;https://search.corpuskiparla.it/corpus/conversations/PTD005_jefferson.html;;;;;sì;asimmetrico;;;2;intervista semistrutturata;quella scuola? // e mi rico~ // no no io io vol avrei voluto fare magistrale // ah e come mai hai fatto // eh perchè // mh;allora;io volevo fare magistrale ero andata a lanzo per fare l''iscrizione // che c''erano le suore allora // ma la suora ha detto;;;;;1;;;;;;;;;;;1;;1;1;;;;;;;;;;;;;
PTD005;#1839324;doc#255;2019;https://search.corpuskiparla.it/corpus/player/player.cgi?code=PTD005&begin=706309&end=708019;706309;708019;PTD005;;0,01556713;fisso;https://search.corpuskiparla.it/corpus/conversations/PTD005.html;https://search.corpuskiparla.it/corpus/conversations/PTD005_jefferson.html;;;;;sì;asimmetrico;;;2;intervista semistrutturata;lei era // e poi che ti volevo chiedere? // comesi come si svolge la tua giornata cioè // tu ti alzi la mattina più o meno? //;allora;io mi alzo la mattina // dipende // ci sono dei periodi che mi alzo alle otto otto e un quarto dei periodi che mi alzo alle sei;;;;;1;;1;;;;;;;;;;;;;;;;;;;;;;;;;
PBA012;#1862872;doc#260;2023;https://search.corpuskiparla.it/corpus/player/player.cgi?code=PBA012&begin=1190&end=1900;1190;1900;PBA012;;0,028136574;fisso;https://search.corpuskiparla.it/corpus/conversations/PBA012.html;https://search.corpuskiparla.it/corpus/conversations/PBA012_jefferson.html;;;;;sì;asimmetrico;;;3;intervista semistrutturata;ancora buona #ftellaja // #fīha #bellāti #fīha lavena // la polvere d''avena // #ṭḥantha lavena #ṭḥantha #fīh eh //;allora;// mhmh // ehm // ti inizio a chiedere ehm // dove vivi in che zona // quanto sei distante // allo sala bolognese // e sono;;;;;1;;1;;;;;;;;;;;1;;;;1;;;;;;;;;;
PBA012;#1863746;doc#260;2023;https://search.corpuskiparla.it/corpus/player/player.cgi?code=PBA012&begin=270400&end=275250;270400;275250;PBA012;;0,028136574;fisso;https://search.corpuskiparla.it/corpus/conversations/PBA012.html;https://search.corpuskiparla.it/corpus/conversations/PBA012_jefferson.html;;;;;sì;asimmetrico;;;3;intervista semistrutturata;cosa ti sarebbe piaciuto fare sono due domande diverse // le ho unite per sbaglio però cosa ti piacerebbe fare //;allora;se avessi frequentato l''università cioè o comunque se la frequenterò un giorno // penso che allora inizialmente non mi;;;;;1;;1;;;;;;;;;1;;;;;;;;;;;;;;;;
PBA012;#1864247;doc#260;2023;https://search.corpuskiparla.it/corpus/player/player.cgi?code=PBA012&begin=446640&end=449450;446640;449450;PBA012;;0,028136574;fisso;https://search.corpuskiparla.it/corpus/conversations/PBA012.html;https://search.corpuskiparla.it/corpus/conversations/PBA012_jefferson.html;;;;;sì;asimmetrico;;;3;intervista semistrutturata;mhmh // ti piace come città eh // la vedi cambiata insomma // visto che ovviamente l''hai vissuta più di me // mh più di noi //;allora;sicuramente ahm // ha molto da offrire // ammetto che // una cosa che però mi disturba di bologna è il fatto che sia molto;;;;;1;;1;;;;;;;;;;;1;;;;;;;;;;;;;;
PBA012;#1866109;doc#260;2023;https://search.corpuskiparla.it/corpus/player/player.cgi?code=PBA012&begin=1043520&end=1044400;1043520;1044400;PBA012;;0,028136574;fisso;https://search.corpuskiparla.it/corpus/conversations/PBA012.html;https://search.corpuskiparla.it/corpus/conversations/PBA012_jefferson.html;;;;;sì;asimmetrico;;;3;intervista semistrutturata;// mh // non mi piace // a me invece non piace il coreano // a me il coreano sì // no vi giuro quando ho visto le serie // mhmh // e;allora;// no le canzoni // qualcuna // mi può piacere // mi ricordo un periodo in cui // una mia amica a cui piaceva il kpop mi aveva;;;;;1;;;;;;;;;;;1;;;;;;;;;;;;;;;;
PBA012;#1866678;doc#260;2023;https://search.corpuskiparla.it/corpus/player/player.cgi?code=PBA012&begin=1211710&end=1212200;1211710;1212200;PBA012;;0,028136574;fisso;https://search.corpuskiparla.it/corpus/conversations/PBA012.html;https://search.corpuskiparla.it/corpus/conversations/PBA012_jefferson.html;;;;;sì;asimmetrico;;;3;intervista semistrutturata;so // sempre parlando di musica se sei andata ultimamente a dei concerti o hai dei concerti in piano // si dice in piano //;allora;// eh l''ultimo concerto a cui sono andata è stato di kettan // penso tipo ad ottobre // a milano // ah beh poco tempo fa // ho;;;;;1;;1;;;;;;;;;1;;;;;;;;;;;;;;;;
PBA012;#1870059;doc#260;2023;https://search.corpuskiparla.it/corpus/player/player.cgi?code=PBA012&begin=2163160&end=2164200;2163160;2164200;PBA012;;0,028136574;fisso;https://search.corpuskiparla.it/corpus/conversations/PBA012.html;https://search.corpuskiparla.it/corpus/conversations/PBA012_jefferson.html;;;;;sì;asimmetrico;;;3;intervista semistrutturata;ah i~ lo vedo un po'' come // una cosa troppo piatta tra virgolette però non so in realtà come sia // fammi la recensione //;allora;ti dico // io // eh non sapevo bene che cosa fare perchè eh in realtà volevo iniziare pole dancing // bello // però volevo;;;;;1;;;;;;;;;;;;;1;;;;;;;;;;;;;;
PBA012;#1870701;doc#260;2023;https://search.corpuskiparla.it/corpus/player/player.cgi?code=PBA012&begin=2350720&end=2352370;2350720;2352370;PBA012;;0,028136574;fisso;https://search.corpuskiparla.it/corpus/conversations/PBA012.html;https://search.corpuskiparla.it/corpus/conversations/PBA012_jefferson.html;;;;;sì;asimmetrico;;;3;intervista semistrutturata;// ma letteralmente cioè io non sentivo dolori o altre cose perchè era tutto tipo di elasticità e io // xxx // e non ti serve;allora;non ti cambia // esatto // mentre pilates è più tipo a livello // dei muscoli profondi // perchè allora letteralmente i;1;1;1;;;;;;;;;;;;;;;;;;;;;;;;;;;;;
PBA012;#1870876;doc#260;2023;https://search.corpuskiparla.it/corpus/player/player.cgi?code=PBA012&begin=2405350&end=2407510;2405350;2407510;PBA012;;0,028136574;fisso;https://search.corpuskiparla.it/corpus/conversations/PBA012.html;https://search.corpuskiparla.it/corpus/conversations/PBA012_jefferson.html;;;;;sì;asimmetrico;;;3;intervista semistrutturata;che è anche quella che ti fa venire tipo gli addominali tutto il resto // ah // è quella lì la muscolatura profonda // ehm //;allora;eh appunto sto facendo questo // che ti piace cioè basta che ti piaccia in realtà e // diciamo che // più che piacere //;;;;;1;;;;;;;;;;;1;;1;;;;;;;;;;;;;;
TOA3009;#1874069;doc#261;2017/18;https://search.corpuskiparla.it/corpus/player/player.cgi?code=TOA3009&begin=1173988&end=1178524;1173988;1178524;TOA3009;;0,015613426;libero;https://search.corpuskiparla.it/corpus/conversations/TOA3009.html;https://search.corpuskiparla.it/corpus/conversations/TOA3009_jefferson.html;;;;;no;simmetrico;;;3;conversazione libera;// // // io non ho detto niente stai ridendo tu // no no // allora pa~ cambiamo discorso cazzo scusa parliamo delle tue cose;allora;xx xx // che stai facendo? // perché? // xxxxx // ma perché scusa qual è il tuo problema? // // a parte la batteria // bambina;;;;;;;;;;;;;;;;;;;;;;;;;;;;;;;;non sento appunto quindi non lo considero cumulo
PTB002;#1877497;doc#262;2019;https://search.corpuskiparla.it/corpus/player/player.cgi?code=PTB002&begin=1105012&end=1106811;1105012;1106811;PTB002;;0,06087963;fisso;https://search.corpuskiparla.it/corpus/conversations/PTB002.html;https://search.corpuskiparla.it/corpus/conversations/PTB002_jefferson.html;;;;;sì;asimmetrico;;;3;intervista semistrutturata;// prima si faceva il suo programma // eh il corso // e poi e poi dava gli esami // ah // eh // eh // come all''università // e;allora;io gli avevo detto ma // come mai ti trovi per fare questo lavoro qua? // e fa perché mio papà noi eh // noi dunque torniamo un;;;;;1;;;;;;;;;;;1;;;;;;;;;;;;;;;;audio poco chiaro, credo non ci sia l'ccorrenza
PTB002;#1881687;doc#262;2019;https://search.corpuskiparla.it/corpus/player/player.cgi?code=PTB002&begin=2594403&end=2595504;2594403;2595504;PTB002;;0,06087963;fisso;https://search.corpuskiparla.it/corpus/conversations/PTB002.html;https://search.corpuskiparla.it/corpus/conversations/PTB002_jefferson.html;;;;;sì;asimmetrico;;;3;intervista semistrutturata;ti mandava a lavorare // certo // presso una ditta o presso una fabbrica o // o presso da chi avesse avuto bisogno //;allora;da eh // e l~ // e ti davano beh po~ di duecento lire all''ora // cento li prendeva lui e cento me li dava a me // io son capitato;;;;;1;;;;;;;;;;;1;;;;;;;;;;;;;;;;
PTB002;#1881903;doc#262;2019;https://search.corpuskiparla.it/corpus/player/player.cgi?code=PTB002&begin=2667755&end=2672696;2667755;2672696;PTB002;;0,06087963;fisso;https://search.corpuskiparla.it/corpus/conversations/PTB002.html;https://search.corpuskiparla.it/corpus/conversations/PTB002_jefferson.html;;;;;sì;asimmetrico;;;3;intervista semistrutturata;magari faccio la domanda non mi prendono ma adesso m''hanno dato un po'' di lavoro là e lavoro là meglio che lavoro là // e;allora;lui ha detto beh se non vuoi venire tu mando a chiamare mio cognato // il fratello della moglie e l''hanno // è solo che // non;;;;;1;;;;;;;;;;;1;;;;;;;;;;;;;;;;
PTB002;#1882494;doc#262;2019;https://search.corpuskiparla.it/corpus/player/player.cgi?code=PTB002&begin=2879116&end=2880717;2879116;2880717;PTB002;;0,06087963;fisso;https://search.corpuskiparla.it/corpus/conversations/PTB002.html;https://search.corpuskiparla.it/corpus/conversations/PTB002_jefferson.html;;;;;sì;asimmetrico;;;3;intervista semistrutturata;// pochi // ti davano quindici giorni di ferie però se avessi lavorato da quattro o cinque anni prima // ah //;allora;ti davano questa // ma se tu eri u~ al primo anno che lavoravi ti davano magari quei tre o quattro giorni // sì non di più // e;1;1;;;;;;;;;;;;;;;;;;;;;;;;;;;;;;
PTB002;#1882884;doc#262;2019;https://search.corpuskiparla.it/corpus/player/player.cgi?code=PTB002&begin=3007280&end=3008849;3007280;3008849;PTB002;;0,06087963;fisso;https://search.corpuskiparla.it/corpus/conversations/PTB002.html;https://search.corpuskiparla.it/corpus/conversations/PTB002_jefferson.html;;;;;sì;asimmetrico;;;3;intervista semistrutturata;impari a fare qualche cosa no? // #dopo tanti anni se se sei un cutu non capisci niente ma se ca~ // #se sei un cutu // eh // e;allora;alla fine // xxx // c''era c''era da lavorare // c''era il lavoro ce n''era perché poi si // c''è lì c''è stata l''italia;;;;;1;;;;;;;;;;;1;;;;;;;;;;;;;;;;
PTB002;#1883473;doc#262;2019;https://search.corpuskiparla.it/corpus/player/player.cgi?code=PTB002&begin=3216171&end=3219688;3216171;3219688;PTB002;;0,06087963;fisso;https://search.corpuskiparla.it/corpus/conversations/PTB002.html;https://search.corpuskiparla.it/corpus/conversations/PTB002_jefferson.html;;;;;sì;asimmetrico;;;3;intervista semistrutturata;a // la mattina andava usciva da là andava là // e quindi cioè // e quindi // due lavori comunque li faceva // e li facevo e;allora;niente comunque // ma oh m''hanno detto se vuoi licenziarti di lì // noi t''assumiamo // vabbè ho detto allora però rimane;;;;;1;1;;;;;;;;;;1;;;;;;1;;;;;;;;;;
PTB002;#1883570;doc#262;2019;https://search.corpuskiparla.it/corpus/player/player.cgi?code=PTB002&begin=3251327&end=3253360;3251327;3253360;PTB002;;0,06087963;fisso;https://search.corpuskiparla.it/corpus/conversations/PTB002.html;https://search.corpuskiparla.it/corpus/conversations/PTB002_jefferson.html;;;;;sì;asimmetrico;;;3;intervista semistrutturata;a dare otto giorni // e lui mi fa ma perché vai via? // e perché vado via? // guarda un po'' che contratto che ho fatto // ecco //;allora;lui mi fa eh hai ragione // ti conviene andare // ah // perché io ho chiesto per te // ma la direzione ha scri~ ha detto nisba;;;;;1;;;;;;;;;;;1;;;;;;;;;;;;;;;;
PTB002;#1883625;doc#262;2019;https://search.corpuskiparla.it/corpus/player/player.cgi?code=PTB002&begin=3268803&end=3273230;3268803;3273230;PTB002;;0,06087963;fisso;https://search.corpuskiparla.it/corpus/conversations/PTB002.html;https://search.corpuskiparla.it/corpus/conversations/PTB002_jefferson.html;;;;;sì;asimmetrico;;;3;intervista semistrutturata;ha scri~ ha detto nisba // mh // non me ne dà non me dà per dartene a te // ah quindi lui in realtà voleva aiutarti // eh // e;allora;lui m''ha detto se là ti danno di più eh vai // vai // basta che ti trovi bene m''aveva detto anche questo basta che sì ma ho;;;;;1;;;;;;;;;;;1;;;;;;;;;;;;;;;;
PTB002;#1884418;doc#262;2019;https://search.corpuskiparla.it/corpus/player/player.cgi?code=PTB002&begin=3550118&end=3551856;3550118;3551856;PTB002;;0,06087963;fisso;https://search.corpuskiparla.it/corpus/conversations/PTB002.html;https://search.corpuskiparla.it/corpus/conversations/PTB002_jefferson.html;;;;;sì;asimmetrico;;;3;intervista semistrutturata;allora passa uno con la bicicletta mi fa guarda che c''è uno che ripara le gomme non è tanto lontano di qua è ancora aperto //;allora;io mi prendo sta // ste due ruo~ ruote uno da una parte e l''altra l''ho lasciata col cric sotto // mh // ho detto a lei non vi;;;;;1;;;;;;;;;;;1;;;;;;;;;;;;;;;;
PTB002;#1887718;doc#262;2019;https://search.corpuskiparla.it/corpus/player/player.cgi?code=PTB002&begin=4729748&end=4733553;4729748;4733553;PTB002;;0,06087963;fisso;https://search.corpuskiparla.it/corpus/conversations/PTB002.html;https://search.corpuskiparla.it/corpus/conversations/PTB002_jefferson.html;;;;;sì;asimmetrico;;;3;intervista semistrutturata;// la soffitta sopra insomma era bella la casa che avevo scelto io e lei mi fa chi la pulisce tutta sta casa // povera // e;allora;sono andato di nuovo lì al // a mirafiori eh in via chiabrera // son andato lì e ho detto guarda eh mia moglie prendiamo una;1;1;;;;;;;;;;;;;;;;;;;;;;;;;;;;;;
PTB002;#1887983;doc#262;2019;https://search.corpuskiparla.it/corpus/player/player.cgi?code=PTB002&begin=4820088&end=4823068;4820088;4823068;PTB002;;0,06087963;fisso;https://search.corpuskiparla.it/corpus/conversations/PTB002.html;https://search.corpuskiparla.it/corpus/conversations/PTB002_jefferson.html;;;;;sì;asimmetrico;;;3;intervista semistrutturata;// aspe~ // partire stiamo aspettando // ha detto dove lavora suo marito e io ho detto lavora in via cigna // ha detto;allora;me la vedo io allora hanno telefonato lì // e quello c''ha fatto a fa risponde un''altra telefonata dice che non era //;;;;;1;;;;;;;;;;;1;;;;1;;;;;;;;;;;;e poi, e dopo
PTB002;#1887988;doc#262;2019;https://search.corpuskiparla.it/corpus/player/player.cgi?code=PTB002&begin=4820088&end=4823068;4820088;4823068;PTB002;;0,06087963;fisso;https://search.corpuskiparla.it/corpus/conversations/PTB002.html;https://search.corpuskiparla.it/corpus/conversations/PTB002_jefferson.html;;;;;sì;asimmetrico;;;3;intervista semistrutturata;stiamo aspettando // ha detto dove lavora suo marito e io ho detto lavora in via cigna // ha detto allora me la vedo io;allora;hanno telefonato lì // e quello c''ha fatto a fa risponde un''altra telefonata dice che non era // quello là di là ma che;;;;;1;;;;;;;;;;;1;;;;;;;;;;;;;;;;
PTB002;#1888335;doc#262;2019;https://search.corpuskiparla.it/corpus/player/player.cgi?code=PTB002&begin=4917963&end=4920051;4917963;4920051;PTB002;;0,06087963;fisso;https://search.corpuskiparla.it/corpus/conversations/PTB002.html;https://search.corpuskiparla.it/corpus/conversations/PTB002_jefferson.html;;;;;sì;asimmetrico;;;3;intervista semistrutturata;voglia quante volte // m''han telefonato d''andare ho detto non vengo non vengo più non // sto bene qua non ci vengo più // e;allora;non ci sono più andato eh // la casa // ma menomale che non avevamo affittato la casa perché c''era quello di del;1;1;;;1;;;;;;;;;;;;;;;;;;;;;;;;;;;
TOD2001;#1908143;doc#265;2017/18;https://search.corpuskiparla.it/corpus/player/player.cgi?code=TOD2001&begin=717956&end=728828;717956;728828;TOD2001;;0,015324074;fisso;https://search.corpuskiparla.it/corpus/conversations/TOD2001.html;https://search.corpuskiparla.it/corpus/conversations/TOD2001_jefferson.html;;;;;sì;simmetrico;;;2;intervista semistrutturata;padre che faceva tutti i discorsi da ingegnere sui metri quadri che non sono utilizzabili ma li paghi lo stesso // // no;allora;mh se avessi più soldi più metri quadri eccetera probabilmente sì prenderei una casa non dico in campagna però un;;;;;1;1;;;;;;;;;;1;;;;;;;;;;;;;;;;
TOD2001;#1908903;doc#265;2017/18;https://search.corpuskiparla.it/corpus/player/player.cgi?code=TOD2001&begin=956650&end=961146;956650;961146;TOD2001;;0,015324074;fisso;https://search.corpuskiparla.it/corpus/conversations/TOD2001.html;https://search.corpuskiparla.it/corpus/conversations/TOD2001_jefferson.html;;;;;sì;simmetrico;;;2;intervista semistrutturata;vabbè io sono l'' ultima persona che si orienta a torino quindi // ti prendi in giro perché è a mezz'' ora da san paolo // no ma;allora;in generale secondo me a torino si ci sono diverse zone carine mh // che vanno da // tutta la parte che c'' è dietro al;;;;;1;1;;;;;;;;;;;;1;;;;;;;;;;;;;;
PBC016;#1919728;doc#267;2022;https://search.corpuskiparla.it/corpus/player/player.cgi?code=PBC016&begin=1482140&end=1484184;1482140;1484184;PBC016;;0,033923611;fisso;https://search.corpuskiparla.it/corpus/conversations/PBC016.html;https://search.corpuskiparla.it/corpus/conversations/PBC016_jefferson.html;;;;;sì;asimmetrico;;;2;intervista semistrutturata;in via irnerio // praticamente si ferma in una di queste isole che è in mezzo alla alla strada // ora tu non hai //;allora;se la fai tutti i giorni // magari fai un calcolo e capi~ e ti orienti più o meno su dov''è la fermata // altrimenti la fermata;;;;;1;;;;;;;;;;;1;;;1;;;;;;;;;;;;;
PBC016;#1920923;doc#267;2022;https://search.corpuskiparla.it/corpus/player/player.cgi?code=PBC016&begin=1901420&end=1905572;1901420;1905572;PBC016;;0,033923611;fisso;https://search.corpuskiparla.it/corpus/conversations/PBC016.html;https://search.corpuskiparla.it/corpus/conversations/PBC016_jefferson.html;;;;;sì;asimmetrico;;;2;intervista semistrutturata;a a vivere anche la // l''esperienza diciamo anche senza poterla vedere // bene diciamo? // cioè c''è qualche // beh;allora;lì qui entriamo in un ambito un po'' complicato // perché la chiesa // tu la puoi visitare // però poi dopo dipende // dal //;;;;;1;;1;;;;;;;;;1;;1;;;;;;;;;;;;;;
PBC016;#1922114;doc#267;2022;https://search.corpuskiparla.it/corpus/player/player.cgi?code=PBC016&begin=2370060&end=2372740;2370060;2372740;PBC016;;0,033923611;fisso;https://search.corpuskiparla.it/corpus/conversations/PBC016.html;https://search.corpuskiparla.it/corpus/conversations/PBC016_jefferson.html;;;;;sì;asimmetrico;;;2;intervista semistrutturata;// quindi la manu~ la manutenzione secodo me è un po'' scaduta // scusami devo rispondere // ah xxx // // xxxxxxxxx // okay;allora;io faccio ripartire okay // quindi si diceva // mhmh? // la manutenzione giusto? // sì sicuramente è peggiorata // da;;;;;1;1;1;;;;;;;;;;;;;;;;;;;;;;;;;
PBA005;#1923252;doc#268;2022;https://search.corpuskiparla.it/corpus/player/player.cgi?code=PBA005&begin=2515&end=5742;2515;5742;PBA005;;0,02369213;fisso;https://search.corpuskiparla.it/corpus/conversations/PBA005.html;https://search.corpuskiparla.it/corpus/conversations/PBA005_jefferson.html;;;;;sì;asimmetrico;;;2;intervista semistrutturata;faccio firmare // sì // se se è disposto a lasciarci la registrazione diciamo ehm // sì beh certo // bene // cominciamo //;allora;dimmi un po'' dove dove vivi // allora io abito a malalbergo // da // mh da sempre quindi da ventidue anni // okay quindi stai;;;;;1;;;;;;;;;;;1;;;;;;;;;;;;;;;;
PBA005;#1923317;doc#268;2022;https://search.corpuskiparla.it/corpus/player/player.cgi?code=PBA005&begin=31023&end=34930;31023;34930;PBA005;;0,02369213;fisso;https://search.corpuskiparla.it/corpus/conversations/PBA005.html;https://search.corpuskiparla.it/corpus/conversations/PBA005_jefferson.html;;;;;sì;asimmetrico;;;2;intervista semistrutturata;fai? // faccio il giardiniere da quasi tre anni // bene // e lavori in provincia o anche insomma in città a bologna? //;allora;principalmente e bologna e provincia // quindi mh oltre che bologna // possiamo dire tipo minerbio san pietro san;;;;;1;;1;;;;;;;;;;;1;;;;;;;;;;;;;;
PBA005;#1925562;doc#268;2022;https://search.corpuskiparla.it/corpus/player/player.cgi?code=PBA005&begin=916816&end=918602;916816;918602;PBA005;;0,02369213;fisso;https://search.corpuskiparla.it/corpus/conversations/PBA005.html;https://search.corpuskiparla.it/corpus/conversations/PBA005_jefferson.html;;;;;sì;asimmetrico;;;2;intervista semistrutturata;// mh // ehm // parlando di ehm sempre della città // ci sono cose cose che non ti piacciono? e che vorresti migliorare? //;allora;secondo me // un difetto grande che ha bologna come d''altronde molte altre città italiane // forse perché // la politica;;;;;1;;1;;;;;;;;;;;1;;;;;;;;;;;;;;
PBA005;#1928069;doc#268;2022;https://search.corpuskiparla.it/corpus/player/player.cgi?code=PBA005&begin=1883961&end=1891336;1883961;1891336;PBA005;;0,02369213;fisso;https://search.corpuskiparla.it/corpus/conversations/PBA005.html;https://search.corpuskiparla.it/corpus/conversations/PBA005_jefferson.html;;;;;sì;asimmetrico;;;2;intervista semistrutturata;// e quindi sì era più una parvenza di interesse ma non tutti erano realmente interessati // okay ho capito // infatti da;allora;grossi cambiamenti non ce ne sono stati dal punto di vista dell''impegno nel combattere il cambiamento climatico //;1;1;;;;;;;;;;;;;;;;;;;;;;;;;;;;;;
TOA3008;#1929727;doc#270;2017/18;https://search.corpuskiparla.it/corpus/player/player.cgi?code=TOA3008&begin=437271&end=439070;437271;439070;TOA3008;;0,063726852;libero;https://search.corpuskiparla.it/corpus/conversations/TOA3008.html;https://search.corpuskiparla.it/corpus/conversations/TOA3008_jefferson.html;;;;;no;simmetrico;;;4;conversazione libera;a precisare perché lo so // xx questo è capace // e la moglie di manzo~? // ma veramente seguiva xx xx? // lei è veramente //;allora;questo non va più bene // non ho capito // la peste // peste e corna? // la peste // un modo di dire peste e corna // ah non;;;;;;;;;;;;;;;;;;;;;;;;;;;;;;;;
TOA3008;#1930811;doc#270;2017/18;https://search.corpuskiparla.it/corpus/player/player.cgi?code=TOA3008&begin=1233371&end=1241234;1233371;1241234;TOA3008;;0,063726852;libero;https://search.corpuskiparla.it/corpus/conversations/TOA3008.html;https://search.corpuskiparla.it/corpus/conversations/TOA3008_jefferson.html;;;;;no;simmetrico;;;4;conversazione libera;cardinale stefan wyszynski // eh allora comincio a parlare // e uno di quelli che era tipo quello che stava perché;allora;praticamente c'' è rossi che è tipo l'' autorità no? // è tipo quello là che // sì // eh sa tutto si è laureato con blu con una;;;;;1;1;;;;;;;;;;1;;1;;;;;;;;;;;;;;
TOA3008;#1931121;doc#270;2017/18;https://search.corpuskiparla.it/corpus/player/player.cgi?code=TOA3008&begin=1369821&end=1372263;1369821;1372263;TOA3008;;0,063726852;libero;https://search.corpuskiparla.it/corpus/conversations/TOA3008.html;https://search.corpuskiparla.it/corpus/conversations/TOA3008_jefferson.html;;;;;no;simmetrico;;;4;conversazione libera;del tu // comunque // eh // eh // // // e allora praticamente // cosa? // eh // dai // buffona // // il mio asso nella manica // e;allora;praticamente ehmh // okay // questo qua del eh demh del manifesto // eh legge // una poe~ e e e parla di una poesia di cu~ che;;;;;1;1;;;;;;;;;;1;;1;;;;;;;;;;;;;;
TOA3008;#1934617;doc#270;2017/18;https://search.corpuskiparla.it/corpus/player/player.cgi?code=TOA3008&begin=2608328&end=2609265;2608328;2609265;TOA3008;;0,063726852;libero;https://search.corpuskiparla.it/corpus/conversations/TOA3008.html;https://search.corpuskiparla.it/corpus/conversations/TOA3008_jefferson.html;;;;;no;simmetrico;;;4;conversazione libera;// azzurri mi aveva detto no no non sono stato iperspecialistico // ah che lui ha detto se non si arrendono all'' idea // no;allora;// gli altri dottorandi hanno parlato di metrica // capito? // iperspecialistici // e quindi e quindi lui quando mi ha;;;;;1;;;;;;1;;;;;1;;1;;;;;;;;;;;;;1;potrebbe esserci anche una funzione filler, ma credo sia ricoperta da praticamente
TOA3008;#1935661;doc#270;2017/18;https://search.corpuskiparla.it/corpus/player/player.cgi?code=TOA3008&begin=2936906&end=2938268;2936906;2938268;TOA3008;;0,063726852;libero;https://search.corpuskiparla.it/corpus/conversations/TOA3008.html;https://search.corpuskiparla.it/corpus/conversations/TOA3008_jefferson.html;;;;;no;simmetrico;;;4;conversazione libera;xx influenza // bellissimo // eh // togli tutto questo // e lui parlava di mediatori della poesia tedesca in italia // // e;allora;ha parlato di di~ // šklovskij // // // šklovskij // šklovskij // basta con sti šklovskij // xxx // xxx // xxx // xx~ è giusto;1;;1;;1;;;;;;;;;;;1;;;;;;;;;;;;;;;;
TOA3008;#1936824;doc#270;2017/18;https://search.corpuskiparla.it/corpus/player/player.cgi?code=TOA3008&begin=3294061&end=3294775;3294061;3294775;TOA3008;;0,063726852;libero;https://search.corpuskiparla.it/corpus/conversations/TOA3008.html;https://search.corpuskiparla.it/corpus/conversations/TOA3008_jefferson.html;;;;;no;simmetrico;;;4;conversazione libera;ti fai la barba da solo allora te la faccio io // mh // quindi lui dice // tu // io barbiere // mi faccio la barba da solo // no //;allora;me la faccio // poi dopo me la sono fatta però a quel punto il barbiere non fa più la barba la fa chi la fa xx xx // non è questa la;;;;;1;;;;;;;;;;;1;;;;;;;;;;;;;;;;
TOA3008;#1938308;doc#270;2017/18;https://search.corpuskiparla.it/corpus/player/player.cgi?code=TOA3008&begin=3773110&end=3774143;3773110;3774143;TOA3008;;0,063726852;libero;https://search.corpuskiparla.it/corpus/conversations/TOA3008.html;https://search.corpuskiparla.it/corpus/conversations/TOA3008_jefferson.html;;;;;no;simmetrico;;;4;conversazione libera;ou come in out // bourdieu // perché è o u // ah allora è boh // xxxxxxx // dico è una o // beh scusa ma se o u è u // sì è bourdieu //;allora;bourdieu // xxx // beh se è scritto u // però forse la erre modifica un po'' la u // bourdieu // ma comunque i nomi propri sono;;;;;;;;;;;;;;;;;;;;;;;;;;;;;;;;
TOA3008;#1941261;doc#270;2017/18;https://search.corpuskiparla.it/corpus/player/player.cgi?code=TOA3008&begin=4703556&end=4706153;4703556;4706153;TOA3008;;0,063726852;libero;https://search.corpuskiparla.it/corpus/conversations/TOA3008.html;https://search.corpuskiparla.it/corpus/conversations/TOA3008_jefferson.html;;;;;no;simmetrico;;;4;conversazione libera;tipo // mi sono perso o sono annegato nei tuoi occhi profondi come il mare // cioè quest~ l'' apice proprio della // eh e;allora;livia diceva ma perché si firma? // sul suo facebook? // e maura dice ma secondo me si firma // perché // la firma significa;1;1;1;;;;;;;;;;;;;;;;;;;;;;;;;;;;;non sento allora
KPC003;#1945147;doc#271;2020;https://search.corpuskiparla.it/corpus/player/player.cgi?code=KPC003&begin=777806&end=780908;777806;780908;KPC003;;0,021481481;libero;https://search.corpuskiparla.it/corpus/conversations/KPC003.html;https://search.corpuskiparla.it/corpus/conversations/KPC003_jefferson.html;;;;;no;simmetrico;;;2;pasto;// ti ho detto prima di partire // mangio un''insalata // ci avevo tipo // la massima a novanta la minima a sessantadue;allora;cioè // dovrebbe essere ce~ centoventi e ottanta una roba del ge~ vabbè // in montagna mi ero un po'' ripresa // anche;;;;;;;;;;;;;;;;;;;;;;;;;;;;;;;;
KPC003;#1946733;doc#271;2020;https://search.corpuskiparla.it/corpus/player/player.cgi?code=KPC003&begin=1420243&end=1421268;1420243;1421268;KPC003;;0,021481481;libero;https://search.corpuskiparla.it/corpus/conversations/KPC003.html;https://search.corpuskiparla.it/corpus/conversations/KPC003_jefferson.html;;;;;no;simmetrico;;;2;pasto;era una macchia e ora è qua // prima era piatto // sì e adesso invece si è alzato di più devo andare a farmelo controllare //;allora;sì fattelo x // comunque sto modo di mangiare l''uva penso solo te e la tua mamma in tutto il mondo // l''ho brevettato io //;1;1;;;;;;;;;;;;;;;;;;;;;;;;;;;;;;trascrizione totalmente errata. non vi è occorrenza di allora e per di più dice 'me la sono misurata' non 'mangio l'insalata'
PTB018;#1951617;doc#273;2019;https://search.corpuskiparla.it/corpus/player/player.cgi?code=PTB018&begin=78495&end=79476;78495;79476;PTB018;;0,038032407;fisso;https://search.corpuskiparla.it/corpus/conversations/PTB018.html;https://search.corpuskiparla.it/corpus/conversations/PTB018_jefferson.html;;;;;sì;asimmetrico;;;2;intervista semistrutturata;ma non ne parlo nessuna // ah okay // xx // perfetto // c''è tutto // okay // grazie mille // questa è sua // okay perfetto //;allora;// aspetti che // okay // dunque in quale quartiere vive? // barriera di milano // perfetto // // // e come si trova nel;;;;;1;;;;;;;;;;;;;;;;;1;;;;;;;;;1;potrehhe essere SD e marcare inferenza, ma a me pare funga più da congunzione illativa
KPN022;#1970389;doc#275;2020;https://search.corpuskiparla.it/corpus/player/player.cgi?code=KPN022&begin=650590&end=653440;650590;653440;KPN022;;0,02181713;libero;https://search.corpuskiparla.it/corpus/conversations/KPN022.html;https://search.corpuskiparla.it/corpus/conversations/KPN022_jefferson.html;;;;;no;simmetrico;;;4;pasto;dipende quando entro alle nove no // ma // quando entro alle otto sì // mh // io sapevo dov''è so dov''è il ca del galletto // e;allora;fai quello che vuoi c''eri tu che // vabbè // ma il ristorante sai dov''è // // perchè c''è anche un ristorante ca del galletto;;;;;;;;;;;;;;;;;;;;;;;;;;;;;;;;
PTA007;#1982482;doc#277;2019;https://search.corpuskiparla.it/corpus/player/player.cgi?code=PTA007&begin=771998&end=774455;771998;774455;PTA007;;0,009293981;fisso;https://search.corpuskiparla.it/corpus/conversations/PTA007.html;https://search.corpuskiparla.it/corpus/conversations/PTA007_jefferson.html;;;;;sì;asimmetrico;;;2;intervista semistrutturata;arrivi mai a una fine // okay // preferisco un film che lo inizio e lo chiudo // se no diventa // però alcune son bellissime;allora;sì // okay // quelle super consigliate alla fine xx // okay quindi solo se ne vale la pena // sì esa~ // okay // e se non son;1;1;;;;;;;;;;;;;;;;;;;;;;;;;;;;;;audio incomprensibile
PBA001;#1982605;doc#278;2021;https://search.corpuskiparla.it/corpus/player/player.cgi?code=PBA001&begin=2613&end=3091;2613;3091;PBA001;;0,02212963;fisso;https://search.corpuskiparla.it/corpus/conversations/PBA001.html;https://search.corpuskiparla.it/corpus/conversations/PBA001_jefferson.html;;;;;sì;asimmetrico;;;2;intervista semistrutturata;certo // va bene perfetto a posto così // grazie xxx // grazie mille ciao buona giornata // ciao // okay // perfetto //;allora;// eh // innanzitutto volevo sapere più o peno in che zona vivi // mhmh // di bologna // okay allora io sono // // in;;;;;1;;1;;;;;;;;;1;;;;;;;;;;;;;;;;"mi sembra sostituibile con ""in quel caso"""
PBA001;#1985945;doc#278;2021;https://search.corpuskiparla.it/corpus/player/player.cgi?code=PBA001&begin=981910&end=983531;981910;983531;PBA001;;0,02212963;fisso;https://search.corpuskiparla.it/corpus/conversations/PBA001.html;https://search.corpuskiparla.it/corpus/conversations/PBA001_jefferson.html;;;;;sì;asimmetrico;;;2;intervista semistrutturata;di andare su // infatti sì sì sì // e invece // gli aspetti più negativi che proprio vorresti cambiare della città //;allora;eh // un po'' ne abbiam parlato già // eh la la questione // immobiliare a bologna è molto difficile // mhmh sì // sia per gli;;;;;1;;1;;;;;;;;;;;;;;;;;;;;;;;;;
PBA001;#1988958;doc#278;2021;https://search.corpuskiparla.it/corpus/player/player.cgi?code=PBA001&begin=1907800&end=1910750;1907800;1910750;PBA001;;0,02212963;fisso;https://search.corpuskiparla.it/corpus/conversations/PBA001.html;https://search.corpuskiparla.it/corpus/conversations/PBA001_jefferson.html;;;;;sì;asimmetrico;;;2;intervista semistrutturata;quella // complicità con i colleghi secondo me che // mhmh // no è vero // è importante per fare fare gruppo mh // perfetto;allora;ti ringrazio tantissimo // // posso // abbiam finito // sì // allora iniziamo // eh intanto come stai? // bene // tutto a;;;;;1;;;;;;;;;;;1;;;;;;;;;;;;;;;;
PBA020;#1990114;doc#279;2023;https://search.corpuskiparla.it/corpus/player/player.cgi?code=PBA020&begin=411292&end=412376;411292;412376;PBA020;;0,017974537;fisso;https://search.corpuskiparla.it/corpus/conversations/PBA020.html;https://search.corpuskiparla.it/corpus/conversations/PBA020_jefferson.html;;;;;sì;asimmetrico;;;3;intervista semistrutturata;mettevano // hanno messo le luci del natale no? // però quelle non è che illuminano chissà cosa // // ah beh // così è // mh //;allora;vediamo un po'' // ah okay // passiamo alla parte // mh ieri t''avevo un po'' ehm // accennato insomma che // eh volevamo un po'';;;;;1;;1;;;;;;;;;;;;;;;1;;;;;;;;;;
PBC014;#2004907;doc#281;2022;https://search.corpuskiparla.it/corpus/player/player.cgi?code=PBC014&begin=663280&end=667600;663280;667600;PBC014;;0,031655093;fisso;https://search.corpuskiparla.it/corpus/conversations/PBC014.html;https://search.corpuskiparla.it/corpus/conversations/PBC014_jefferson.html;;;;;sì;asimmetrico;;;2;intervista semistrutturata;le stesse le cose // viene cambiata allora cambiando vuol dire che uno omette lui e a suo piacimento // ah quello // eh? e;allora;si arriva anche al punto in cui si fa fatica anche a crederci // ah non so perché ad esempio cosa cioè cosa le hanno;;;;;1;;;;;;;;;;;1;;;;;;;;;;;;;;;;
PBC014;#2006841;doc#281;2022;https://search.corpuskiparla.it/corpus/player/player.cgi?code=PBC014&begin=1380870&end=1385960;1380870;1385960;PBC014;;0,031655093;fisso;https://search.corpuskiparla.it/corpus/conversations/PBC014.html;https://search.corpuskiparla.it/corpus/conversations/PBC014_jefferson.html;;;;;sì;asimmetrico;;;2;intervista semistrutturata;in bolognese // xxx // no ma io parlo in bolognese perché son abituato a parlare in bolognese con tutti // ah ok quindi //;allora;parlo bolognese con xxx poi quelli che son qua vengono qua // è gente poverine ci sono gente che sono in pensionex non;;;;;1;;;;;;;;;;;1;;;;;;;;;;;;;;;;
PBC014;#2006917;doc#281;2022;https://search.corpuskiparla.it/corpus/player/player.cgi?code=PBC014&begin=1404755&end=1408995;1404755;1408995;PBC014;;0,031655093;fisso;https://search.corpuskiparla.it/corpus/conversations/PBC014.html;https://search.corpuskiparla.it/corpus/conversations/PBC014_jefferson.html;;;;;sì;asimmetrico;;;2;intervista semistrutturata;dare un casino di soldi alla moglie e ai figli e // vengono qua // accidenti // gente he non ha più soldi da pagare il mutuo e;allora;sono xx lì // // xx quindi questo è è anche aumentato immagino dopo la guerra? cioè dopo questa guerra? oppure cioè dopo;1;;1;;;;;;;;;;;;;;;;;;;;;;;;;;;;;
PBC014;#2010277;doc#281;2022;https://search.corpuskiparla.it/corpus/player/player.cgi?code=PBC014&begin=2702630&end=2707510;2702630;2707510;PBC014;;0,031655093;fisso;https://search.corpuskiparla.it/corpus/conversations/PBC014.html;https://search.corpuskiparla.it/corpus/conversations/PBC014_jefferson.html;;;;;sì;asimmetrico;;;2;intervista semistrutturata;importanti certe strutture della città quindi diciamo // signorina mi scusi ma ma // ah // ha ancora molto? da // ah e;allora;io direi che più o meno ho fatto più o meno comunque ho fatto più o meno ( molte domande // sì sì no perché sa io dovrei andar;;;;;1;;;;;;;;;;;1;;;;;;1;;;;;;;;;;
KPN014;#2021931;doc#283;2020;https://search.corpuskiparla.it/corpus/player/player.cgi?code=KPN014&begin=200410&end=206430;200410;206430;KPN014;;0,037407407;libero;https://search.corpuskiparla.it/corpus/conversations/KPN014.html;https://search.corpuskiparla.it/corpus/conversations/KPN014_jefferson.html;;;;;no;simmetrico;;;2;pasto;diverso sicuramente questo // mh // scusa // ci porteresti una bottiglia divino // sì // grazie // fatto // oh yeah // //;allora;per il primo secondo mi sembra di spezzare tipo un amare~ un amaretto // dopo // e poi sa di prugna // sa anche di vino // e poi;;;;;1;;1;;;;;;;;;;;1;;;;;;;;;;;;;;
PBC021;#2058693;doc#288;2022;https://search.corpuskiparla.it/corpus/player/player.cgi?code=PBC021&begin=1666000&end=1668060;1666000;1668060;PBC021;;0,036006944;fisso;https://search.corpuskiparla.it/corpus/conversations/PBC021.html;https://search.corpuskiparla.it/corpus/conversations/PBC021_jefferson.html;;;;;sì;asimmetrico;;;2;intervista semistrutturata;nel senso // non so // che andava più spesso in punizione // c''è // sì quello sì perchè // eh // perchè era iperattivo e;allora;// e // ti ricordi qualche episodio che // hanno combinato // eh ne hanno combinate di tante // tipo? // ah beh // anche;1;;1;;;;;;;;;;;;;;;;;;;;;;;;;;;;;
PBC021;#2062448;doc#288;2022;https://search.corpuskiparla.it/corpus/player/player.cgi?code=PBC021&begin=2927304&end=2934430;2927304;2934430;PBC021;;0,036006944;fisso;https://search.corpuskiparla.it/corpus/conversations/PBC021.html;https://search.corpuskiparla.it/corpus/conversations/PBC021_jefferson.html;;;;;sì;asimmetrico;;;2;intervista semistrutturata;si raccord~ e si ricordava qualcosa di più perchè lui era già grandino aveva sette otto anni dieci anni // ah è vero //;allora;lui si ricordava i tedeschi si ricordava gli americani quando sono venuti ma io queste cose non me le ricordo // ma il;;;;;1;;;;;;;;;;;;;;;;;;;;;;;;;;;
TOD1014;#2063756;doc#289;2019;https://search.corpuskiparla.it/corpus/player/player.cgi?code=TOD1014&begin=248649&end=249322;248649;249322;TOD1014;;0,120266204;fisso;https://search.corpuskiparla.it/corpus/conversations/TOD1014.html;https://search.corpuskiparla.it/corpus/conversations/TOD1014_jefferson.html;;;;;no;asimmetrico;;;1;lezione;questo questo campo semplicemente // okay sì // va bene // quindi scenografia // prego // io prendo un po'' di appunti //;allora;// io sono monica // sì // non penso di avere conoscenze pregresse // ho fatto un corso di visual merchandising // mh //;;;;;;;;;;;;;;;;;;;;;;;;;;;;;;;;
TOD1014;#2073039;doc#289;2019;https://search.corpuskiparla.it/corpus/player/player.cgi?code=TOD1014&begin=3793316&end=3794155;3793316;3794155;TOD1014;;0,120266204;fisso;https://search.corpuskiparla.it/corpus/conversations/TOD1014.html;https://search.corpuskiparla.it/corpus/conversations/TOD1014_jefferson.html;;;;;no;asimmetrico;;;1;lezione;che cosa indossare // e perché bisogna // che ci costruiamo la maschera pubblica // no? // quando usciamo per strada // e;allora;lì già // si introduce un elemento psicologico a volte ansiogeno // con le donne // cosa mi metto? // come mi faccio i;1;;1;;;;;;;;;;;;;;;;;;;;;;;;;;;;;non sento allora
TOD1014;#2075757;doc#289;2019;https://search.corpuskiparla.it/corpus/player/player.cgi?code=TOD1014&begin=5011722&end=5017242;5011722;5017242;TOD1014;;0,120266204;fisso;https://search.corpuskiparla.it/corpus/conversations/TOD1014.html;https://search.corpuskiparla.it/corpus/conversations/TOD1014_jefferson.html;;;;;no;asimmetrico;;;1;lezione;ci cambino aula dal forse saremo in aula due che è più grande // e lui lo mettono qua // vediamo poi mh poi vediamo // allora;allora;la ferragni la ferragni è un fenomeno completamente // diverso cioè in realtà // le influencer // eh // sono // eh // eh //;;;;;1;1;;;;;;;;;;1;;;;;;1;;;;;;;;;1;ascoltando una porzione di testo più ampia di quella data qui mi è parso che e allora funga da congiunzione (dice una cosa tipo quando esci per strada hai bisogno di costruirti una maschera pubblica E ALLORA ti viene l'ansia)
TOD1014;#2081266;doc#289;2019;https://search.corpuskiparla.it/corpus/player/player.cgi?code=TOD1014&begin=7436191&end=7439714;7436191;7439714;TOD1014;;0,120266204;fisso;https://search.corpuskiparla.it/corpus/conversations/TOD1014.html;https://search.corpuskiparla.it/corpus/conversations/TOD1014_jefferson.html;;;;;no;asimmetrico;;;1;lezione;via tipo // cioè non può frequentare // questo è il senso // ehm no potrei anche non frequentare storia // nel senso che;allora;per sapere se ci fosse magari un'' altra xxx // no purtroppo no // al secondo semestre c'' è forme e linguaggi della moda //;;;;;;;;;;;;;;;;;;;;;;;;;;;;;;;;
TOD1014;#2083345;doc#289;2019;https://search.corpuskiparla.it/corpus/player/player.cgi?code=TOD1014&begin=8217343&end=8219286;8217343;8219286;TOD1014;;0,120266204;fisso;https://search.corpuskiparla.it/corpus/conversations/TOD1014.html;https://search.corpuskiparla.it/corpus/conversations/TOD1014_jefferson.html;;;;;no;asimmetrico;;;1;lezione;ci dicono qualcosa // questa è una // abbiamo un altro look // poi // questo // poi quest'' altro // questo è milano //;allora;che cosa vi dicono queste foto? // perché sono alla moda? // che cos'' hanno in comune? // sono stili simili secondo voi? //;;;;;1;;;;;;;;;;;1;;;;;;;;;;;;;;;;audio poco chiaro in corrispondenza dell'occorrenza, non mi pare di sentire allora
PBB013;#2088391;doc#290;2022;https://search.corpuskiparla.it/corpus/player/player.cgi?code=PBB013&begin=422332&end=427014;422332;427014;PBB013;;0,020185185;fisso;https://search.corpuskiparla.it/corpus/conversations/PBB013.html;https://search.corpuskiparla.it/corpus/conversations/PBB013_jefferson.html;;;;;sì;asimmetrico;;;2;intervista semistrutturata;// si possono considerare diciamo in~ mh limitati a determinate aree o che si stanno espandendo un po'' dappertutto? //;allora;ci sono delle aree che hanno il problema che si sente di più // altre aree hanno dei problemi diversi poi ci sono le secondo;;;;;1;;1;;;;;;;;;;;1;;;;;;;;;;;;;;
BOC1003;#2117256;doc#295;2017/18;https://search.corpuskiparla.it/corpus/player/player.cgi?code=BOC1003&begin=23028&end=25050;23028;25050;BOC1003;;0,017199074;fisso;https://search.corpuskiparla.it/corpus/conversations/BOC1003.html;https://search.corpuskiparla.it/corpus/conversations/BOC1003_jefferson.html;;;;;sì;asimmetrico;;;2;esame;// salve // buongiorno // chiudo o? // mah un po'' sì perché c'' è freddo sento un'' assibiola arrivare da lì // salve //;allora;lei che biblioteca porta? // io porto la biblioteca della casa del fascio di bologna // ah mi ricordo bellissima // e ho;;;;;1;;1;;;;;;;;;1;;;;;;;;;;;;;;;;
BOD1006;#2127549;doc#298;2017/18;https://search.corpuskiparla.it/corpus/player/player.cgi?code=BOD1006&begin=229490&end=233343;229490;233343;BOD1006;;0,063275463;fisso;https://search.corpuskiparla.it/corpus/conversations/BOD1006.html;https://search.corpuskiparla.it/corpus/conversations/BOD1006_jefferson.html;;;;;no;asimmetrico;;;1;lezione;storia che stava riassumendo dalla la storia di xxx mi sa che non è non è delle xx // eh // se vuole le lascio due minuti // //;allora;dicevo che nella terza scena del secondo atto // le parole di eh del professor paolino // contrastano con con quello che;;;;;1;;;;;;;;;;;1;;;;;;;;;;;;;;;;
BOD1006;#2128919;doc#298;2017/18;https://search.corpuskiparla.it/corpus/player/player.cgi?code=BOD1006&begin=892310&end=894521;892310;894521;BOD1006;;0,063275463;fisso;https://search.corpuskiparla.it/corpus/conversations/BOD1006.html;https://search.corpuskiparla.it/corpus/conversations/BOD1006_jefferson.html;;;;;no;asimmetrico;;;1;lezione;l'' abbandono alla volontà divina // ripeto verginità purezza // fecondità e abbandono alla volontà divina //;allora;però dicevamo ambiguità // il giglio rappresenta la purezza // che sarebbe la virtù la signora perella // rappresenta;;;;;1;1;;;;;;;;;;1;;;;;;;;;;;;;;;;
BOD1006;#2134081;doc#298;2017/18;https://search.corpuskiparla.it/corpus/player/player.cgi?code=BOD1006&begin=3310780&end=3314245;3310780;3314245;BOD1006;;0,063275463;fisso;https://search.corpuskiparla.it/corpus/conversations/BOD1006.html;https://search.corpuskiparla.it/corpus/conversations/BOD1006_jefferson.html;;;;;no;asimmetrico;;;1;lezione;stride // con il comportamento in società // stride con // con i comportamenti che per questo sono definiti ipocriti //;allora;è proprio questa simbologia animalesca // sulla quale pirandello insiste moltissimo anche nelle sue lettere a;;;;;1;;;;;;;;;;;1;;;;;;;;;;;;;;;;
BOD1006;#2136657;doc#298;2017/18;https://search.corpuskiparla.it/corpus/player/player.cgi?code=BOD1006&begin=4534616&end=4539060;4534616;4539060;BOD1006;;0,063275463;fisso;https://search.corpuskiparla.it/corpus/conversations/BOD1006.html;https://search.corpuskiparla.it/corpus/conversations/BOD1006_jefferson.html;;;;;no;asimmetrico;;;1;lezione;// che richiede una precisazione ed è il tema della casa // xx uno come lei che xx // è uno come lei che sta andando // sì //;allora;dicevo la la casa è un motivo che ricorre spesso in pirandello // e e da vari punti di vista // e qui abbiamo almeno due;;;;;1;;;;;;;;;;;1;;;;;;;;;;;;;;;;
BOD1006;#2138828;doc#298;2017/18;https://search.corpuskiparla.it/corpus/player/player.cgi?code=BOD1006&begin=5441054&end=5443792;5441054;5443792;BOD1006;;0,063275463;fisso;https://search.corpuskiparla.it/corpus/conversations/BOD1006.html;https://search.corpuskiparla.it/corpus/conversations/BOD1006_jefferson.html;;;;;no;asimmetrico;;;1;lezione;vada al diavolo? // l'' avrei più caro l'' avrei più caro vi assicuro // o almeno santo dio non dirmi nulla ecco // già lei;allora;direbbe che maleducati // giustissimo perché la civiltà vuole che si auguri il buongiorno a uno che volentieri si;1;;;;;;;;;;;;;;;;;;;;;;;;;;;;;;;
PTD019;#2139714;doc#299;2019;https://search.corpuskiparla.it/corpus/player/player.cgi?code=PTD019&begin=273495&end=275093;273495;275093;PTD019;;0,038043981;fisso;https://search.corpuskiparla.it/corpus/conversations/PTD019.html;https://search.corpuskiparla.it/corpus/conversations/PTD019_jefferson.html;;;;;sì;asimmetrico;;;4;intervista semistrutturata;io che diffonde // e comunica le notifiche non solo tramite mail ma anche con telegram // okay // okay perfetto //;allora;da quanto tempo fate questo lavoro? // eh vent''anni credo okay // okay // in questa società o in assoluto? // no in;;;;;1;;1;;;;;;;;;1;;;;;;;;;;;;;;;;
PTD019;#2146964;doc#299;2019;https://search.corpuskiparla.it/corpus/player/player.cgi?code=PTD019&begin=2352055&end=2354603;2352055;2354603;PTD019;;0,038043981;fisso;https://search.corpuskiparla.it/corpus/conversations/PTD019.html;https://search.corpuskiparla.it/corpus/conversations/PTD019_jefferson.html;;;;;sì;asimmetrico;;;4;intervista semistrutturata;un po'' vecchio? // a te non // son solo vecchi pensionati e vecchie pensionate // vabbè anche qua eh // ma ti dico da una cioè;allora;// punto di da un punto di vista dell''universitario // ovviamente // quando vivevo san salvario cioè boh è una figata;;;;;1;1;;;;;;;;;;;;1;;;;;;;;;;;;;;
PTD019;#2149282;doc#299;2019;https://search.corpuskiparla.it/corpus/player/player.cgi?code=PTD019&begin=2999814&end=3004546;2999814;3004546;PTD019;;0,038043981;fisso;https://search.corpuskiparla.it/corpus/conversations/PTD019.html;https://search.corpuskiparla.it/corpus/conversations/PTD019_jefferson.html;;;;;sì;asimmetrico;;;4;intervista semistrutturata;a rispondere // // ma anche perchè non ho ancora deciso cosa rispondere // allora cosa faccio durante il tempo libero //;allora;io non ho grosse passioni non a parte il longboard di cui parlavo prima // okay // e il mercato il merca~ // non sono un;;;;;1;;;;;;;;;;;;;1;;;;;;;;;;;;;;
PTB019;#2156487;doc#300;2019;https://search.corpuskiparla.it/corpus/player/player.cgi?code=PTB019&begin=1974710&end=1977189;1974710;1977189;PTB019;;0,0303125;fisso;https://search.corpuskiparla.it/corpus/conversations/PTB019.html;https://search.corpuskiparla.it/corpus/conversations/PTB019_jefferson.html;;;;;sì;asimmetrico;;;3;intervista semistrutturata;// è molto migliorato // cioè rispetto // a // poi un po'' alla volta x x xxx xx sopra // x trent''anni fa // vabbè quella non // e;allora;per i figl~ vabbè eh scusa // poi per dire come // xxx // xx questi // che abbiamo comprato tre case // mhmh // quindi // ho;;;;;;;;;;;;;;;;;;;;;;;;;;;;;;;;
PTB019;#2158715;doc#300;2019;https://search.corpuskiparla.it/corpus/player/player.cgi?code=PTB019&begin=2592248&end=2593324;2592248;2593324;PTB019;;0,0303125;fisso;https://search.corpuskiparla.it/corpus/conversations/PTB019.html;https://search.corpuskiparla.it/corpus/conversations/PTB019_jefferson.html;;;;;sì;asimmetrico;;;3;intervista semistrutturata;che spendi // ma lo pensavamo anche prima // però in maniera diversa // cioè proprio // diverse le cose // va bene // va bene;allora;io // non so se siamo stati esaurienti // siete stati utilissimi // e gentilissimi soprattutto // eh // xxx // io vi;;;;;1;1;;;;;;;;;;1;;;;;;;;;;;;;;;;audio non chiaro, non sento allora
BOC1001;#2160680;doc#301;2017/18;https://search.corpuskiparla.it/corpus/player/player.cgi?code=BOC1001&begin=818628&end=820148;818628;820148;BOC1001;;0,010138889;fisso;https://search.corpuskiparla.it/corpus/conversations/BOC1001.html;https://search.corpuskiparla.it/corpus/conversations/BOC1001_jefferson.html;;;;;sì;asimmetrico;;;2;esame;fu congelata // e // e non si applico per volontà // la russia sicuramente // brava la russia // bene // le do trenta //;allora;torniamo // non le do la lode perché mi hamh dimenticato palermo e mi ha detto prefectis // ma lei potrà prendere la lode;;;;;1;;1;;;;;;;;;1;;;;;;;;;;;;;;;;
KPS017;#2184727;doc#304;2022;https://search.corpuskiparla.it/corpus/player/player.cgi?code=KPS017&begin=918730&end=920650;918730;920650;KPS017;;0,028043981;libero;https://search.corpuskiparla.it/corpus/conversations/KPS017.html;https://search.corpuskiparla.it/corpus/conversations/KPS017_jefferson.html;;;;;no;simmetrico;;;4;pasto;è fine fine // sto cercando la foto eh // // non riesco ad immaginare il sapore della farinata sinceramente // è s~ s~ è è;allora;è è un piatto è un piatto // xx // no ce n''è altro // no no no // è un piatto // tranquillo // e marco? // no nonno no no no no no no no;;;;;1;;;;;;;;;;;;;1;;;;;;;;;;;;;;
KPS017;#2187181;doc#304;2022;https://search.corpuskiparla.it/corpus/player/player.cgi?code=KPS017&begin=1415810&end=1418922;1415810;1418922;KPS017;;0,028043981;libero;https://search.corpuskiparla.it/corpus/conversations/KPS017.html;https://search.corpuskiparla.it/corpus/conversations/KPS017_jefferson.html;;;;;no;simmetrico;;;4;pasto;eh // papi mi ha // // papi // // ho scoperto che // piola è sardo proprio // ch~ non so se d~ se cioè de~ deriva dal torinese //;allora;è qualche sardo lì che è andato a torino e sa piola // // // // perchè // lì lì si chiamano l~ le le piole son le le trattorie no?;;;;;1;;;;;;;;;;;;;;;;;;;1;;;;;;;;
PBB023;#2196067;doc#305;2023;https://search.corpuskiparla.it/corpus/player/player.cgi?code=PBB023&begin=1036540&end=1046105;1036540;1046105;PBB023;;0,023449074;fisso;https://search.corpuskiparla.it/corpus/conversations/PBB023.html;https://search.corpuskiparla.it/corpus/conversations/PBB023_jefferson.html;;;;;sì;asimmetrico;;;4;intervista semistrutturata;lei è stata in indonesia sì insomma // e di solito d''estate partite mh o insomma magari sono occasioni di lavoro come // no;allora;da quando abbiamo i cani noi in estate partiamo però tendenzialmente andiamo sui paesi del nord // d''estate partiamo //;;;;;1;;;;;;;;;;;1;;1;;;;;;;;;;;;;;
PBB023;#2196714;doc#305;2023;https://search.corpuskiparla.it/corpus/player/player.cgi?code=PBB023&begin=1243740&end=1253267;1243740;1253267;PBB023;;0,023449074;fisso;https://search.corpuskiparla.it/corpus/conversations/PBB023.html;https://search.corpuskiparla.it/corpus/conversations/PBB023_jefferson.html;;;;;sì;asimmetrico;;;4;intervista semistrutturata;eravamo in danimarca // e do~ dove va be~ va bene lo stesso insomma // eh oddio // no in danimarca no perchè abbiam prova~;allora;mh diciamo che loro il loro pranzo tipico è una vaschetta con dentro di tutto // forse in albania // mh // non so;;;;;1;1;;;;;;;;;;1;;;1;;;;;;;;;;;;;
PBB023;#2198707;doc#305;2023;https://search.corpuskiparla.it/corpus/player/player.cgi?code=PBB023&begin=1780910&end=1788030;1780910;1788030;PBB023;;0,023449074;fisso;https://search.corpuskiparla.it/corpus/conversations/PBB023.html;https://search.corpuskiparla.it/corpus/conversations/PBB023_jefferson.html;;;;;sì;asimmetrico;;;4;intervista semistrutturata;di farli dei figli e quindi ha tre femmine invece loro son due maschi // due fratelli // basta non ho altro da dire // dai;allora;vi faccio un''ultima domanda sempre sulle tradizioni e poi insomma siete stati bravissimi possiamo anche concludere;;;;;1;1;;;;;;;;;;1;;;;;;;;1;;;;;;;;
PTD022;#2199723;doc#306;2019;https://search.corpuskiparla.it/corpus/player/player.cgi?code=PTD022&begin=17908&end=20160;17908;20160;PTD022;;0,009155093;fisso;https://search.corpuskiparla.it/corpus/conversations/PTD022.html;https://search.corpuskiparla.it/corpus/conversations/PTD022_jefferson.html;;;;;sì;asimmetrico;;;2;intervista semistrutturata;a fare // okay // il grafico diciamo // okay // e in pratica in cosa consiste il tuo lavoro cioè la tua giornata? // ma;allora;adesso diciamo che io prima ho iniziato // come dipendente poi da tre qua~ tre anni e mezzo // ho preso la strada del;;;;;;;;;;;;;;;;;;;;;;;;;;;;;;;;
KPN001;#2212843;doc#309;2020;https://search.corpuskiparla.it/corpus/player/player.cgi?code=KPN001&begin=193982&end=196636;193982;196636;KPN001;;0,037048611;libero;https://search.corpuskiparla.it/corpus/conversations/KPN001.html;https://search.corpuskiparla.it/corpus/conversations/KPN001_jefferson.html;;;;;no;simmetrico;;;2;pasto;ho detto mah figo bello mi so~ mi son gasata ho detto ah ottimo fantastico // e lui si gira e fa lo conosci? // e io no però // ah;allora;cosa dici fantastico // vabbè la prossima volta dico che schifo cioè scusa // ma infatti ci son rimasta malissimo e ho;;;;;1;1;;;;;;;;;;1;;;;;;;;;;;;;;;;il turno viene preso xon ma, non si sente allora nell'adio 
